#! /usr/local/bin/vvp
:ivl_version "11.0 (stable)" "(v11_0)";
:ivl_delay_selection "TYPICAL";
:vpi_time_precision + 0;
:vpi_module "/usr/local/lib/ivl/system.vpi";
:vpi_module "/usr/local/lib/ivl/vhdl_sys.vpi";
:vpi_module "/usr/local/lib/ivl/vhdl_textio.vpi";
:vpi_module "/usr/local/lib/ivl/v2005_math.vpi";
:vpi_module "/usr/local/lib/ivl/va_math.vpi";
S_0x555555847f60 .scope module, "FORCE_LIMITERpuget" "FORCE_LIMITERpuget" 2 67;
 .timescale 0 0;
    .port_info 0 /INOUT 1 "GND";
    .port_info 1 /INOUT 1 "porb";
    .port_info 2 /OUTPUT 1 "CELG59462";
    .port_info 3 /OUTPUT 1 "CELV96848";
    .port_info 4 /OUTPUT 1 "PORB97836";
    .port_info 5 /INOUT 1 "meas_cap_0";
    .port_info 6 /INOUT 1 "meas_cap_1";
    .port_info 7 /INOUT 1 "meas_cap_2";
    .port_info 8 /INOUT 1 "meas_cap_3";
    .port_info 9 /INOUT 1 "meas_cap_4";
    .port_info 10 /INOUT 1 "meas_cap_5";
    .port_info 11 /INOUT 1 "meas_cap_6";
    .port_info 12 /INOUT 1 "meas_cap_7";
    .port_info 13 /INOUT 1 "meas_cap_8";
    .port_info 14 /INOUT 1 "meas_cap_9";
    .port_info 15 /INOUT 1 "meas_esr_0";
    .port_info 16 /INOUT 1 "meas_esr_1";
    .port_info 17 /INOUT 1 "meas_esr_2";
    .port_info 18 /INOUT 1 "meas_esr_3";
    .port_info 19 /INOUT 1 "meas_esr_4";
    .port_info 20 /INOUT 1 "meas_esr_5";
    .port_info 21 /INOUT 1 "meas_esr_6";
    .port_info 22 /INOUT 1 "meas_esr_7";
    .port_info 23 /INOUT 1 "meas_esr_8";
    .port_info 24 /INOUT 1 "meas_esr_9";
    .port_info 25 /INOUT 1 "meas_gpi_0";
    .port_info 26 /INOUT 1 "meas_gpi_1";
    .port_info 27 /INOUT 1 "meas_gpi_2";
    .port_info 28 /INOUT 1 "meas_gpi_3";
    .port_info 29 /INOUT 1 "meas_gpi_4";
    .port_info 30 /INOUT 1 "meas_gpi_5";
    .port_info 31 /INOUT 1 "meas_gpi_6";
    .port_info 32 /INOUT 1 "meas_gpi_7";
    .port_info 33 /INOUT 1 "meas_gpi_8";
    .port_info 34 /INOUT 1 "meas_gpi_9";
    .port_info 35 /INOUT 1 "meas_iin_0";
    .port_info 36 /INOUT 1 "meas_iin_1";
    .port_info 37 /INOUT 1 "meas_iin_2";
    .port_info 38 /INOUT 1 "meas_iin_3";
    .port_info 39 /INOUT 1 "meas_iin_4";
    .port_info 40 /INOUT 1 "meas_iin_5";
    .port_info 41 /INOUT 1 "meas_iin_6";
    .port_info 42 /INOUT 1 "meas_iin_7";
    .port_info 43 /INOUT 1 "meas_iin_8";
    .port_info 44 /INOUT 1 "meas_iin_9";
    .port_info 45 /INOUT 1 "meas_vin_0";
    .port_info 46 /INOUT 1 "meas_vin_1";
    .port_info 47 /INOUT 1 "meas_vin_2";
    .port_info 48 /INOUT 1 "meas_vin_3";
    .port_info 49 /INOUT 1 "meas_vin_4";
    .port_info 50 /INOUT 1 "meas_vin_5";
    .port_info 51 /INOUT 1 "meas_vin_6";
    .port_info 52 /INOUT 1 "meas_vin_7";
    .port_info 53 /INOUT 1 "meas_vin_8";
    .port_info 54 /INOUT 1 "meas_vin_9";
    .port_info 55 /OUTPUT 1 "CELSUB40948";
    .port_info 56 /INOUT 1 "alert_clear";
    .port_info 57 /INOUT 1 "meas_cap_10";
    .port_info 58 /INOUT 1 "meas_cap_11";
    .port_info 59 /INOUT 1 "meas_cap_12";
    .port_info 60 /INOUT 1 "meas_cap_13";
    .port_info 61 /INOUT 1 "meas_cap_14";
    .port_info 62 /INOUT 1 "meas_cap_15";
    .port_info 63 /INOUT 1 "meas_esr_10";
    .port_info 64 /INOUT 1 "meas_esr_11";
    .port_info 65 /INOUT 1 "meas_esr_12";
    .port_info 66 /INOUT 1 "meas_esr_13";
    .port_info 67 /INOUT 1 "meas_esr_14";
    .port_info 68 /INOUT 1 "meas_esr_15";
    .port_info 69 /INOUT 1 "meas_gpi_10";
    .port_info 70 /INOUT 1 "meas_gpi_11";
    .port_info 71 /INOUT 1 "meas_gpi_12";
    .port_info 72 /INOUT 1 "meas_gpi_13";
    .port_info 73 /INOUT 1 "meas_gpi_14";
    .port_info 74 /INOUT 1 "meas_gpi_15";
    .port_info 75 /INOUT 1 "meas_iin_10";
    .port_info 76 /INOUT 1 "meas_iin_11";
    .port_info 77 /INOUT 1 "meas_iin_12";
    .port_info 78 /INOUT 1 "meas_iin_13";
    .port_info 79 /INOUT 1 "meas_iin_14";
    .port_info 80 /INOUT 1 "meas_iin_15";
    .port_info 81 /INOUT 1 "meas_vcap_0";
    .port_info 82 /INOUT 1 "meas_vcap_1";
    .port_info 83 /INOUT 1 "meas_vcap_2";
    .port_info 84 /INOUT 1 "meas_vcap_3";
    .port_info 85 /INOUT 1 "meas_vcap_4";
    .port_info 86 /INOUT 1 "meas_vcap_5";
    .port_info 87 /INOUT 1 "meas_vcap_6";
    .port_info 88 /INOUT 1 "meas_vcap_7";
    .port_info 89 /INOUT 1 "meas_vcap_8";
    .port_info 90 /INOUT 1 "meas_vcap_9";
    .port_info 91 /INOUT 1 "meas_vin_10";
    .port_info 92 /INOUT 1 "meas_vin_11";
    .port_info 93 /INOUT 1 "meas_vin_12";
    .port_info 94 /INOUT 1 "meas_vin_13";
    .port_info 95 /INOUT 1 "meas_vin_14";
    .port_info 96 /INOUT 1 "meas_vin_15";
    .port_info 97 /INOUT 1 "meas_vout_0";
    .port_info 98 /INOUT 1 "meas_vout_1";
    .port_info 99 /INOUT 1 "meas_vout_2";
    .port_info 100 /INOUT 1 "meas_vout_3";
    .port_info 101 /INOUT 1 "meas_vout_4";
    .port_info 102 /INOUT 1 "meas_vout_5";
    .port_info 103 /INOUT 1 "meas_vout_6";
    .port_info 104 /INOUT 1 "meas_vout_7";
    .port_info 105 /INOUT 1 "meas_vout_8";
    .port_info 106 /INOUT 1 "meas_vout_9";
    .port_info 107 /INOUT 1 "meas_dtemp_0";
    .port_info 108 /INOUT 1 "meas_dtemp_1";
    .port_info 109 /INOUT 1 "meas_dtemp_2";
    .port_info 110 /INOUT 1 "meas_dtemp_3";
    .port_info 111 /INOUT 1 "meas_dtemp_4";
    .port_info 112 /INOUT 1 "meas_dtemp_5";
    .port_info 113 /INOUT 1 "meas_dtemp_6";
    .port_info 114 /INOUT 1 "meas_dtemp_7";
    .port_info 115 /INOUT 1 "meas_dtemp_8";
    .port_info 116 /INOUT 1 "meas_dtemp_9";
    .port_info 117 /INOUT 1 "meas_ichrg_0";
    .port_info 118 /INOUT 1 "meas_ichrg_1";
    .port_info 119 /INOUT 1 "meas_ichrg_2";
    .port_info 120 /INOUT 1 "meas_ichrg_3";
    .port_info 121 /INOUT 1 "meas_ichrg_4";
    .port_info 122 /INOUT 1 "meas_ichrg_5";
    .port_info 123 /INOUT 1 "meas_ichrg_6";
    .port_info 124 /INOUT 1 "meas_ichrg_7";
    .port_info 125 /INOUT 1 "meas_ichrg_8";
    .port_info 126 /INOUT 1 "meas_ichrg_9";
    .port_info 127 /INOUT 1 "meas_vcap1_0";
    .port_info 128 /INOUT 1 "meas_vcap1_1";
    .port_info 129 /INOUT 1 "meas_vcap1_2";
    .port_info 130 /INOUT 1 "meas_vcap1_3";
    .port_info 131 /INOUT 1 "meas_vcap1_4";
    .port_info 132 /INOUT 1 "meas_vcap1_5";
    .port_info 133 /INOUT 1 "meas_vcap1_6";
    .port_info 134 /INOUT 1 "meas_vcap1_7";
    .port_info 135 /INOUT 1 "meas_vcap1_8";
    .port_info 136 /INOUT 1 "meas_vcap1_9";
    .port_info 137 /INOUT 1 "meas_vcap2_0";
    .port_info 138 /INOUT 1 "meas_vcap2_1";
    .port_info 139 /INOUT 1 "meas_vcap2_2";
    .port_info 140 /INOUT 1 "meas_vcap2_3";
    .port_info 141 /INOUT 1 "meas_vcap2_4";
    .port_info 142 /INOUT 1 "meas_vcap2_5";
    .port_info 143 /INOUT 1 "meas_vcap2_6";
    .port_info 144 /INOUT 1 "meas_vcap2_7";
    .port_info 145 /INOUT 1 "meas_vcap2_8";
    .port_info 146 /INOUT 1 "meas_vcap2_9";
    .port_info 147 /INOUT 1 "meas_vcap3_0";
    .port_info 148 /INOUT 1 "meas_vcap3_1";
    .port_info 149 /INOUT 1 "meas_vcap3_2";
    .port_info 150 /INOUT 1 "meas_vcap3_3";
    .port_info 151 /INOUT 1 "meas_vcap3_4";
    .port_info 152 /INOUT 1 "meas_vcap3_5";
    .port_info 153 /INOUT 1 "meas_vcap3_6";
    .port_info 154 /INOUT 1 "meas_vcap3_7";
    .port_info 155 /INOUT 1 "meas_vcap3_8";
    .port_info 156 /INOUT 1 "meas_vcap3_9";
    .port_info 157 /INOUT 1 "meas_vcap4_0";
    .port_info 158 /INOUT 1 "meas_vcap4_1";
    .port_info 159 /INOUT 1 "meas_vcap4_2";
    .port_info 160 /INOUT 1 "meas_vcap4_3";
    .port_info 161 /INOUT 1 "meas_vcap4_4";
    .port_info 162 /INOUT 1 "meas_vcap4_5";
    .port_info 163 /INOUT 1 "meas_vcap4_6";
    .port_info 164 /INOUT 1 "meas_vcap4_7";
    .port_info 165 /INOUT 1 "meas_vcap4_8";
    .port_info 166 /INOUT 1 "meas_vcap4_9";
    .port_info 167 /INOUT 1 "meas_vcap_10";
    .port_info 168 /INOUT 1 "meas_vcap_11";
    .port_info 169 /INOUT 1 "meas_vcap_12";
    .port_info 170 /INOUT 1 "meas_vcap_13";
    .port_info 171 /INOUT 1 "meas_vcap_14";
    .port_info 172 /INOUT 1 "meas_vcap_15";
    .port_info 173 /INOUT 1 "meas_vout_10";
    .port_info 174 /INOUT 1 "meas_vout_11";
    .port_info 175 /INOUT 1 "meas_vout_12";
    .port_info 176 /INOUT 1 "meas_vout_13";
    .port_info 177 /INOUT 1 "meas_vout_14";
    .port_info 178 /INOUT 1 "meas_vout_15";
    .port_info 179 /OUTPUT 1 "clock_limiter";
    .port_info 180 /INOUT 1 "meas_dtemp_10";
    .port_info 181 /INOUT 1 "meas_dtemp_11";
    .port_info 182 /INOUT 1 "meas_dtemp_12";
    .port_info 183 /INOUT 1 "meas_dtemp_13";
    .port_info 184 /INOUT 1 "meas_dtemp_14";
    .port_info 185 /INOUT 1 "meas_dtemp_15";
    .port_info 186 /INOUT 1 "meas_ichrg_10";
    .port_info 187 /INOUT 1 "meas_ichrg_11";
    .port_info 188 /INOUT 1 "meas_ichrg_12";
    .port_info 189 /INOUT 1 "meas_ichrg_13";
    .port_info 190 /INOUT 1 "meas_ichrg_14";
    .port_info 191 /INOUT 1 "meas_ichrg_15";
    .port_info 192 /INOUT 1 "meas_vcap1_10";
    .port_info 193 /INOUT 1 "meas_vcap1_11";
    .port_info 194 /INOUT 1 "meas_vcap1_12";
    .port_info 195 /INOUT 1 "meas_vcap1_13";
    .port_info 196 /INOUT 1 "meas_vcap1_14";
    .port_info 197 /INOUT 1 "meas_vcap1_15";
    .port_info 198 /INOUT 1 "meas_vcap2_10";
    .port_info 199 /INOUT 1 "meas_vcap2_11";
    .port_info 200 /INOUT 1 "meas_vcap2_12";
    .port_info 201 /INOUT 1 "meas_vcap2_13";
    .port_info 202 /INOUT 1 "meas_vcap2_14";
    .port_info 203 /INOUT 1 "meas_vcap2_15";
    .port_info 204 /INOUT 1 "meas_vcap3_10";
    .port_info 205 /INOUT 1 "meas_vcap3_11";
    .port_info 206 /INOUT 1 "meas_vcap3_12";
    .port_info 207 /INOUT 1 "meas_vcap3_13";
    .port_info 208 /INOUT 1 "meas_vcap3_14";
    .port_info 209 /INOUT 1 "meas_vcap3_15";
    .port_info 210 /INOUT 1 "meas_vcap4_10";
    .port_info 211 /INOUT 1 "meas_vcap4_11";
    .port_info 212 /INOUT 1 "meas_vcap4_12";
    .port_info 213 /INOUT 1 "meas_vcap4_13";
    .port_info 214 /INOUT 1 "meas_vcap4_14";
    .port_info 215 /INOUT 1 "meas_vcap4_15";
    .port_info 216 /INOUT 1 "enable_limiter";
    .port_info 217 /OUTPUT 16 "register_alarm_reg_15";
    .port_info 218 /OUTPUT 1 "register_clr_cap_ov_1";
    .port_info 219 /INOUT 1 "register_clr_cap_uv_0";
    .port_info 220 /INOUT 1 "register_clr_gpi_ov_3";
    .port_info 221 /INOUT 1 "register_clr_gpi_uv_2";
    .port_info 222 /OUTPUT 16 "register_cap_lo_lvl_15";
    .port_info 223 /OUTPUT 16 "register_cap_ov_lvl_15";
    .port_info 224 /OUTPUT 16 "register_cap_uv_lvl_15";
    .port_info 225 /OUTPUT 16 "register_gpi_ov_lvl_15";
    .port_info 226 /OUTPUT 16 "register_gpi_uv_lvl_15";
    .port_info 227 /OUTPUT 16 "register_iin_oc_lvl_15";
    .port_info 228 /OUTPUT 16 "register_vin_ov_lvl_15";
    .port_info 229 /OUTPUT 16 "register_vin_uv_lvl_15";
    .port_info 230 /INOUT 1 "register_clear_vin_ov_5";
    .port_info 231 /INOUT 1 "register_clear_vin_uv_4";
    .port_info 232 /INOUT 1 "register_clr_cap_low_15";
    .port_info 233 /OUTPUT 16 "register_ichg_uc_lvl_15";
    .port_info 234 /OUTPUT 16 "register_mask_alarms_15";
    .port_info 235 /OUTPUT 16 "register_vcap_ov_lvl_15";
    .port_info 236 /OUTPUT 16 "register_vcap_uv_lvl_15";
    .port_info 237 /OUTPUT 16 "register_vout_ov_lvl_15";
    .port_info 238 /OUTPUT 16 "register_vout_uv_lvl_15";
    .port_info 239 /INOUT 1 "register_clear_iin_oc_10";
    .port_info 240 /INOUT 1 "register_clear_vcap_ov_7";
    .port_info 241 /INOUT 1 "register_clear_vcap_uv_7";
    .port_info 242 /INOUT 1 "register_clear_vout_ov_9";
    .port_info 243 /INOUT 1 "register_clear_vout_uv_8";
    .port_info 244 /OUTPUT 16 "register_esr_high_lvl_15";
    .port_info 245 /INOUT 1 "register_clear_ichg_uc_11";
    .port_info 246 /OUTPUT 16 "register_dtemp_hot_lvl_15";
    .port_info 247 /INOUT 1 "register_clear_esr_high_14";
    .port_info 248 /OUTPUT 16 "register_dtemp_cold_lvl_15";
    .port_info 249 /INOUT 1 "register_clear_dtemp_hot_13";
    .port_info 250 /INOUT 1 "register_clear_dtemp_cold_12";
o0x7fffff25f198 .functor BUFZ 1, C4<z>; HiZ drive
v0x555555ad77e0_0 .net "CELG59462", 0 0, o0x7fffff25f198;  0 drivers
o0x7fffff25f228 .functor BUFZ 1, C4<z>; HiZ drive
v0x555555ad78d0_0 .net "CELSUB40948", 0 0, o0x7fffff25f228;  0 drivers
o0x7fffff25f2b8 .functor BUFZ 1, C4<z>; HiZ drive
v0x555555ad79e0_0 .net "CELV96848", 0 0, o0x7fffff25f2b8;  0 drivers
o0x7fffff25f0a8 .functor BUFZ 1, C4<z>; HiZ drive
v0x555555ad7ad0_0 .net "GND", 0 0, o0x7fffff25f0a8;  0 drivers
o0x7fffff25f348 .functor BUFZ 1, C4<z>; HiZ drive
v0x555555ad7b70_0 .net "PORB97836", 0 0, o0x7fffff25f348;  0 drivers
o0x7fffff25f468 .functor BUFZ 1, C4<z>; HiZ drive
v0x555555ad7c60_0 .net "alert_clear", 0 0, o0x7fffff25f468;  0 drivers
o0x7fffff25f4f8 .functor BUFZ 1, C4<z>; HiZ drive
v0x555555ad7d00_0 .net "clock_limiter", 0 0, o0x7fffff25f4f8;  0 drivers
o0x7fffff25f618 .functor BUFZ 1, C4<z>; HiZ drive
v0x555555ad7da0_0 .net "enable_limiter", 0 0, o0x7fffff25f618;  0 drivers
o0x7fffff25f6a8 .functor BUFZ 1, C4<z>; HiZ drive
v0x555555ad7e40_0 .net "meas_cap_0", 0 0, o0x7fffff25f6a8;  0 drivers
o0x7fffff25f738 .functor BUFZ 1, C4<z>; HiZ drive
v0x555555ad7ee0_0 .net "meas_cap_1", 0 0, o0x7fffff25f738;  0 drivers
o0x7fffff25f7c8 .functor BUFZ 1, C4<z>; HiZ drive
v0x555555ad7f80_0 .net "meas_cap_10", 0 0, o0x7fffff25f7c8;  0 drivers
o0x7fffff25f858 .functor BUFZ 1, C4<z>; HiZ drive
v0x555555ad8020_0 .net "meas_cap_11", 0 0, o0x7fffff25f858;  0 drivers
o0x7fffff25f8e8 .functor BUFZ 1, C4<z>; HiZ drive
v0x555555ad80f0_0 .net "meas_cap_12", 0 0, o0x7fffff25f8e8;  0 drivers
o0x7fffff25f978 .functor BUFZ 1, C4<z>; HiZ drive
v0x555555ad81c0_0 .net "meas_cap_13", 0 0, o0x7fffff25f978;  0 drivers
o0x7fffff25fa08 .functor BUFZ 1, C4<z>; HiZ drive
v0x555555ad8290_0 .net "meas_cap_14", 0 0, o0x7fffff25fa08;  0 drivers
o0x7fffff25fa98 .functor BUFZ 1, C4<z>; HiZ drive
v0x555555ad8360_0 .net "meas_cap_15", 0 0, o0x7fffff25fa98;  0 drivers
o0x7fffff25fb28 .functor BUFZ 1, C4<z>; HiZ drive
v0x555555ad8430_0 .net "meas_cap_2", 0 0, o0x7fffff25fb28;  0 drivers
o0x7fffff25fbb8 .functor BUFZ 1, C4<z>; HiZ drive
v0x555555ad8500_0 .net "meas_cap_3", 0 0, o0x7fffff25fbb8;  0 drivers
o0x7fffff25fc48 .functor BUFZ 1, C4<z>; HiZ drive
v0x555555ad85d0_0 .net "meas_cap_4", 0 0, o0x7fffff25fc48;  0 drivers
o0x7fffff25fcd8 .functor BUFZ 1, C4<z>; HiZ drive
v0x555555ad86a0_0 .net "meas_cap_5", 0 0, o0x7fffff25fcd8;  0 drivers
o0x7fffff25fd68 .functor BUFZ 1, C4<z>; HiZ drive
v0x555555ad8770_0 .net "meas_cap_6", 0 0, o0x7fffff25fd68;  0 drivers
o0x7fffff25fdf8 .functor BUFZ 1, C4<z>; HiZ drive
v0x555555ad8840_0 .net "meas_cap_7", 0 0, o0x7fffff25fdf8;  0 drivers
o0x7fffff25fe88 .functor BUFZ 1, C4<z>; HiZ drive
v0x555555ad8910_0 .net "meas_cap_8", 0 0, o0x7fffff25fe88;  0 drivers
o0x7fffff25ff18 .functor BUFZ 1, C4<z>; HiZ drive
v0x555555ad89e0_0 .net "meas_cap_9", 0 0, o0x7fffff25ff18;  0 drivers
o0x7fffff25ffa8 .functor BUFZ 1, C4<z>; HiZ drive
v0x555555ad8ab0_0 .net "meas_dtemp_0", 0 0, o0x7fffff25ffa8;  0 drivers
o0x7fffff260038 .functor BUFZ 1, C4<z>; HiZ drive
v0x555555ad8b80_0 .net "meas_dtemp_1", 0 0, o0x7fffff260038;  0 drivers
o0x7fffff2600c8 .functor BUFZ 1, C4<z>; HiZ drive
v0x555555ad8c50_0 .net "meas_dtemp_10", 0 0, o0x7fffff2600c8;  0 drivers
o0x7fffff260158 .functor BUFZ 1, C4<z>; HiZ drive
v0x555555ad8d20_0 .net "meas_dtemp_11", 0 0, o0x7fffff260158;  0 drivers
o0x7fffff2601e8 .functor BUFZ 1, C4<z>; HiZ drive
v0x555555ad8df0_0 .net "meas_dtemp_12", 0 0, o0x7fffff2601e8;  0 drivers
o0x7fffff260278 .functor BUFZ 1, C4<z>; HiZ drive
v0x555555ad8ec0_0 .net "meas_dtemp_13", 0 0, o0x7fffff260278;  0 drivers
o0x7fffff260308 .functor BUFZ 1, C4<z>; HiZ drive
v0x555555ad8f90_0 .net "meas_dtemp_14", 0 0, o0x7fffff260308;  0 drivers
o0x7fffff260398 .functor BUFZ 1, C4<z>; HiZ drive
v0x555555ad9060_0 .net "meas_dtemp_15", 0 0, o0x7fffff260398;  0 drivers
o0x7fffff260428 .functor BUFZ 1, C4<z>; HiZ drive
v0x555555ad9130_0 .net "meas_dtemp_2", 0 0, o0x7fffff260428;  0 drivers
o0x7fffff2604b8 .functor BUFZ 1, C4<z>; HiZ drive
v0x555555ad9200_0 .net "meas_dtemp_3", 0 0, o0x7fffff2604b8;  0 drivers
o0x7fffff260548 .functor BUFZ 1, C4<z>; HiZ drive
v0x555555ad92d0_0 .net "meas_dtemp_4", 0 0, o0x7fffff260548;  0 drivers
o0x7fffff2605d8 .functor BUFZ 1, C4<z>; HiZ drive
v0x555555ad93a0_0 .net "meas_dtemp_5", 0 0, o0x7fffff2605d8;  0 drivers
o0x7fffff260668 .functor BUFZ 1, C4<z>; HiZ drive
v0x555555ad9470_0 .net "meas_dtemp_6", 0 0, o0x7fffff260668;  0 drivers
o0x7fffff2606f8 .functor BUFZ 1, C4<z>; HiZ drive
v0x555555ad9540_0 .net "meas_dtemp_7", 0 0, o0x7fffff2606f8;  0 drivers
o0x7fffff260788 .functor BUFZ 1, C4<z>; HiZ drive
v0x555555ad9610_0 .net "meas_dtemp_8", 0 0, o0x7fffff260788;  0 drivers
o0x7fffff260818 .functor BUFZ 1, C4<z>; HiZ drive
v0x555555ad96e0_0 .net "meas_dtemp_9", 0 0, o0x7fffff260818;  0 drivers
o0x7fffff2608a8 .functor BUFZ 1, C4<z>; HiZ drive
v0x555555ad97b0_0 .net "meas_esr_0", 0 0, o0x7fffff2608a8;  0 drivers
o0x7fffff260938 .functor BUFZ 1, C4<z>; HiZ drive
v0x555555ad9880_0 .net "meas_esr_1", 0 0, o0x7fffff260938;  0 drivers
o0x7fffff2609c8 .functor BUFZ 1, C4<z>; HiZ drive
v0x555555ad9950_0 .net "meas_esr_10", 0 0, o0x7fffff2609c8;  0 drivers
o0x7fffff260a58 .functor BUFZ 1, C4<z>; HiZ drive
v0x555555ad9a20_0 .net "meas_esr_11", 0 0, o0x7fffff260a58;  0 drivers
o0x7fffff260ae8 .functor BUFZ 1, C4<z>; HiZ drive
v0x555555ad9af0_0 .net "meas_esr_12", 0 0, o0x7fffff260ae8;  0 drivers
o0x7fffff260b78 .functor BUFZ 1, C4<z>; HiZ drive
v0x555555ad9bc0_0 .net "meas_esr_13", 0 0, o0x7fffff260b78;  0 drivers
o0x7fffff260c08 .functor BUFZ 1, C4<z>; HiZ drive
v0x555555ad9c90_0 .net "meas_esr_14", 0 0, o0x7fffff260c08;  0 drivers
o0x7fffff260c98 .functor BUFZ 1, C4<z>; HiZ drive
v0x555555ad9d60_0 .net "meas_esr_15", 0 0, o0x7fffff260c98;  0 drivers
o0x7fffff260d28 .functor BUFZ 1, C4<z>; HiZ drive
v0x555555ad9e30_0 .net "meas_esr_2", 0 0, o0x7fffff260d28;  0 drivers
o0x7fffff260db8 .functor BUFZ 1, C4<z>; HiZ drive
v0x555555ad9f00_0 .net "meas_esr_3", 0 0, o0x7fffff260db8;  0 drivers
o0x7fffff260e48 .functor BUFZ 1, C4<z>; HiZ drive
v0x555555ad9fd0_0 .net "meas_esr_4", 0 0, o0x7fffff260e48;  0 drivers
o0x7fffff260ed8 .functor BUFZ 1, C4<z>; HiZ drive
v0x555555ada0a0_0 .net "meas_esr_5", 0 0, o0x7fffff260ed8;  0 drivers
o0x7fffff260f68 .functor BUFZ 1, C4<z>; HiZ drive
v0x555555ada170_0 .net "meas_esr_6", 0 0, o0x7fffff260f68;  0 drivers
o0x7fffff260ff8 .functor BUFZ 1, C4<z>; HiZ drive
v0x555555ada240_0 .net "meas_esr_7", 0 0, o0x7fffff260ff8;  0 drivers
o0x7fffff261088 .functor BUFZ 1, C4<z>; HiZ drive
v0x555555ada310_0 .net "meas_esr_8", 0 0, o0x7fffff261088;  0 drivers
o0x7fffff261118 .functor BUFZ 1, C4<z>; HiZ drive
v0x555555ada3e0_0 .net "meas_esr_9", 0 0, o0x7fffff261118;  0 drivers
o0x7fffff2611a8 .functor BUFZ 1, C4<z>; HiZ drive
v0x555555ada4b0_0 .net "meas_gpi_0", 0 0, o0x7fffff2611a8;  0 drivers
o0x7fffff261238 .functor BUFZ 1, C4<z>; HiZ drive
v0x555555ada580_0 .net "meas_gpi_1", 0 0, o0x7fffff261238;  0 drivers
o0x7fffff2612c8 .functor BUFZ 1, C4<z>; HiZ drive
v0x555555ada650_0 .net "meas_gpi_10", 0 0, o0x7fffff2612c8;  0 drivers
o0x7fffff261358 .functor BUFZ 1, C4<z>; HiZ drive
v0x555555ada720_0 .net "meas_gpi_11", 0 0, o0x7fffff261358;  0 drivers
o0x7fffff2613e8 .functor BUFZ 1, C4<z>; HiZ drive
v0x555555ada7f0_0 .net "meas_gpi_12", 0 0, o0x7fffff2613e8;  0 drivers
o0x7fffff261478 .functor BUFZ 1, C4<z>; HiZ drive
v0x555555ada8c0_0 .net "meas_gpi_13", 0 0, o0x7fffff261478;  0 drivers
o0x7fffff261508 .functor BUFZ 1, C4<z>; HiZ drive
v0x555555ada990_0 .net "meas_gpi_14", 0 0, o0x7fffff261508;  0 drivers
o0x7fffff261598 .functor BUFZ 1, C4<z>; HiZ drive
v0x555555adaa60_0 .net "meas_gpi_15", 0 0, o0x7fffff261598;  0 drivers
o0x7fffff261628 .functor BUFZ 1, C4<z>; HiZ drive
v0x555555adab30_0 .net "meas_gpi_2", 0 0, o0x7fffff261628;  0 drivers
o0x7fffff2616b8 .functor BUFZ 1, C4<z>; HiZ drive
v0x555555adac00_0 .net "meas_gpi_3", 0 0, o0x7fffff2616b8;  0 drivers
o0x7fffff261748 .functor BUFZ 1, C4<z>; HiZ drive
v0x555555adacd0_0 .net "meas_gpi_4", 0 0, o0x7fffff261748;  0 drivers
o0x7fffff2617d8 .functor BUFZ 1, C4<z>; HiZ drive
v0x555555adada0_0 .net "meas_gpi_5", 0 0, o0x7fffff2617d8;  0 drivers
o0x7fffff261868 .functor BUFZ 1, C4<z>; HiZ drive
v0x555555adae70_0 .net "meas_gpi_6", 0 0, o0x7fffff261868;  0 drivers
o0x7fffff2618f8 .functor BUFZ 1, C4<z>; HiZ drive
v0x555555adaf40_0 .net "meas_gpi_7", 0 0, o0x7fffff2618f8;  0 drivers
o0x7fffff261988 .functor BUFZ 1, C4<z>; HiZ drive
v0x555555adb010_0 .net "meas_gpi_8", 0 0, o0x7fffff261988;  0 drivers
o0x7fffff261a18 .functor BUFZ 1, C4<z>; HiZ drive
v0x555555adb0e0_0 .net "meas_gpi_9", 0 0, o0x7fffff261a18;  0 drivers
o0x7fffff261aa8 .functor BUFZ 1, C4<z>; HiZ drive
v0x555555adb1b0_0 .net "meas_ichrg_0", 0 0, o0x7fffff261aa8;  0 drivers
o0x7fffff261b38 .functor BUFZ 1, C4<z>; HiZ drive
v0x555555adb280_0 .net "meas_ichrg_1", 0 0, o0x7fffff261b38;  0 drivers
o0x7fffff261bc8 .functor BUFZ 1, C4<z>; HiZ drive
v0x555555adb350_0 .net "meas_ichrg_10", 0 0, o0x7fffff261bc8;  0 drivers
o0x7fffff261c58 .functor BUFZ 1, C4<z>; HiZ drive
v0x555555adb420_0 .net "meas_ichrg_11", 0 0, o0x7fffff261c58;  0 drivers
o0x7fffff261ce8 .functor BUFZ 1, C4<z>; HiZ drive
v0x555555adb4f0_0 .net "meas_ichrg_12", 0 0, o0x7fffff261ce8;  0 drivers
o0x7fffff261d78 .functor BUFZ 1, C4<z>; HiZ drive
v0x555555adb5c0_0 .net "meas_ichrg_13", 0 0, o0x7fffff261d78;  0 drivers
o0x7fffff261e08 .functor BUFZ 1, C4<z>; HiZ drive
v0x555555adb690_0 .net "meas_ichrg_14", 0 0, o0x7fffff261e08;  0 drivers
o0x7fffff261e98 .functor BUFZ 1, C4<z>; HiZ drive
v0x555555adb760_0 .net "meas_ichrg_15", 0 0, o0x7fffff261e98;  0 drivers
o0x7fffff261f28 .functor BUFZ 1, C4<z>; HiZ drive
v0x555555adb830_0 .net "meas_ichrg_2", 0 0, o0x7fffff261f28;  0 drivers
o0x7fffff261fb8 .functor BUFZ 1, C4<z>; HiZ drive
v0x555555adb900_0 .net "meas_ichrg_3", 0 0, o0x7fffff261fb8;  0 drivers
o0x7fffff262048 .functor BUFZ 1, C4<z>; HiZ drive
v0x555555adb9d0_0 .net "meas_ichrg_4", 0 0, o0x7fffff262048;  0 drivers
o0x7fffff2620d8 .functor BUFZ 1, C4<z>; HiZ drive
v0x555555adbaa0_0 .net "meas_ichrg_5", 0 0, o0x7fffff2620d8;  0 drivers
o0x7fffff262168 .functor BUFZ 1, C4<z>; HiZ drive
v0x555555adbb70_0 .net "meas_ichrg_6", 0 0, o0x7fffff262168;  0 drivers
o0x7fffff2621f8 .functor BUFZ 1, C4<z>; HiZ drive
v0x555555adbc40_0 .net "meas_ichrg_7", 0 0, o0x7fffff2621f8;  0 drivers
o0x7fffff262288 .functor BUFZ 1, C4<z>; HiZ drive
v0x555555adbd10_0 .net "meas_ichrg_8", 0 0, o0x7fffff262288;  0 drivers
o0x7fffff262318 .functor BUFZ 1, C4<z>; HiZ drive
v0x555555adbde0_0 .net "meas_ichrg_9", 0 0, o0x7fffff262318;  0 drivers
o0x7fffff2623a8 .functor BUFZ 1, C4<z>; HiZ drive
v0x555555adbeb0_0 .net "meas_iin_0", 0 0, o0x7fffff2623a8;  0 drivers
o0x7fffff262438 .functor BUFZ 1, C4<z>; HiZ drive
v0x555555adbf80_0 .net "meas_iin_1", 0 0, o0x7fffff262438;  0 drivers
o0x7fffff2624c8 .functor BUFZ 1, C4<z>; HiZ drive
v0x555555adc050_0 .net "meas_iin_10", 0 0, o0x7fffff2624c8;  0 drivers
o0x7fffff262558 .functor BUFZ 1, C4<z>; HiZ drive
v0x555555adc120_0 .net "meas_iin_11", 0 0, o0x7fffff262558;  0 drivers
o0x7fffff2625e8 .functor BUFZ 1, C4<z>; HiZ drive
v0x555555adc1f0_0 .net "meas_iin_12", 0 0, o0x7fffff2625e8;  0 drivers
o0x7fffff262678 .functor BUFZ 1, C4<z>; HiZ drive
v0x555555adc2c0_0 .net "meas_iin_13", 0 0, o0x7fffff262678;  0 drivers
o0x7fffff262708 .functor BUFZ 1, C4<z>; HiZ drive
v0x555555adc390_0 .net "meas_iin_14", 0 0, o0x7fffff262708;  0 drivers
o0x7fffff262798 .functor BUFZ 1, C4<z>; HiZ drive
v0x555555adc460_0 .net "meas_iin_15", 0 0, o0x7fffff262798;  0 drivers
o0x7fffff262828 .functor BUFZ 1, C4<z>; HiZ drive
v0x555555adc530_0 .net "meas_iin_2", 0 0, o0x7fffff262828;  0 drivers
o0x7fffff2628b8 .functor BUFZ 1, C4<z>; HiZ drive
v0x555555adc600_0 .net "meas_iin_3", 0 0, o0x7fffff2628b8;  0 drivers
o0x7fffff262948 .functor BUFZ 1, C4<z>; HiZ drive
v0x555555adc6d0_0 .net "meas_iin_4", 0 0, o0x7fffff262948;  0 drivers
o0x7fffff2629d8 .functor BUFZ 1, C4<z>; HiZ drive
v0x555555adc7a0_0 .net "meas_iin_5", 0 0, o0x7fffff2629d8;  0 drivers
o0x7fffff262a68 .functor BUFZ 1, C4<z>; HiZ drive
v0x555555adc870_0 .net "meas_iin_6", 0 0, o0x7fffff262a68;  0 drivers
o0x7fffff262af8 .functor BUFZ 1, C4<z>; HiZ drive
v0x555555adc940_0 .net "meas_iin_7", 0 0, o0x7fffff262af8;  0 drivers
o0x7fffff262b88 .functor BUFZ 1, C4<z>; HiZ drive
v0x555555adca10_0 .net "meas_iin_8", 0 0, o0x7fffff262b88;  0 drivers
o0x7fffff262c18 .functor BUFZ 1, C4<z>; HiZ drive
v0x555555adcae0_0 .net "meas_iin_9", 0 0, o0x7fffff262c18;  0 drivers
o0x7fffff262ca8 .functor BUFZ 1, C4<z>; HiZ drive
v0x555555adcbb0_0 .net "meas_vcap1_0", 0 0, o0x7fffff262ca8;  0 drivers
o0x7fffff262d38 .functor BUFZ 1, C4<z>; HiZ drive
v0x555555adcc80_0 .net "meas_vcap1_1", 0 0, o0x7fffff262d38;  0 drivers
o0x7fffff262dc8 .functor BUFZ 1, C4<z>; HiZ drive
v0x555555adcd50_0 .net "meas_vcap1_10", 0 0, o0x7fffff262dc8;  0 drivers
o0x7fffff262e58 .functor BUFZ 1, C4<z>; HiZ drive
v0x555555adce20_0 .net "meas_vcap1_11", 0 0, o0x7fffff262e58;  0 drivers
o0x7fffff262ee8 .functor BUFZ 1, C4<z>; HiZ drive
v0x555555adcef0_0 .net "meas_vcap1_12", 0 0, o0x7fffff262ee8;  0 drivers
o0x7fffff262f78 .functor BUFZ 1, C4<z>; HiZ drive
v0x555555adcfc0_0 .net "meas_vcap1_13", 0 0, o0x7fffff262f78;  0 drivers
o0x7fffff263008 .functor BUFZ 1, C4<z>; HiZ drive
v0x555555add090_0 .net "meas_vcap1_14", 0 0, o0x7fffff263008;  0 drivers
o0x7fffff263098 .functor BUFZ 1, C4<z>; HiZ drive
v0x555555add160_0 .net "meas_vcap1_15", 0 0, o0x7fffff263098;  0 drivers
o0x7fffff263128 .functor BUFZ 1, C4<z>; HiZ drive
v0x555555add230_0 .net "meas_vcap1_2", 0 0, o0x7fffff263128;  0 drivers
o0x7fffff2631b8 .functor BUFZ 1, C4<z>; HiZ drive
v0x555555add300_0 .net "meas_vcap1_3", 0 0, o0x7fffff2631b8;  0 drivers
o0x7fffff263248 .functor BUFZ 1, C4<z>; HiZ drive
v0x555555add3d0_0 .net "meas_vcap1_4", 0 0, o0x7fffff263248;  0 drivers
o0x7fffff2632d8 .functor BUFZ 1, C4<z>; HiZ drive
v0x555555add4a0_0 .net "meas_vcap1_5", 0 0, o0x7fffff2632d8;  0 drivers
o0x7fffff263368 .functor BUFZ 1, C4<z>; HiZ drive
v0x555555add570_0 .net "meas_vcap1_6", 0 0, o0x7fffff263368;  0 drivers
o0x7fffff2633f8 .functor BUFZ 1, C4<z>; HiZ drive
v0x555555add640_0 .net "meas_vcap1_7", 0 0, o0x7fffff2633f8;  0 drivers
o0x7fffff263488 .functor BUFZ 1, C4<z>; HiZ drive
v0x555555add710_0 .net "meas_vcap1_8", 0 0, o0x7fffff263488;  0 drivers
o0x7fffff263518 .functor BUFZ 1, C4<z>; HiZ drive
v0x555555add7e0_0 .net "meas_vcap1_9", 0 0, o0x7fffff263518;  0 drivers
o0x7fffff2635a8 .functor BUFZ 1, C4<z>; HiZ drive
v0x555555add8b0_0 .net "meas_vcap2_0", 0 0, o0x7fffff2635a8;  0 drivers
o0x7fffff263638 .functor BUFZ 1, C4<z>; HiZ drive
v0x555555add980_0 .net "meas_vcap2_1", 0 0, o0x7fffff263638;  0 drivers
o0x7fffff2636c8 .functor BUFZ 1, C4<z>; HiZ drive
v0x555555adda50_0 .net "meas_vcap2_10", 0 0, o0x7fffff2636c8;  0 drivers
o0x7fffff263758 .functor BUFZ 1, C4<z>; HiZ drive
v0x555555addb20_0 .net "meas_vcap2_11", 0 0, o0x7fffff263758;  0 drivers
o0x7fffff2637e8 .functor BUFZ 1, C4<z>; HiZ drive
v0x555555addbf0_0 .net "meas_vcap2_12", 0 0, o0x7fffff2637e8;  0 drivers
o0x7fffff263878 .functor BUFZ 1, C4<z>; HiZ drive
v0x555555addcc0_0 .net "meas_vcap2_13", 0 0, o0x7fffff263878;  0 drivers
o0x7fffff263908 .functor BUFZ 1, C4<z>; HiZ drive
v0x555555addd90_0 .net "meas_vcap2_14", 0 0, o0x7fffff263908;  0 drivers
o0x7fffff263998 .functor BUFZ 1, C4<z>; HiZ drive
v0x555555adde60_0 .net "meas_vcap2_15", 0 0, o0x7fffff263998;  0 drivers
o0x7fffff263a28 .functor BUFZ 1, C4<z>; HiZ drive
v0x555555addf30_0 .net "meas_vcap2_2", 0 0, o0x7fffff263a28;  0 drivers
o0x7fffff263ab8 .functor BUFZ 1, C4<z>; HiZ drive
v0x555555ade810_0 .net "meas_vcap2_3", 0 0, o0x7fffff263ab8;  0 drivers
o0x7fffff263b48 .functor BUFZ 1, C4<z>; HiZ drive
v0x555555ade8e0_0 .net "meas_vcap2_4", 0 0, o0x7fffff263b48;  0 drivers
o0x7fffff263bd8 .functor BUFZ 1, C4<z>; HiZ drive
v0x555555ade9b0_0 .net "meas_vcap2_5", 0 0, o0x7fffff263bd8;  0 drivers
o0x7fffff263c68 .functor BUFZ 1, C4<z>; HiZ drive
v0x555555adea80_0 .net "meas_vcap2_6", 0 0, o0x7fffff263c68;  0 drivers
o0x7fffff263cf8 .functor BUFZ 1, C4<z>; HiZ drive
v0x555555adeb50_0 .net "meas_vcap2_7", 0 0, o0x7fffff263cf8;  0 drivers
o0x7fffff263d88 .functor BUFZ 1, C4<z>; HiZ drive
v0x555555adec20_0 .net "meas_vcap2_8", 0 0, o0x7fffff263d88;  0 drivers
o0x7fffff263e18 .functor BUFZ 1, C4<z>; HiZ drive
v0x555555adecf0_0 .net "meas_vcap2_9", 0 0, o0x7fffff263e18;  0 drivers
o0x7fffff263ea8 .functor BUFZ 1, C4<z>; HiZ drive
v0x555555adedc0_0 .net "meas_vcap3_0", 0 0, o0x7fffff263ea8;  0 drivers
o0x7fffff263f38 .functor BUFZ 1, C4<z>; HiZ drive
v0x555555adee90_0 .net "meas_vcap3_1", 0 0, o0x7fffff263f38;  0 drivers
o0x7fffff263fc8 .functor BUFZ 1, C4<z>; HiZ drive
v0x555555adef60_0 .net "meas_vcap3_10", 0 0, o0x7fffff263fc8;  0 drivers
o0x7fffff264058 .functor BUFZ 1, C4<z>; HiZ drive
v0x555555adf030_0 .net "meas_vcap3_11", 0 0, o0x7fffff264058;  0 drivers
o0x7fffff2640e8 .functor BUFZ 1, C4<z>; HiZ drive
v0x555555adf100_0 .net "meas_vcap3_12", 0 0, o0x7fffff2640e8;  0 drivers
o0x7fffff264178 .functor BUFZ 1, C4<z>; HiZ drive
v0x555555adf1d0_0 .net "meas_vcap3_13", 0 0, o0x7fffff264178;  0 drivers
o0x7fffff264208 .functor BUFZ 1, C4<z>; HiZ drive
v0x555555adf2a0_0 .net "meas_vcap3_14", 0 0, o0x7fffff264208;  0 drivers
o0x7fffff264298 .functor BUFZ 1, C4<z>; HiZ drive
v0x555555adf370_0 .net "meas_vcap3_15", 0 0, o0x7fffff264298;  0 drivers
o0x7fffff264328 .functor BUFZ 1, C4<z>; HiZ drive
v0x555555adf440_0 .net "meas_vcap3_2", 0 0, o0x7fffff264328;  0 drivers
o0x7fffff2643b8 .functor BUFZ 1, C4<z>; HiZ drive
v0x555555adf510_0 .net "meas_vcap3_3", 0 0, o0x7fffff2643b8;  0 drivers
o0x7fffff264448 .functor BUFZ 1, C4<z>; HiZ drive
v0x555555adf5e0_0 .net "meas_vcap3_4", 0 0, o0x7fffff264448;  0 drivers
o0x7fffff2644d8 .functor BUFZ 1, C4<z>; HiZ drive
v0x555555adf6b0_0 .net "meas_vcap3_5", 0 0, o0x7fffff2644d8;  0 drivers
o0x7fffff264568 .functor BUFZ 1, C4<z>; HiZ drive
v0x555555adf780_0 .net "meas_vcap3_6", 0 0, o0x7fffff264568;  0 drivers
o0x7fffff2645f8 .functor BUFZ 1, C4<z>; HiZ drive
v0x555555adf850_0 .net "meas_vcap3_7", 0 0, o0x7fffff2645f8;  0 drivers
o0x7fffff264688 .functor BUFZ 1, C4<z>; HiZ drive
v0x555555adf920_0 .net "meas_vcap3_8", 0 0, o0x7fffff264688;  0 drivers
o0x7fffff264718 .functor BUFZ 1, C4<z>; HiZ drive
v0x555555adf9f0_0 .net "meas_vcap3_9", 0 0, o0x7fffff264718;  0 drivers
o0x7fffff2647a8 .functor BUFZ 1, C4<z>; HiZ drive
v0x555555adfac0_0 .net "meas_vcap4_0", 0 0, o0x7fffff2647a8;  0 drivers
o0x7fffff264838 .functor BUFZ 1, C4<z>; HiZ drive
v0x555555adfb90_0 .net "meas_vcap4_1", 0 0, o0x7fffff264838;  0 drivers
o0x7fffff2648c8 .functor BUFZ 1, C4<z>; HiZ drive
v0x555555adfc60_0 .net "meas_vcap4_10", 0 0, o0x7fffff2648c8;  0 drivers
o0x7fffff264958 .functor BUFZ 1, C4<z>; HiZ drive
v0x555555adfd30_0 .net "meas_vcap4_11", 0 0, o0x7fffff264958;  0 drivers
o0x7fffff2649e8 .functor BUFZ 1, C4<z>; HiZ drive
v0x555555adfe00_0 .net "meas_vcap4_12", 0 0, o0x7fffff2649e8;  0 drivers
o0x7fffff264a78 .functor BUFZ 1, C4<z>; HiZ drive
v0x555555adfed0_0 .net "meas_vcap4_13", 0 0, o0x7fffff264a78;  0 drivers
o0x7fffff264b08 .functor BUFZ 1, C4<z>; HiZ drive
v0x555555adffa0_0 .net "meas_vcap4_14", 0 0, o0x7fffff264b08;  0 drivers
o0x7fffff264b98 .functor BUFZ 1, C4<z>; HiZ drive
v0x555555ae0070_0 .net "meas_vcap4_15", 0 0, o0x7fffff264b98;  0 drivers
o0x7fffff264c28 .functor BUFZ 1, C4<z>; HiZ drive
v0x555555ae0140_0 .net "meas_vcap4_2", 0 0, o0x7fffff264c28;  0 drivers
o0x7fffff264cb8 .functor BUFZ 1, C4<z>; HiZ drive
v0x555555ae0210_0 .net "meas_vcap4_3", 0 0, o0x7fffff264cb8;  0 drivers
o0x7fffff264d48 .functor BUFZ 1, C4<z>; HiZ drive
v0x555555ae02e0_0 .net "meas_vcap4_4", 0 0, o0x7fffff264d48;  0 drivers
o0x7fffff264dd8 .functor BUFZ 1, C4<z>; HiZ drive
v0x555555ae03b0_0 .net "meas_vcap4_5", 0 0, o0x7fffff264dd8;  0 drivers
o0x7fffff264e68 .functor BUFZ 1, C4<z>; HiZ drive
v0x555555ae0480_0 .net "meas_vcap4_6", 0 0, o0x7fffff264e68;  0 drivers
o0x7fffff264ef8 .functor BUFZ 1, C4<z>; HiZ drive
v0x555555ae0550_0 .net "meas_vcap4_7", 0 0, o0x7fffff264ef8;  0 drivers
o0x7fffff264f88 .functor BUFZ 1, C4<z>; HiZ drive
v0x555555ae0620_0 .net "meas_vcap4_8", 0 0, o0x7fffff264f88;  0 drivers
o0x7fffff265018 .functor BUFZ 1, C4<z>; HiZ drive
v0x555555ae06f0_0 .net "meas_vcap4_9", 0 0, o0x7fffff265018;  0 drivers
o0x7fffff2650a8 .functor BUFZ 1, C4<z>; HiZ drive
v0x555555ae07c0_0 .net "meas_vcap_0", 0 0, o0x7fffff2650a8;  0 drivers
o0x7fffff265138 .functor BUFZ 1, C4<z>; HiZ drive
v0x555555ae0890_0 .net "meas_vcap_1", 0 0, o0x7fffff265138;  0 drivers
o0x7fffff2651c8 .functor BUFZ 1, C4<z>; HiZ drive
v0x555555ae0960_0 .net "meas_vcap_10", 0 0, o0x7fffff2651c8;  0 drivers
o0x7fffff265258 .functor BUFZ 1, C4<z>; HiZ drive
v0x555555ae0a30_0 .net "meas_vcap_11", 0 0, o0x7fffff265258;  0 drivers
o0x7fffff2652e8 .functor BUFZ 1, C4<z>; HiZ drive
v0x555555ae0b00_0 .net "meas_vcap_12", 0 0, o0x7fffff2652e8;  0 drivers
o0x7fffff265378 .functor BUFZ 1, C4<z>; HiZ drive
v0x555555ae0bd0_0 .net "meas_vcap_13", 0 0, o0x7fffff265378;  0 drivers
o0x7fffff265408 .functor BUFZ 1, C4<z>; HiZ drive
v0x555555ae0ca0_0 .net "meas_vcap_14", 0 0, o0x7fffff265408;  0 drivers
o0x7fffff265498 .functor BUFZ 1, C4<z>; HiZ drive
v0x555555ae0d70_0 .net "meas_vcap_15", 0 0, o0x7fffff265498;  0 drivers
o0x7fffff265528 .functor BUFZ 1, C4<z>; HiZ drive
v0x555555ae0e40_0 .net "meas_vcap_2", 0 0, o0x7fffff265528;  0 drivers
o0x7fffff2655b8 .functor BUFZ 1, C4<z>; HiZ drive
v0x555555ae0f10_0 .net "meas_vcap_3", 0 0, o0x7fffff2655b8;  0 drivers
o0x7fffff265648 .functor BUFZ 1, C4<z>; HiZ drive
v0x555555ae0fe0_0 .net "meas_vcap_4", 0 0, o0x7fffff265648;  0 drivers
o0x7fffff2656d8 .functor BUFZ 1, C4<z>; HiZ drive
v0x555555ae10b0_0 .net "meas_vcap_5", 0 0, o0x7fffff2656d8;  0 drivers
o0x7fffff265768 .functor BUFZ 1, C4<z>; HiZ drive
v0x555555ae1180_0 .net "meas_vcap_6", 0 0, o0x7fffff265768;  0 drivers
o0x7fffff2657f8 .functor BUFZ 1, C4<z>; HiZ drive
v0x555555ae1250_0 .net "meas_vcap_7", 0 0, o0x7fffff2657f8;  0 drivers
o0x7fffff265888 .functor BUFZ 1, C4<z>; HiZ drive
v0x555555ae1320_0 .net "meas_vcap_8", 0 0, o0x7fffff265888;  0 drivers
o0x7fffff265918 .functor BUFZ 1, C4<z>; HiZ drive
v0x555555ae13f0_0 .net "meas_vcap_9", 0 0, o0x7fffff265918;  0 drivers
o0x7fffff2659a8 .functor BUFZ 1, C4<z>; HiZ drive
v0x555555ae14c0_0 .net "meas_vin_0", 0 0, o0x7fffff2659a8;  0 drivers
o0x7fffff265a38 .functor BUFZ 1, C4<z>; HiZ drive
v0x555555ae1590_0 .net "meas_vin_1", 0 0, o0x7fffff265a38;  0 drivers
o0x7fffff265ac8 .functor BUFZ 1, C4<z>; HiZ drive
v0x555555ae1660_0 .net "meas_vin_10", 0 0, o0x7fffff265ac8;  0 drivers
o0x7fffff265b58 .functor BUFZ 1, C4<z>; HiZ drive
v0x555555ae1730_0 .net "meas_vin_11", 0 0, o0x7fffff265b58;  0 drivers
o0x7fffff265be8 .functor BUFZ 1, C4<z>; HiZ drive
v0x555555ae1800_0 .net "meas_vin_12", 0 0, o0x7fffff265be8;  0 drivers
o0x7fffff265c78 .functor BUFZ 1, C4<z>; HiZ drive
v0x555555ae18d0_0 .net "meas_vin_13", 0 0, o0x7fffff265c78;  0 drivers
o0x7fffff265d08 .functor BUFZ 1, C4<z>; HiZ drive
v0x555555ae19a0_0 .net "meas_vin_14", 0 0, o0x7fffff265d08;  0 drivers
o0x7fffff265d98 .functor BUFZ 1, C4<z>; HiZ drive
v0x555555ae1a70_0 .net "meas_vin_15", 0 0, o0x7fffff265d98;  0 drivers
o0x7fffff265e28 .functor BUFZ 1, C4<z>; HiZ drive
v0x555555ae1b40_0 .net "meas_vin_2", 0 0, o0x7fffff265e28;  0 drivers
o0x7fffff265eb8 .functor BUFZ 1, C4<z>; HiZ drive
v0x555555ae1c10_0 .net "meas_vin_3", 0 0, o0x7fffff265eb8;  0 drivers
o0x7fffff265f48 .functor BUFZ 1, C4<z>; HiZ drive
v0x555555ae1ce0_0 .net "meas_vin_4", 0 0, o0x7fffff265f48;  0 drivers
o0x7fffff265fd8 .functor BUFZ 1, C4<z>; HiZ drive
v0x555555ae1db0_0 .net "meas_vin_5", 0 0, o0x7fffff265fd8;  0 drivers
o0x7fffff266068 .functor BUFZ 1, C4<z>; HiZ drive
v0x555555ae1e80_0 .net "meas_vin_6", 0 0, o0x7fffff266068;  0 drivers
o0x7fffff2660f8 .functor BUFZ 1, C4<z>; HiZ drive
v0x555555ae1f50_0 .net "meas_vin_7", 0 0, o0x7fffff2660f8;  0 drivers
o0x7fffff266188 .functor BUFZ 1, C4<z>; HiZ drive
v0x555555ae2020_0 .net "meas_vin_8", 0 0, o0x7fffff266188;  0 drivers
o0x7fffff266218 .functor BUFZ 1, C4<z>; HiZ drive
v0x555555ae20f0_0 .net "meas_vin_9", 0 0, o0x7fffff266218;  0 drivers
o0x7fffff2662a8 .functor BUFZ 1, C4<z>; HiZ drive
v0x555555ae21c0_0 .net "meas_vout_0", 0 0, o0x7fffff2662a8;  0 drivers
o0x7fffff266338 .functor BUFZ 1, C4<z>; HiZ drive
v0x555555ae2290_0 .net "meas_vout_1", 0 0, o0x7fffff266338;  0 drivers
o0x7fffff2663c8 .functor BUFZ 1, C4<z>; HiZ drive
v0x555555ae2360_0 .net "meas_vout_10", 0 0, o0x7fffff2663c8;  0 drivers
o0x7fffff266458 .functor BUFZ 1, C4<z>; HiZ drive
v0x555555ae2430_0 .net "meas_vout_11", 0 0, o0x7fffff266458;  0 drivers
o0x7fffff2664e8 .functor BUFZ 1, C4<z>; HiZ drive
v0x555555ae2500_0 .net "meas_vout_12", 0 0, o0x7fffff2664e8;  0 drivers
o0x7fffff266578 .functor BUFZ 1, C4<z>; HiZ drive
v0x555555ae25d0_0 .net "meas_vout_13", 0 0, o0x7fffff266578;  0 drivers
o0x7fffff266608 .functor BUFZ 1, C4<z>; HiZ drive
v0x555555ae26a0_0 .net "meas_vout_14", 0 0, o0x7fffff266608;  0 drivers
o0x7fffff266698 .functor BUFZ 1, C4<z>; HiZ drive
v0x555555ae2770_0 .net "meas_vout_15", 0 0, o0x7fffff266698;  0 drivers
o0x7fffff266728 .functor BUFZ 1, C4<z>; HiZ drive
v0x555555ae2840_0 .net "meas_vout_2", 0 0, o0x7fffff266728;  0 drivers
o0x7fffff2667b8 .functor BUFZ 1, C4<z>; HiZ drive
v0x555555ae2910_0 .net "meas_vout_3", 0 0, o0x7fffff2667b8;  0 drivers
o0x7fffff266848 .functor BUFZ 1, C4<z>; HiZ drive
v0x555555ae29e0_0 .net "meas_vout_4", 0 0, o0x7fffff266848;  0 drivers
o0x7fffff2668d8 .functor BUFZ 1, C4<z>; HiZ drive
v0x555555ae2ab0_0 .net "meas_vout_5", 0 0, o0x7fffff2668d8;  0 drivers
o0x7fffff266968 .functor BUFZ 1, C4<z>; HiZ drive
v0x555555ae2b80_0 .net "meas_vout_6", 0 0, o0x7fffff266968;  0 drivers
o0x7fffff2669f8 .functor BUFZ 1, C4<z>; HiZ drive
v0x555555ae2c50_0 .net "meas_vout_7", 0 0, o0x7fffff2669f8;  0 drivers
o0x7fffff266a88 .functor BUFZ 1, C4<z>; HiZ drive
v0x555555ae2d20_0 .net "meas_vout_8", 0 0, o0x7fffff266a88;  0 drivers
o0x7fffff266b18 .functor BUFZ 1, C4<z>; HiZ drive
v0x555555ae2df0_0 .net "meas_vout_9", 0 0, o0x7fffff266b18;  0 drivers
o0x7fffff25f018 .functor BUFZ 1, C4<z>; HiZ drive
v0x555555ae2ec0_0 .net "net_0", 0 0, o0x7fffff25f018;  0 drivers
o0x7fffff25f078 .functor BUFZ 1, C4<z>; HiZ drive
v0x555555ae2f60_0 .net "net_251", 0 0, o0x7fffff25f078;  0 drivers
o0x7fffff25f3d8 .functor BUFZ 1, C4<z>; HiZ drive
v0x555555ae3050_0 .net "net_771", 0 0, o0x7fffff25f3d8;  0 drivers
o0x7fffff266ba8 .functor BUFZ 1, C4<z>; HiZ drive
v0x555555ae3140_0 .net "porb", 0 0, o0x7fffff266ba8;  0 drivers
o0x7fffff270da8 .functor BUFZ 16, C4<zzzzzzzzzzzzzzzz>; HiZ drive
v0x555555ae31e0_0 .net "register_alarm_reg_15", 15 0, o0x7fffff270da8;  0 drivers
o0x7fffff270dd8 .functor BUFZ 16, C4<zzzzzzzzzzzzzzzz>; HiZ drive
I0x555555a29820 .island tran;
p0x7fffff270dd8 .port I0x555555a29820, o0x7fffff270dd8;
v0x555555ae3280_0 .net8 "register_cap_lo_lvl_15", 15 0, p0x7fffff270dd8;  0 drivers, strength-aware
o0x7fffff270e08 .functor BUFZ 16, C4<zzzzzzzzzzzzzzzz>; HiZ drive
I0x5555558a9b00 .island tran;
p0x7fffff270e08 .port I0x5555558a9b00, o0x7fffff270e08;
v0x555555ae3320_0 .net8 "register_cap_ov_lvl_15", 15 0, p0x7fffff270e08;  0 drivers, strength-aware
o0x7fffff270e38 .functor BUFZ 16, C4<zzzzzzzzzzzzzzzz>; HiZ drive
I0x5555558a8a10 .island tran;
p0x7fffff270e38 .port I0x5555558a8a10, o0x7fffff270e38;
v0x555555ae33c0_0 .net8 "register_cap_uv_lvl_15", 15 0, p0x7fffff270e38;  0 drivers, strength-aware
o0x7fffff26d568 .functor BUFZ 1, C4<z>; HiZ drive
v0x555555ae3460_0 .net "register_clear_dtemp_cold_12", 0 0, o0x7fffff26d568;  0 drivers
o0x7fffff26d5f8 .functor BUFZ 1, C4<z>; HiZ drive
v0x555555ae3500_0 .net "register_clear_dtemp_hot_13", 0 0, o0x7fffff26d5f8;  0 drivers
o0x7fffff26d688 .functor BUFZ 1, C4<z>; HiZ drive
v0x555555ae35a0_0 .net "register_clear_esr_high_14", 0 0, o0x7fffff26d688;  0 drivers
o0x7fffff26d4d8 .functor BUFZ 1, C4<z>; HiZ drive
v0x555555ae3670_0 .net "register_clear_ichg_uc_11", 0 0, o0x7fffff26d4d8;  0 drivers
o0x7fffff26d448 .functor BUFZ 1, C4<z>; HiZ drive
v0x555555ae3740_0 .net "register_clear_iin_oc_10", 0 0, o0x7fffff26d448;  0 drivers
o0x7fffff26c998 .functor BUFZ 1, C4<z>; HiZ drive
v0x555555ae3810_0 .net "register_clear_vcap_ov_7", 0 0, o0x7fffff26c998;  0 drivers
o0x7fffff26c908 .functor BUFZ 1, C4<z>; HiZ drive
v0x555555ae38e0_0 .net "register_clear_vcap_uv_7", 0 0, o0x7fffff26c908;  0 drivers
o0x7fffff26c878 .functor BUFZ 1, C4<z>; HiZ drive
v0x555555ae39b0_0 .net "register_clear_vin_ov_5", 0 0, o0x7fffff26c878;  0 drivers
o0x7fffff26c758 .functor BUFZ 1, C4<z>; HiZ drive
v0x555555ae3a80_0 .net "register_clear_vin_uv_4", 0 0, o0x7fffff26c758;  0 drivers
o0x7fffff26d3b8 .functor BUFZ 1, C4<z>; HiZ drive
v0x555555ae3b50_0 .net "register_clear_vout_ov_9", 0 0, o0x7fffff26d3b8;  0 drivers
o0x7fffff26ca28 .functor BUFZ 1, C4<z>; HiZ drive
v0x555555ae3c20_0 .net "register_clear_vout_uv_8", 0 0, o0x7fffff26ca28;  0 drivers
o0x7fffff26c638 .functor BUFZ 1, C4<z>; HiZ drive
v0x555555ae3cf0_0 .net "register_clr_cap_low_15", 0 0, o0x7fffff26c638;  0 drivers
o0x7fffff270e68 .functor BUFZ 1, C4<z>; HiZ drive
v0x555555ae3dc0_0 .net "register_clr_cap_ov_1", 0 0, o0x7fffff270e68;  0 drivers
o0x7fffff26e018 .functor BUFZ 1, C4<z>; HiZ drive
v0x555555ae3e60_0 .net "register_clr_cap_uv_0", 0 0, o0x7fffff26e018;  0 drivers
o0x7fffff26c7e8 .functor BUFZ 1, C4<z>; HiZ drive
v0x555555ae3f30_0 .net "register_clr_gpi_ov_3", 0 0, o0x7fffff26c7e8;  0 drivers
o0x7fffff26c6c8 .functor BUFZ 1, C4<z>; HiZ drive
v0x555555ae4000_0 .net "register_clr_gpi_uv_2", 0 0, o0x7fffff26c6c8;  0 drivers
o0x7fffff270e98 .functor BUFZ 16, C4<zzzzzzzzzzzzzzzz>; HiZ drive
I0x555555a2c490 .island tran;
p0x7fffff270e98 .port I0x555555a2c490, o0x7fffff270e98;
v0x555555ae40d0_0 .net8 "register_dtemp_cold_lvl_15", 15 0, p0x7fffff270e98;  0 drivers, strength-aware
o0x7fffff270ec8 .functor BUFZ 16, C4<zzzzzzzzzzzzzzzz>; HiZ drive
I0x555555a2c840 .island tran;
p0x7fffff270ec8 .port I0x555555a2c840, o0x7fffff270ec8;
v0x555555ae4170_0 .net8 "register_dtemp_hot_lvl_15", 15 0, p0x7fffff270ec8;  0 drivers, strength-aware
o0x7fffff270ef8 .functor BUFZ 16, C4<zzzzzzzzzzzzzzzz>; HiZ drive
I0x555555a2ae70 .island tran;
p0x7fffff270ef8 .port I0x555555a2ae70, o0x7fffff270ef8;
v0x555555ae4210_0 .net8 "register_esr_high_lvl_15", 15 0, p0x7fffff270ef8;  0 drivers, strength-aware
o0x7fffff270f28 .functor BUFZ 16, C4<zzzzzzzzzzzzzzzz>; HiZ drive
I0x55555586ce20 .island tran;
p0x7fffff270f28 .port I0x55555586ce20, o0x7fffff270f28;
v0x555555ae42b0_0 .net8 "register_gpi_ov_lvl_15", 15 0, p0x7fffff270f28;  0 drivers, strength-aware
o0x7fffff270f58 .functor BUFZ 16, C4<zzzzzzzzzzzzzzzz>; HiZ drive
I0x555555a681a0 .island tran;
p0x7fffff270f58 .port I0x555555a681a0, o0x7fffff270f58;
v0x555555ae4350_0 .net8 "register_gpi_uv_lvl_15", 15 0, p0x7fffff270f58;  0 drivers, strength-aware
o0x7fffff270f88 .functor BUFZ 16, C4<zzzzzzzzzzzzzzzz>; HiZ drive
I0x555555a2c0e0 .island tran;
p0x7fffff270f88 .port I0x555555a2c0e0, o0x7fffff270f88;
v0x555555ae43f0_0 .net8 "register_ichg_uc_lvl_15", 15 0, p0x7fffff270f88;  0 drivers, strength-aware
o0x7fffff270fb8 .functor BUFZ 16, C4<zzzzzzzzzzzzzzzz>; HiZ drive
I0x555555a2bd30 .island tran;
p0x7fffff270fb8 .port I0x555555a2bd30, o0x7fffff270fb8;
v0x555555ae4490_0 .net8 "register_iin_oc_lvl_15", 15 0, p0x7fffff270fb8;  0 drivers, strength-aware
o0x7fffff270fe8 .functor BUFZ 16, C4<zzzzzzzzzzzzzzzz>; HiZ drive
I0x5555558a9d90 .island tran;
p0x7fffff270fe8 .port I0x5555558a9d90, o0x7fffff270fe8;
v0x555555ae4530_0 .net8 "register_mask_alarms_15", 15 0, p0x7fffff270fe8;  0 drivers, strength-aware
o0x7fffff271018 .functor BUFZ 16, C4<zzzzzzzzzzzzzzzz>; HiZ drive
I0x555555a2cbf0 .island tran;
p0x7fffff271018 .port I0x555555a2cbf0, o0x7fffff271018;
v0x555555ae45d0_0 .net8 "register_vcap_ov_lvl_15", 15 0, p0x7fffff271018;  0 drivers, strength-aware
o0x7fffff271048 .functor BUFZ 16, C4<zzzzzzzzzzzzzzzz>; HiZ drive
I0x555555a2b220 .island tran;
p0x7fffff271048 .port I0x555555a2b220, o0x7fffff271048;
v0x555555ae4670_0 .net8 "register_vcap_uv_lvl_15", 15 0, p0x7fffff271048;  0 drivers, strength-aware
o0x7fffff271078 .functor BUFZ 16, C4<zzzzzzzzzzzzzzzz>; HiZ drive
I0x555555a68310 .island tran;
p0x7fffff271078 .port I0x555555a68310, o0x7fffff271078;
v0x555555ae4710_0 .net8 "register_vin_ov_lvl_15", 15 0, p0x7fffff271078;  0 drivers, strength-aware
o0x7fffff2710a8 .functor BUFZ 16, C4<zzzzzzzzzzzzzzzz>; HiZ drive
I0x555555a68230 .island tran;
p0x7fffff2710a8 .port I0x555555a68230, o0x7fffff2710a8;
v0x555555ae47b0_0 .net8 "register_vin_uv_lvl_15", 15 0, p0x7fffff2710a8;  0 drivers, strength-aware
o0x7fffff2710d8 .functor BUFZ 16, C4<zzzzzzzzzzzzzzzz>; HiZ drive
I0x555555a2b5d0 .island tran;
p0x7fffff2710d8 .port I0x555555a2b5d0, o0x7fffff2710d8;
v0x555555ae4850_0 .net8 "register_vout_ov_lvl_15", 15 0, p0x7fffff2710d8;  0 drivers, strength-aware
o0x7fffff271108 .functor BUFZ 16, C4<zzzzzzzzzzzzzzzz>; HiZ drive
I0x555555a2b980 .island tran;
p0x7fffff271108 .port I0x555555a2b980, o0x7fffff271108;
v0x555555ae48f0_0 .net8 "register_vout_uv_lvl_15", 15 0, p0x7fffff271108;  0 drivers, strength-aware
o0x7fffff26bd38 .functor BUFZ 1, C4<z>; HiZ drive
p0x7fffff26bd38 .port I0x5555558a8a10, o0x7fffff26bd38;
 .tranvp 16 1 0, I0x5555558a8a10, p0x7fffff270e38 p0x7fffff26bd38;
o0x7fffff26bdc8 .functor BUFZ 1, C4<z>; HiZ drive
p0x7fffff26bdc8 .port I0x5555558a8a10, o0x7fffff26bdc8;
 .tranvp 16 1 1, I0x5555558a8a10, p0x7fffff270e38 p0x7fffff26bdc8;
o0x7fffff26c1b8 .functor BUFZ 1, C4<z>; HiZ drive
p0x7fffff26c1b8 .port I0x5555558a8a10, o0x7fffff26c1b8;
 .tranvp 16 1 2, I0x5555558a8a10, p0x7fffff270e38 p0x7fffff26c1b8;
o0x7fffff26c248 .functor BUFZ 1, C4<z>; HiZ drive
p0x7fffff26c248 .port I0x5555558a8a10, o0x7fffff26c248;
 .tranvp 16 1 3, I0x5555558a8a10, p0x7fffff270e38 p0x7fffff26c248;
o0x7fffff26c2d8 .functor BUFZ 1, C4<z>; HiZ drive
p0x7fffff26c2d8 .port I0x5555558a8a10, o0x7fffff26c2d8;
 .tranvp 16 1 4, I0x5555558a8a10, p0x7fffff270e38 p0x7fffff26c2d8;
o0x7fffff26c368 .functor BUFZ 1, C4<z>; HiZ drive
p0x7fffff26c368 .port I0x5555558a8a10, o0x7fffff26c368;
 .tranvp 16 1 5, I0x5555558a8a10, p0x7fffff270e38 p0x7fffff26c368;
o0x7fffff26c3f8 .functor BUFZ 1, C4<z>; HiZ drive
p0x7fffff26c3f8 .port I0x5555558a8a10, o0x7fffff26c3f8;
 .tranvp 16 1 6, I0x5555558a8a10, p0x7fffff270e38 p0x7fffff26c3f8;
o0x7fffff26c488 .functor BUFZ 1, C4<z>; HiZ drive
p0x7fffff26c488 .port I0x5555558a8a10, o0x7fffff26c488;
 .tranvp 16 1 7, I0x5555558a8a10, p0x7fffff270e38 p0x7fffff26c488;
o0x7fffff26c518 .functor BUFZ 1, C4<z>; HiZ drive
p0x7fffff26c518 .port I0x5555558a8a10, o0x7fffff26c518;
 .tranvp 16 1 8, I0x5555558a8a10, p0x7fffff270e38 p0x7fffff26c518;
o0x7fffff26c5a8 .functor BUFZ 1, C4<z>; HiZ drive
p0x7fffff26c5a8 .port I0x5555558a8a10, o0x7fffff26c5a8;
 .tranvp 16 1 9, I0x5555558a8a10, p0x7fffff270e38 p0x7fffff26c5a8;
o0x7fffff26cab8 .functor BUFZ 1, C4<z>; HiZ drive
p0x7fffff26cab8 .port I0x5555558a9b00, o0x7fffff26cab8;
 .tranvp 16 1 0, I0x5555558a9b00, p0x7fffff270e08 p0x7fffff26cab8;
o0x7fffff26cb48 .functor BUFZ 1, C4<z>; HiZ drive
p0x7fffff26cb48 .port I0x5555558a9b00, o0x7fffff26cb48;
 .tranvp 16 1 1, I0x5555558a9b00, p0x7fffff270e08 p0x7fffff26cb48;
o0x7fffff26cf38 .functor BUFZ 1, C4<z>; HiZ drive
p0x7fffff26cf38 .port I0x5555558a9b00, o0x7fffff26cf38;
 .tranvp 16 1 2, I0x5555558a9b00, p0x7fffff270e08 p0x7fffff26cf38;
o0x7fffff26cfc8 .functor BUFZ 1, C4<z>; HiZ drive
p0x7fffff26cfc8 .port I0x5555558a9b00, o0x7fffff26cfc8;
 .tranvp 16 1 3, I0x5555558a9b00, p0x7fffff270e08 p0x7fffff26cfc8;
o0x7fffff26d058 .functor BUFZ 1, C4<z>; HiZ drive
p0x7fffff26d058 .port I0x5555558a9b00, o0x7fffff26d058;
 .tranvp 16 1 4, I0x5555558a9b00, p0x7fffff270e08 p0x7fffff26d058;
o0x7fffff26d0e8 .functor BUFZ 1, C4<z>; HiZ drive
p0x7fffff26d0e8 .port I0x5555558a9b00, o0x7fffff26d0e8;
 .tranvp 16 1 5, I0x5555558a9b00, p0x7fffff270e08 p0x7fffff26d0e8;
o0x7fffff26d178 .functor BUFZ 1, C4<z>; HiZ drive
p0x7fffff26d178 .port I0x5555558a9b00, o0x7fffff26d178;
 .tranvp 16 1 6, I0x5555558a9b00, p0x7fffff270e08 p0x7fffff26d178;
o0x7fffff26d208 .functor BUFZ 1, C4<z>; HiZ drive
p0x7fffff26d208 .port I0x5555558a9b00, o0x7fffff26d208;
 .tranvp 16 1 7, I0x5555558a9b00, p0x7fffff270e08 p0x7fffff26d208;
o0x7fffff26d298 .functor BUFZ 1, C4<z>; HiZ drive
p0x7fffff26d298 .port I0x5555558a9b00, o0x7fffff26d298;
 .tranvp 16 1 8, I0x5555558a9b00, p0x7fffff270e08 p0x7fffff26d298;
o0x7fffff26d328 .functor BUFZ 1, C4<z>; HiZ drive
p0x7fffff26d328 .port I0x5555558a9b00, o0x7fffff26d328;
 .tranvp 16 1 9, I0x5555558a9b00, p0x7fffff270e08 p0x7fffff26d328;
o0x7fffff26d718 .functor BUFZ 1, C4<z>; HiZ drive
p0x7fffff26d718 .port I0x5555558a9d90, o0x7fffff26d718;
 .tranvp 16 1 0, I0x5555558a9d90, p0x7fffff270fe8 p0x7fffff26d718;
o0x7fffff26d7a8 .functor BUFZ 1, C4<z>; HiZ drive
p0x7fffff26d7a8 .port I0x5555558a9d90, o0x7fffff26d7a8;
 .tranvp 16 1 1, I0x5555558a9d90, p0x7fffff270fe8 p0x7fffff26d7a8;
o0x7fffff26db98 .functor BUFZ 1, C4<z>; HiZ drive
p0x7fffff26db98 .port I0x5555558a9d90, o0x7fffff26db98;
 .tranvp 16 1 2, I0x5555558a9d90, p0x7fffff270fe8 p0x7fffff26db98;
o0x7fffff26dc28 .functor BUFZ 1, C4<z>; HiZ drive
p0x7fffff26dc28 .port I0x5555558a9d90, o0x7fffff26dc28;
 .tranvp 16 1 3, I0x5555558a9d90, p0x7fffff270fe8 p0x7fffff26dc28;
o0x7fffff26dcb8 .functor BUFZ 1, C4<z>; HiZ drive
p0x7fffff26dcb8 .port I0x5555558a9d90, o0x7fffff26dcb8;
 .tranvp 16 1 4, I0x5555558a9d90, p0x7fffff270fe8 p0x7fffff26dcb8;
o0x7fffff26dd48 .functor BUFZ 1, C4<z>; HiZ drive
p0x7fffff26dd48 .port I0x5555558a9d90, o0x7fffff26dd48;
 .tranvp 16 1 5, I0x5555558a9d90, p0x7fffff270fe8 p0x7fffff26dd48;
o0x7fffff26ddd8 .functor BUFZ 1, C4<z>; HiZ drive
p0x7fffff26ddd8 .port I0x5555558a9d90, o0x7fffff26ddd8;
 .tranvp 16 1 6, I0x5555558a9d90, p0x7fffff270fe8 p0x7fffff26ddd8;
o0x7fffff26de68 .functor BUFZ 1, C4<z>; HiZ drive
p0x7fffff26de68 .port I0x5555558a9d90, o0x7fffff26de68;
 .tranvp 16 1 7, I0x5555558a9d90, p0x7fffff270fe8 p0x7fffff26de68;
o0x7fffff26def8 .functor BUFZ 1, C4<z>; HiZ drive
p0x7fffff26def8 .port I0x5555558a9d90, o0x7fffff26def8;
 .tranvp 16 1 8, I0x5555558a9d90, p0x7fffff270fe8 p0x7fffff26def8;
o0x7fffff26df88 .functor BUFZ 1, C4<z>; HiZ drive
p0x7fffff26df88 .port I0x5555558a9d90, o0x7fffff26df88;
 .tranvp 16 1 9, I0x5555558a9d90, p0x7fffff270fe8 p0x7fffff26df88;
o0x7fffff26e0a8 .functor BUFZ 1, C4<z>; HiZ drive
p0x7fffff26e0a8 .port I0x55555586ce20, o0x7fffff26e0a8;
 .tranvp 16 1 0, I0x55555586ce20, p0x7fffff270f28 p0x7fffff26e0a8;
o0x7fffff26e138 .functor BUFZ 1, C4<z>; HiZ drive
p0x7fffff26e138 .port I0x55555586ce20, o0x7fffff26e138;
 .tranvp 16 1 1, I0x55555586ce20, p0x7fffff270f28 p0x7fffff26e138;
o0x7fffff26e528 .functor BUFZ 1, C4<z>; HiZ drive
p0x7fffff26e528 .port I0x55555586ce20, o0x7fffff26e528;
 .tranvp 16 1 2, I0x55555586ce20, p0x7fffff270f28 p0x7fffff26e528;
o0x7fffff26e5b8 .functor BUFZ 1, C4<z>; HiZ drive
p0x7fffff26e5b8 .port I0x55555586ce20, o0x7fffff26e5b8;
 .tranvp 16 1 3, I0x55555586ce20, p0x7fffff270f28 p0x7fffff26e5b8;
o0x7fffff26e648 .functor BUFZ 1, C4<z>; HiZ drive
p0x7fffff26e648 .port I0x55555586ce20, o0x7fffff26e648;
 .tranvp 16 1 4, I0x55555586ce20, p0x7fffff270f28 p0x7fffff26e648;
o0x7fffff26e6d8 .functor BUFZ 1, C4<z>; HiZ drive
p0x7fffff26e6d8 .port I0x55555586ce20, o0x7fffff26e6d8;
 .tranvp 16 1 5, I0x55555586ce20, p0x7fffff270f28 p0x7fffff26e6d8;
o0x7fffff26e768 .functor BUFZ 1, C4<z>; HiZ drive
p0x7fffff26e768 .port I0x55555586ce20, o0x7fffff26e768;
 .tranvp 16 1 6, I0x55555586ce20, p0x7fffff270f28 p0x7fffff26e768;
o0x7fffff26e7f8 .functor BUFZ 1, C4<z>; HiZ drive
p0x7fffff26e7f8 .port I0x55555586ce20, o0x7fffff26e7f8;
 .tranvp 16 1 7, I0x55555586ce20, p0x7fffff270f28 p0x7fffff26e7f8;
o0x7fffff26e888 .functor BUFZ 1, C4<z>; HiZ drive
p0x7fffff26e888 .port I0x55555586ce20, o0x7fffff26e888;
 .tranvp 16 1 8, I0x55555586ce20, p0x7fffff270f28 p0x7fffff26e888;
o0x7fffff26e918 .functor BUFZ 1, C4<z>; HiZ drive
p0x7fffff26e918 .port I0x55555586ce20, o0x7fffff26e918;
 .tranvp 16 1 9, I0x55555586ce20, p0x7fffff270f28 p0x7fffff26e918;
o0x7fffff26e9a8 .functor BUFZ 1, C4<z>; HiZ drive
p0x7fffff26e9a8 .port I0x555555a681a0, o0x7fffff26e9a8;
 .tranvp 16 1 0, I0x555555a681a0, p0x7fffff270f58 p0x7fffff26e9a8;
o0x7fffff26ea38 .functor BUFZ 1, C4<z>; HiZ drive
p0x7fffff26ea38 .port I0x555555a681a0, o0x7fffff26ea38;
 .tranvp 16 1 1, I0x555555a681a0, p0x7fffff270f58 p0x7fffff26ea38;
o0x7fffff26ee28 .functor BUFZ 1, C4<z>; HiZ drive
p0x7fffff26ee28 .port I0x555555a681a0, o0x7fffff26ee28;
 .tranvp 16 1 2, I0x555555a681a0, p0x7fffff270f58 p0x7fffff26ee28;
o0x7fffff26eeb8 .functor BUFZ 1, C4<z>; HiZ drive
p0x7fffff26eeb8 .port I0x555555a681a0, o0x7fffff26eeb8;
 .tranvp 16 1 3, I0x555555a681a0, p0x7fffff270f58 p0x7fffff26eeb8;
o0x7fffff26ef48 .functor BUFZ 1, C4<z>; HiZ drive
p0x7fffff26ef48 .port I0x555555a681a0, o0x7fffff26ef48;
 .tranvp 16 1 4, I0x555555a681a0, p0x7fffff270f58 p0x7fffff26ef48;
o0x7fffff26efd8 .functor BUFZ 1, C4<z>; HiZ drive
p0x7fffff26efd8 .port I0x555555a681a0, o0x7fffff26efd8;
 .tranvp 16 1 5, I0x555555a681a0, p0x7fffff270f58 p0x7fffff26efd8;
o0x7fffff26f068 .functor BUFZ 1, C4<z>; HiZ drive
p0x7fffff26f068 .port I0x555555a681a0, o0x7fffff26f068;
 .tranvp 16 1 6, I0x555555a681a0, p0x7fffff270f58 p0x7fffff26f068;
o0x7fffff26f0f8 .functor BUFZ 1, C4<z>; HiZ drive
p0x7fffff26f0f8 .port I0x555555a681a0, o0x7fffff26f0f8;
 .tranvp 16 1 7, I0x555555a681a0, p0x7fffff270f58 p0x7fffff26f0f8;
o0x7fffff26f188 .functor BUFZ 1, C4<z>; HiZ drive
p0x7fffff26f188 .port I0x555555a681a0, o0x7fffff26f188;
 .tranvp 16 1 8, I0x555555a681a0, p0x7fffff270f58 p0x7fffff26f188;
o0x7fffff26f218 .functor BUFZ 1, C4<z>; HiZ drive
p0x7fffff26f218 .port I0x555555a681a0, o0x7fffff26f218;
 .tranvp 16 1 9, I0x555555a681a0, p0x7fffff270f58 p0x7fffff26f218;
o0x7fffff26f2a8 .functor BUFZ 1, C4<z>; HiZ drive
p0x7fffff26f2a8 .port I0x555555a68230, o0x7fffff26f2a8;
 .tranvp 16 1 0, I0x555555a68230, p0x7fffff2710a8 p0x7fffff26f2a8;
o0x7fffff26f338 .functor BUFZ 1, C4<z>; HiZ drive
p0x7fffff26f338 .port I0x555555a68230, o0x7fffff26f338;
 .tranvp 16 1 1, I0x555555a68230, p0x7fffff2710a8 p0x7fffff26f338;
o0x7fffff26f728 .functor BUFZ 1, C4<z>; HiZ drive
p0x7fffff26f728 .port I0x555555a68230, o0x7fffff26f728;
 .tranvp 16 1 2, I0x555555a68230, p0x7fffff2710a8 p0x7fffff26f728;
o0x7fffff26f7b8 .functor BUFZ 1, C4<z>; HiZ drive
p0x7fffff26f7b8 .port I0x555555a68230, o0x7fffff26f7b8;
 .tranvp 16 1 3, I0x555555a68230, p0x7fffff2710a8 p0x7fffff26f7b8;
o0x7fffff26f848 .functor BUFZ 1, C4<z>; HiZ drive
p0x7fffff26f848 .port I0x555555a68230, o0x7fffff26f848;
 .tranvp 16 1 4, I0x555555a68230, p0x7fffff2710a8 p0x7fffff26f848;
o0x7fffff26f8d8 .functor BUFZ 1, C4<z>; HiZ drive
p0x7fffff26f8d8 .port I0x555555a68230, o0x7fffff26f8d8;
 .tranvp 16 1 5, I0x555555a68230, p0x7fffff2710a8 p0x7fffff26f8d8;
o0x7fffff26f968 .functor BUFZ 1, C4<z>; HiZ drive
p0x7fffff26f968 .port I0x555555a68230, o0x7fffff26f968;
 .tranvp 16 1 6, I0x555555a68230, p0x7fffff2710a8 p0x7fffff26f968;
o0x7fffff26f9f8 .functor BUFZ 1, C4<z>; HiZ drive
p0x7fffff26f9f8 .port I0x555555a68230, o0x7fffff26f9f8;
 .tranvp 16 1 7, I0x555555a68230, p0x7fffff2710a8 p0x7fffff26f9f8;
o0x7fffff26fa88 .functor BUFZ 1, C4<z>; HiZ drive
p0x7fffff26fa88 .port I0x555555a68230, o0x7fffff26fa88;
 .tranvp 16 1 8, I0x555555a68230, p0x7fffff2710a8 p0x7fffff26fa88;
o0x7fffff26fb18 .functor BUFZ 1, C4<z>; HiZ drive
p0x7fffff26fb18 .port I0x555555a68230, o0x7fffff26fb18;
 .tranvp 16 1 9, I0x555555a68230, p0x7fffff2710a8 p0x7fffff26fb18;
o0x7fffff26fba8 .functor BUFZ 1, C4<z>; HiZ drive
p0x7fffff26fba8 .port I0x555555a68310, o0x7fffff26fba8;
 .tranvp 16 1 0, I0x555555a68310, p0x7fffff271078 p0x7fffff26fba8;
o0x7fffff26fc38 .functor BUFZ 1, C4<z>; HiZ drive
p0x7fffff26fc38 .port I0x555555a68310, o0x7fffff26fc38;
 .tranvp 16 1 1, I0x555555a68310, p0x7fffff271078 p0x7fffff26fc38;
o0x7fffff270028 .functor BUFZ 1, C4<z>; HiZ drive
p0x7fffff270028 .port I0x555555a68310, o0x7fffff270028;
 .tranvp 16 1 2, I0x555555a68310, p0x7fffff271078 p0x7fffff270028;
o0x7fffff2700b8 .functor BUFZ 1, C4<z>; HiZ drive
p0x7fffff2700b8 .port I0x555555a68310, o0x7fffff2700b8;
 .tranvp 16 1 3, I0x555555a68310, p0x7fffff271078 p0x7fffff2700b8;
o0x7fffff270148 .functor BUFZ 1, C4<z>; HiZ drive
p0x7fffff270148 .port I0x555555a68310, o0x7fffff270148;
 .tranvp 16 1 4, I0x555555a68310, p0x7fffff271078 p0x7fffff270148;
o0x7fffff2701d8 .functor BUFZ 1, C4<z>; HiZ drive
p0x7fffff2701d8 .port I0x555555a68310, o0x7fffff2701d8;
 .tranvp 16 1 5, I0x555555a68310, p0x7fffff271078 p0x7fffff2701d8;
o0x7fffff270268 .functor BUFZ 1, C4<z>; HiZ drive
p0x7fffff270268 .port I0x555555a68310, o0x7fffff270268;
 .tranvp 16 1 6, I0x555555a68310, p0x7fffff271078 p0x7fffff270268;
o0x7fffff2702f8 .functor BUFZ 1, C4<z>; HiZ drive
p0x7fffff2702f8 .port I0x555555a68310, o0x7fffff2702f8;
 .tranvp 16 1 7, I0x555555a68310, p0x7fffff271078 p0x7fffff2702f8;
o0x7fffff270388 .functor BUFZ 1, C4<z>; HiZ drive
p0x7fffff270388 .port I0x555555a68310, o0x7fffff270388;
 .tranvp 16 1 8, I0x555555a68310, p0x7fffff271078 p0x7fffff270388;
o0x7fffff270418 .functor BUFZ 1, C4<z>; HiZ drive
p0x7fffff270418 .port I0x555555a68310, o0x7fffff270418;
 .tranvp 16 1 9, I0x555555a68310, p0x7fffff271078 p0x7fffff270418;
o0x7fffff2704a8 .functor BUFZ 1, C4<z>; HiZ drive
p0x7fffff2704a8 .port I0x555555a2cbf0, o0x7fffff2704a8;
 .tranvp 16 1 0, I0x555555a2cbf0, p0x7fffff271018 p0x7fffff2704a8;
o0x7fffff270538 .functor BUFZ 1, C4<z>; HiZ drive
p0x7fffff270538 .port I0x555555a2cbf0, o0x7fffff270538;
 .tranvp 16 1 1, I0x555555a2cbf0, p0x7fffff271018 p0x7fffff270538;
o0x7fffff270928 .functor BUFZ 1, C4<z>; HiZ drive
p0x7fffff270928 .port I0x555555a2cbf0, o0x7fffff270928;
 .tranvp 16 1 2, I0x555555a2cbf0, p0x7fffff271018 p0x7fffff270928;
o0x7fffff2709b8 .functor BUFZ 1, C4<z>; HiZ drive
p0x7fffff2709b8 .port I0x555555a2cbf0, o0x7fffff2709b8;
 .tranvp 16 1 3, I0x555555a2cbf0, p0x7fffff271018 p0x7fffff2709b8;
o0x7fffff270a48 .functor BUFZ 1, C4<z>; HiZ drive
p0x7fffff270a48 .port I0x555555a2cbf0, o0x7fffff270a48;
 .tranvp 16 1 4, I0x555555a2cbf0, p0x7fffff271018 p0x7fffff270a48;
o0x7fffff270ad8 .functor BUFZ 1, C4<z>; HiZ drive
p0x7fffff270ad8 .port I0x555555a2cbf0, o0x7fffff270ad8;
 .tranvp 16 1 5, I0x555555a2cbf0, p0x7fffff271018 p0x7fffff270ad8;
o0x7fffff270b68 .functor BUFZ 1, C4<z>; HiZ drive
p0x7fffff270b68 .port I0x555555a2cbf0, o0x7fffff270b68;
 .tranvp 16 1 6, I0x555555a2cbf0, p0x7fffff271018 p0x7fffff270b68;
o0x7fffff270bf8 .functor BUFZ 1, C4<z>; HiZ drive
p0x7fffff270bf8 .port I0x555555a2cbf0, o0x7fffff270bf8;
 .tranvp 16 1 7, I0x555555a2cbf0, p0x7fffff271018 p0x7fffff270bf8;
o0x7fffff270c88 .functor BUFZ 1, C4<z>; HiZ drive
p0x7fffff270c88 .port I0x555555a2cbf0, o0x7fffff270c88;
 .tranvp 16 1 8, I0x555555a2cbf0, p0x7fffff271018 p0x7fffff270c88;
o0x7fffff270d18 .functor BUFZ 1, C4<z>; HiZ drive
p0x7fffff270d18 .port I0x555555a2cbf0, o0x7fffff270d18;
 .tranvp 16 1 9, I0x555555a2cbf0, p0x7fffff271018 p0x7fffff270d18;
o0x7fffff266c38 .functor BUFZ 1, C4<z>; HiZ drive
p0x7fffff266c38 .port I0x555555a2b220, o0x7fffff266c38;
 .tranvp 16 1 0, I0x555555a2b220, p0x7fffff271048 p0x7fffff266c38;
o0x7fffff266cc8 .functor BUFZ 1, C4<z>; HiZ drive
p0x7fffff266cc8 .port I0x555555a2b220, o0x7fffff266cc8;
 .tranvp 16 1 1, I0x555555a2b220, p0x7fffff271048 p0x7fffff266cc8;
o0x7fffff2670b8 .functor BUFZ 1, C4<z>; HiZ drive
p0x7fffff2670b8 .port I0x555555a2b220, o0x7fffff2670b8;
 .tranvp 16 1 2, I0x555555a2b220, p0x7fffff271048 p0x7fffff2670b8;
o0x7fffff267148 .functor BUFZ 1, C4<z>; HiZ drive
p0x7fffff267148 .port I0x555555a2b220, o0x7fffff267148;
 .tranvp 16 1 3, I0x555555a2b220, p0x7fffff271048 p0x7fffff267148;
o0x7fffff2671d8 .functor BUFZ 1, C4<z>; HiZ drive
p0x7fffff2671d8 .port I0x555555a2b220, o0x7fffff2671d8;
 .tranvp 16 1 4, I0x555555a2b220, p0x7fffff271048 p0x7fffff2671d8;
o0x7fffff267268 .functor BUFZ 1, C4<z>; HiZ drive
p0x7fffff267268 .port I0x555555a2b220, o0x7fffff267268;
 .tranvp 16 1 5, I0x555555a2b220, p0x7fffff271048 p0x7fffff267268;
o0x7fffff2672f8 .functor BUFZ 1, C4<z>; HiZ drive
p0x7fffff2672f8 .port I0x555555a2b220, o0x7fffff2672f8;
 .tranvp 16 1 6, I0x555555a2b220, p0x7fffff271048 p0x7fffff2672f8;
o0x7fffff267388 .functor BUFZ 1, C4<z>; HiZ drive
p0x7fffff267388 .port I0x555555a2b220, o0x7fffff267388;
 .tranvp 16 1 7, I0x555555a2b220, p0x7fffff271048 p0x7fffff267388;
o0x7fffff267418 .functor BUFZ 1, C4<z>; HiZ drive
p0x7fffff267418 .port I0x555555a2b220, o0x7fffff267418;
 .tranvp 16 1 8, I0x555555a2b220, p0x7fffff271048 p0x7fffff267418;
o0x7fffff2674a8 .functor BUFZ 1, C4<z>; HiZ drive
p0x7fffff2674a8 .port I0x555555a2b220, o0x7fffff2674a8;
 .tranvp 16 1 9, I0x555555a2b220, p0x7fffff271048 p0x7fffff2674a8;
o0x7fffff267538 .functor BUFZ 1, C4<z>; HiZ drive
p0x7fffff267538 .port I0x555555a2b5d0, o0x7fffff267538;
 .tranvp 16 1 0, I0x555555a2b5d0, p0x7fffff2710d8 p0x7fffff267538;
o0x7fffff2675c8 .functor BUFZ 1, C4<z>; HiZ drive
p0x7fffff2675c8 .port I0x555555a2b5d0, o0x7fffff2675c8;
 .tranvp 16 1 1, I0x555555a2b5d0, p0x7fffff2710d8 p0x7fffff2675c8;
o0x7fffff2679b8 .functor BUFZ 1, C4<z>; HiZ drive
p0x7fffff2679b8 .port I0x555555a2b5d0, o0x7fffff2679b8;
 .tranvp 16 1 2, I0x555555a2b5d0, p0x7fffff2710d8 p0x7fffff2679b8;
o0x7fffff267a48 .functor BUFZ 1, C4<z>; HiZ drive
p0x7fffff267a48 .port I0x555555a2b5d0, o0x7fffff267a48;
 .tranvp 16 1 3, I0x555555a2b5d0, p0x7fffff2710d8 p0x7fffff267a48;
o0x7fffff267ad8 .functor BUFZ 1, C4<z>; HiZ drive
p0x7fffff267ad8 .port I0x555555a2b5d0, o0x7fffff267ad8;
 .tranvp 16 1 4, I0x555555a2b5d0, p0x7fffff2710d8 p0x7fffff267ad8;
o0x7fffff267b68 .functor BUFZ 1, C4<z>; HiZ drive
p0x7fffff267b68 .port I0x555555a2b5d0, o0x7fffff267b68;
 .tranvp 16 1 5, I0x555555a2b5d0, p0x7fffff2710d8 p0x7fffff267b68;
o0x7fffff267bf8 .functor BUFZ 1, C4<z>; HiZ drive
p0x7fffff267bf8 .port I0x555555a2b5d0, o0x7fffff267bf8;
 .tranvp 16 1 6, I0x555555a2b5d0, p0x7fffff2710d8 p0x7fffff267bf8;
o0x7fffff267c88 .functor BUFZ 1, C4<z>; HiZ drive
p0x7fffff267c88 .port I0x555555a2b5d0, o0x7fffff267c88;
 .tranvp 16 1 7, I0x555555a2b5d0, p0x7fffff2710d8 p0x7fffff267c88;
o0x7fffff267d18 .functor BUFZ 1, C4<z>; HiZ drive
p0x7fffff267d18 .port I0x555555a2b5d0, o0x7fffff267d18;
 .tranvp 16 1 8, I0x555555a2b5d0, p0x7fffff2710d8 p0x7fffff267d18;
o0x7fffff267da8 .functor BUFZ 1, C4<z>; HiZ drive
p0x7fffff267da8 .port I0x555555a2b5d0, o0x7fffff267da8;
 .tranvp 16 1 9, I0x555555a2b5d0, p0x7fffff2710d8 p0x7fffff267da8;
o0x7fffff267e38 .functor BUFZ 1, C4<z>; HiZ drive
p0x7fffff267e38 .port I0x555555a2b980, o0x7fffff267e38;
 .tranvp 16 1 0, I0x555555a2b980, p0x7fffff271108 p0x7fffff267e38;
o0x7fffff267ec8 .functor BUFZ 1, C4<z>; HiZ drive
p0x7fffff267ec8 .port I0x555555a2b980, o0x7fffff267ec8;
 .tranvp 16 1 1, I0x555555a2b980, p0x7fffff271108 p0x7fffff267ec8;
o0x7fffff2682b8 .functor BUFZ 1, C4<z>; HiZ drive
p0x7fffff2682b8 .port I0x555555a2b980, o0x7fffff2682b8;
 .tranvp 16 1 2, I0x555555a2b980, p0x7fffff271108 p0x7fffff2682b8;
o0x7fffff268348 .functor BUFZ 1, C4<z>; HiZ drive
p0x7fffff268348 .port I0x555555a2b980, o0x7fffff268348;
 .tranvp 16 1 3, I0x555555a2b980, p0x7fffff271108 p0x7fffff268348;
o0x7fffff2683d8 .functor BUFZ 1, C4<z>; HiZ drive
p0x7fffff2683d8 .port I0x555555a2b980, o0x7fffff2683d8;
 .tranvp 16 1 4, I0x555555a2b980, p0x7fffff271108 p0x7fffff2683d8;
o0x7fffff268468 .functor BUFZ 1, C4<z>; HiZ drive
p0x7fffff268468 .port I0x555555a2b980, o0x7fffff268468;
 .tranvp 16 1 5, I0x555555a2b980, p0x7fffff271108 p0x7fffff268468;
o0x7fffff2684f8 .functor BUFZ 1, C4<z>; HiZ drive
p0x7fffff2684f8 .port I0x555555a2b980, o0x7fffff2684f8;
 .tranvp 16 1 6, I0x555555a2b980, p0x7fffff271108 p0x7fffff2684f8;
o0x7fffff268588 .functor BUFZ 1, C4<z>; HiZ drive
p0x7fffff268588 .port I0x555555a2b980, o0x7fffff268588;
 .tranvp 16 1 7, I0x555555a2b980, p0x7fffff271108 p0x7fffff268588;
o0x7fffff268618 .functor BUFZ 1, C4<z>; HiZ drive
p0x7fffff268618 .port I0x555555a2b980, o0x7fffff268618;
 .tranvp 16 1 8, I0x555555a2b980, p0x7fffff271108 p0x7fffff268618;
o0x7fffff2686a8 .functor BUFZ 1, C4<z>; HiZ drive
p0x7fffff2686a8 .port I0x555555a2b980, o0x7fffff2686a8;
 .tranvp 16 1 9, I0x555555a2b980, p0x7fffff271108 p0x7fffff2686a8;
o0x7fffff268738 .functor BUFZ 1, C4<z>; HiZ drive
p0x7fffff268738 .port I0x555555a2bd30, o0x7fffff268738;
 .tranvp 16 1 0, I0x555555a2bd30, p0x7fffff270fb8 p0x7fffff268738;
o0x7fffff2687c8 .functor BUFZ 1, C4<z>; HiZ drive
p0x7fffff2687c8 .port I0x555555a2bd30, o0x7fffff2687c8;
 .tranvp 16 1 1, I0x555555a2bd30, p0x7fffff270fb8 p0x7fffff2687c8;
o0x7fffff268bb8 .functor BUFZ 1, C4<z>; HiZ drive
p0x7fffff268bb8 .port I0x555555a2bd30, o0x7fffff268bb8;
 .tranvp 16 1 2, I0x555555a2bd30, p0x7fffff270fb8 p0x7fffff268bb8;
o0x7fffff268c48 .functor BUFZ 1, C4<z>; HiZ drive
p0x7fffff268c48 .port I0x555555a2bd30, o0x7fffff268c48;
 .tranvp 16 1 3, I0x555555a2bd30, p0x7fffff270fb8 p0x7fffff268c48;
o0x7fffff268cd8 .functor BUFZ 1, C4<z>; HiZ drive
p0x7fffff268cd8 .port I0x555555a2bd30, o0x7fffff268cd8;
 .tranvp 16 1 4, I0x555555a2bd30, p0x7fffff270fb8 p0x7fffff268cd8;
o0x7fffff268d68 .functor BUFZ 1, C4<z>; HiZ drive
p0x7fffff268d68 .port I0x555555a2bd30, o0x7fffff268d68;
 .tranvp 16 1 5, I0x555555a2bd30, p0x7fffff270fb8 p0x7fffff268d68;
o0x7fffff268df8 .functor BUFZ 1, C4<z>; HiZ drive
p0x7fffff268df8 .port I0x555555a2bd30, o0x7fffff268df8;
 .tranvp 16 1 6, I0x555555a2bd30, p0x7fffff270fb8 p0x7fffff268df8;
o0x7fffff268e88 .functor BUFZ 1, C4<z>; HiZ drive
p0x7fffff268e88 .port I0x555555a2bd30, o0x7fffff268e88;
 .tranvp 16 1 7, I0x555555a2bd30, p0x7fffff270fb8 p0x7fffff268e88;
o0x7fffff268f18 .functor BUFZ 1, C4<z>; HiZ drive
p0x7fffff268f18 .port I0x555555a2bd30, o0x7fffff268f18;
 .tranvp 16 1 8, I0x555555a2bd30, p0x7fffff270fb8 p0x7fffff268f18;
o0x7fffff268fa8 .functor BUFZ 1, C4<z>; HiZ drive
p0x7fffff268fa8 .port I0x555555a2bd30, o0x7fffff268fa8;
 .tranvp 16 1 9, I0x555555a2bd30, p0x7fffff270fb8 p0x7fffff268fa8;
o0x7fffff269038 .functor BUFZ 1, C4<z>; HiZ drive
p0x7fffff269038 .port I0x555555a2c0e0, o0x7fffff269038;
 .tranvp 16 1 0, I0x555555a2c0e0, p0x7fffff270f88 p0x7fffff269038;
o0x7fffff2690c8 .functor BUFZ 1, C4<z>; HiZ drive
p0x7fffff2690c8 .port I0x555555a2c0e0, o0x7fffff2690c8;
 .tranvp 16 1 1, I0x555555a2c0e0, p0x7fffff270f88 p0x7fffff2690c8;
o0x7fffff2694b8 .functor BUFZ 1, C4<z>; HiZ drive
p0x7fffff2694b8 .port I0x555555a2c0e0, o0x7fffff2694b8;
 .tranvp 16 1 2, I0x555555a2c0e0, p0x7fffff270f88 p0x7fffff2694b8;
o0x7fffff269548 .functor BUFZ 1, C4<z>; HiZ drive
p0x7fffff269548 .port I0x555555a2c0e0, o0x7fffff269548;
 .tranvp 16 1 3, I0x555555a2c0e0, p0x7fffff270f88 p0x7fffff269548;
o0x7fffff2695d8 .functor BUFZ 1, C4<z>; HiZ drive
p0x7fffff2695d8 .port I0x555555a2c0e0, o0x7fffff2695d8;
 .tranvp 16 1 4, I0x555555a2c0e0, p0x7fffff270f88 p0x7fffff2695d8;
o0x7fffff269668 .functor BUFZ 1, C4<z>; HiZ drive
p0x7fffff269668 .port I0x555555a2c0e0, o0x7fffff269668;
 .tranvp 16 1 5, I0x555555a2c0e0, p0x7fffff270f88 p0x7fffff269668;
o0x7fffff2696f8 .functor BUFZ 1, C4<z>; HiZ drive
p0x7fffff2696f8 .port I0x555555a2c0e0, o0x7fffff2696f8;
 .tranvp 16 1 6, I0x555555a2c0e0, p0x7fffff270f88 p0x7fffff2696f8;
o0x7fffff269788 .functor BUFZ 1, C4<z>; HiZ drive
p0x7fffff269788 .port I0x555555a2c0e0, o0x7fffff269788;
 .tranvp 16 1 7, I0x555555a2c0e0, p0x7fffff270f88 p0x7fffff269788;
o0x7fffff269818 .functor BUFZ 1, C4<z>; HiZ drive
p0x7fffff269818 .port I0x555555a2c0e0, o0x7fffff269818;
 .tranvp 16 1 8, I0x555555a2c0e0, p0x7fffff270f88 p0x7fffff269818;
o0x7fffff2698a8 .functor BUFZ 1, C4<z>; HiZ drive
p0x7fffff2698a8 .port I0x555555a2c0e0, o0x7fffff2698a8;
 .tranvp 16 1 9, I0x555555a2c0e0, p0x7fffff270f88 p0x7fffff2698a8;
o0x7fffff269938 .functor BUFZ 1, C4<z>; HiZ drive
p0x7fffff269938 .port I0x555555a2c490, o0x7fffff269938;
 .tranvp 16 1 0, I0x555555a2c490, p0x7fffff270e98 p0x7fffff269938;
o0x7fffff2699c8 .functor BUFZ 1, C4<z>; HiZ drive
p0x7fffff2699c8 .port I0x555555a2c490, o0x7fffff2699c8;
 .tranvp 16 1 1, I0x555555a2c490, p0x7fffff270e98 p0x7fffff2699c8;
o0x7fffff269db8 .functor BUFZ 1, C4<z>; HiZ drive
p0x7fffff269db8 .port I0x555555a2c490, o0x7fffff269db8;
 .tranvp 16 1 2, I0x555555a2c490, p0x7fffff270e98 p0x7fffff269db8;
o0x7fffff269e48 .functor BUFZ 1, C4<z>; HiZ drive
p0x7fffff269e48 .port I0x555555a2c490, o0x7fffff269e48;
 .tranvp 16 1 3, I0x555555a2c490, p0x7fffff270e98 p0x7fffff269e48;
o0x7fffff269ed8 .functor BUFZ 1, C4<z>; HiZ drive
p0x7fffff269ed8 .port I0x555555a2c490, o0x7fffff269ed8;
 .tranvp 16 1 4, I0x555555a2c490, p0x7fffff270e98 p0x7fffff269ed8;
o0x7fffff269f68 .functor BUFZ 1, C4<z>; HiZ drive
p0x7fffff269f68 .port I0x555555a2c490, o0x7fffff269f68;
 .tranvp 16 1 5, I0x555555a2c490, p0x7fffff270e98 p0x7fffff269f68;
o0x7fffff269ff8 .functor BUFZ 1, C4<z>; HiZ drive
p0x7fffff269ff8 .port I0x555555a2c490, o0x7fffff269ff8;
 .tranvp 16 1 6, I0x555555a2c490, p0x7fffff270e98 p0x7fffff269ff8;
o0x7fffff26a088 .functor BUFZ 1, C4<z>; HiZ drive
p0x7fffff26a088 .port I0x555555a2c490, o0x7fffff26a088;
 .tranvp 16 1 7, I0x555555a2c490, p0x7fffff270e98 p0x7fffff26a088;
o0x7fffff26a118 .functor BUFZ 1, C4<z>; HiZ drive
p0x7fffff26a118 .port I0x555555a2c490, o0x7fffff26a118;
 .tranvp 16 1 8, I0x555555a2c490, p0x7fffff270e98 p0x7fffff26a118;
o0x7fffff26a1a8 .functor BUFZ 1, C4<z>; HiZ drive
p0x7fffff26a1a8 .port I0x555555a2c490, o0x7fffff26a1a8;
 .tranvp 16 1 9, I0x555555a2c490, p0x7fffff270e98 p0x7fffff26a1a8;
o0x7fffff26a238 .functor BUFZ 1, C4<z>; HiZ drive
p0x7fffff26a238 .port I0x555555a2c840, o0x7fffff26a238;
 .tranvp 16 1 0, I0x555555a2c840, p0x7fffff270ec8 p0x7fffff26a238;
o0x7fffff26a2c8 .functor BUFZ 1, C4<z>; HiZ drive
p0x7fffff26a2c8 .port I0x555555a2c840, o0x7fffff26a2c8;
 .tranvp 16 1 1, I0x555555a2c840, p0x7fffff270ec8 p0x7fffff26a2c8;
o0x7fffff26a6b8 .functor BUFZ 1, C4<z>; HiZ drive
p0x7fffff26a6b8 .port I0x555555a2c840, o0x7fffff26a6b8;
 .tranvp 16 1 2, I0x555555a2c840, p0x7fffff270ec8 p0x7fffff26a6b8;
o0x7fffff26a748 .functor BUFZ 1, C4<z>; HiZ drive
p0x7fffff26a748 .port I0x555555a2c840, o0x7fffff26a748;
 .tranvp 16 1 3, I0x555555a2c840, p0x7fffff270ec8 p0x7fffff26a748;
o0x7fffff26a7d8 .functor BUFZ 1, C4<z>; HiZ drive
p0x7fffff26a7d8 .port I0x555555a2c840, o0x7fffff26a7d8;
 .tranvp 16 1 4, I0x555555a2c840, p0x7fffff270ec8 p0x7fffff26a7d8;
o0x7fffff26a868 .functor BUFZ 1, C4<z>; HiZ drive
p0x7fffff26a868 .port I0x555555a2c840, o0x7fffff26a868;
 .tranvp 16 1 5, I0x555555a2c840, p0x7fffff270ec8 p0x7fffff26a868;
o0x7fffff26a8f8 .functor BUFZ 1, C4<z>; HiZ drive
p0x7fffff26a8f8 .port I0x555555a2c840, o0x7fffff26a8f8;
 .tranvp 16 1 6, I0x555555a2c840, p0x7fffff270ec8 p0x7fffff26a8f8;
o0x7fffff26a988 .functor BUFZ 1, C4<z>; HiZ drive
p0x7fffff26a988 .port I0x555555a2c840, o0x7fffff26a988;
 .tranvp 16 1 7, I0x555555a2c840, p0x7fffff270ec8 p0x7fffff26a988;
o0x7fffff26aa18 .functor BUFZ 1, C4<z>; HiZ drive
p0x7fffff26aa18 .port I0x555555a2c840, o0x7fffff26aa18;
 .tranvp 16 1 8, I0x555555a2c840, p0x7fffff270ec8 p0x7fffff26aa18;
o0x7fffff26aaa8 .functor BUFZ 1, C4<z>; HiZ drive
p0x7fffff26aaa8 .port I0x555555a2c840, o0x7fffff26aaa8;
 .tranvp 16 1 9, I0x555555a2c840, p0x7fffff270ec8 p0x7fffff26aaa8;
o0x7fffff26ab38 .functor BUFZ 1, C4<z>; HiZ drive
p0x7fffff26ab38 .port I0x555555a2ae70, o0x7fffff26ab38;
 .tranvp 16 1 0, I0x555555a2ae70, p0x7fffff270ef8 p0x7fffff26ab38;
o0x7fffff26abc8 .functor BUFZ 1, C4<z>; HiZ drive
p0x7fffff26abc8 .port I0x555555a2ae70, o0x7fffff26abc8;
 .tranvp 16 1 1, I0x555555a2ae70, p0x7fffff270ef8 p0x7fffff26abc8;
o0x7fffff26afb8 .functor BUFZ 1, C4<z>; HiZ drive
p0x7fffff26afb8 .port I0x555555a2ae70, o0x7fffff26afb8;
 .tranvp 16 1 2, I0x555555a2ae70, p0x7fffff270ef8 p0x7fffff26afb8;
o0x7fffff26b048 .functor BUFZ 1, C4<z>; HiZ drive
p0x7fffff26b048 .port I0x555555a2ae70, o0x7fffff26b048;
 .tranvp 16 1 3, I0x555555a2ae70, p0x7fffff270ef8 p0x7fffff26b048;
o0x7fffff26b0d8 .functor BUFZ 1, C4<z>; HiZ drive
p0x7fffff26b0d8 .port I0x555555a2ae70, o0x7fffff26b0d8;
 .tranvp 16 1 4, I0x555555a2ae70, p0x7fffff270ef8 p0x7fffff26b0d8;
o0x7fffff26b168 .functor BUFZ 1, C4<z>; HiZ drive
p0x7fffff26b168 .port I0x555555a2ae70, o0x7fffff26b168;
 .tranvp 16 1 5, I0x555555a2ae70, p0x7fffff270ef8 p0x7fffff26b168;
o0x7fffff26b1f8 .functor BUFZ 1, C4<z>; HiZ drive
p0x7fffff26b1f8 .port I0x555555a2ae70, o0x7fffff26b1f8;
 .tranvp 16 1 6, I0x555555a2ae70, p0x7fffff270ef8 p0x7fffff26b1f8;
o0x7fffff26b288 .functor BUFZ 1, C4<z>; HiZ drive
p0x7fffff26b288 .port I0x555555a2ae70, o0x7fffff26b288;
 .tranvp 16 1 7, I0x555555a2ae70, p0x7fffff270ef8 p0x7fffff26b288;
o0x7fffff26b318 .functor BUFZ 1, C4<z>; HiZ drive
p0x7fffff26b318 .port I0x555555a2ae70, o0x7fffff26b318;
 .tranvp 16 1 8, I0x555555a2ae70, p0x7fffff270ef8 p0x7fffff26b318;
o0x7fffff26b3a8 .functor BUFZ 1, C4<z>; HiZ drive
p0x7fffff26b3a8 .port I0x555555a2ae70, o0x7fffff26b3a8;
 .tranvp 16 1 9, I0x555555a2ae70, p0x7fffff270ef8 p0x7fffff26b3a8;
o0x7fffff26b438 .functor BUFZ 1, C4<z>; HiZ drive
p0x7fffff26b438 .port I0x555555a29820, o0x7fffff26b438;
 .tranvp 16 1 0, I0x555555a29820, p0x7fffff270dd8 p0x7fffff26b438;
o0x7fffff26b4c8 .functor BUFZ 1, C4<z>; HiZ drive
p0x7fffff26b4c8 .port I0x555555a29820, o0x7fffff26b4c8;
 .tranvp 16 1 1, I0x555555a29820, p0x7fffff270dd8 p0x7fffff26b4c8;
o0x7fffff26b8b8 .functor BUFZ 1, C4<z>; HiZ drive
p0x7fffff26b8b8 .port I0x555555a29820, o0x7fffff26b8b8;
 .tranvp 16 1 2, I0x555555a29820, p0x7fffff270dd8 p0x7fffff26b8b8;
o0x7fffff26b948 .functor BUFZ 1, C4<z>; HiZ drive
p0x7fffff26b948 .port I0x555555a29820, o0x7fffff26b948;
 .tranvp 16 1 3, I0x555555a29820, p0x7fffff270dd8 p0x7fffff26b948;
o0x7fffff26b9d8 .functor BUFZ 1, C4<z>; HiZ drive
p0x7fffff26b9d8 .port I0x555555a29820, o0x7fffff26b9d8;
 .tranvp 16 1 4, I0x555555a29820, p0x7fffff270dd8 p0x7fffff26b9d8;
o0x7fffff26ba68 .functor BUFZ 1, C4<z>; HiZ drive
p0x7fffff26ba68 .port I0x555555a29820, o0x7fffff26ba68;
 .tranvp 16 1 5, I0x555555a29820, p0x7fffff270dd8 p0x7fffff26ba68;
o0x7fffff26baf8 .functor BUFZ 1, C4<z>; HiZ drive
p0x7fffff26baf8 .port I0x555555a29820, o0x7fffff26baf8;
 .tranvp 16 1 6, I0x555555a29820, p0x7fffff270dd8 p0x7fffff26baf8;
o0x7fffff26bb88 .functor BUFZ 1, C4<z>; HiZ drive
p0x7fffff26bb88 .port I0x555555a29820, o0x7fffff26bb88;
 .tranvp 16 1 7, I0x555555a29820, p0x7fffff270dd8 p0x7fffff26bb88;
o0x7fffff26bc18 .functor BUFZ 1, C4<z>; HiZ drive
p0x7fffff26bc18 .port I0x555555a29820, o0x7fffff26bc18;
 .tranvp 16 1 8, I0x555555a29820, p0x7fffff270dd8 p0x7fffff26bc18;
o0x7fffff26bca8 .functor BUFZ 1, C4<z>; HiZ drive
p0x7fffff26bca8 .port I0x555555a29820, o0x7fffff26bca8;
 .tranvp 16 1 9, I0x555555a29820, p0x7fffff270dd8 p0x7fffff26bca8;
o0x7fffff26be58 .functor BUFZ 1, C4<z>; HiZ drive
p0x7fffff26be58 .port I0x5555558a8a10, o0x7fffff26be58;
 .tranvp 16 1 10, I0x5555558a8a10, p0x7fffff270e38 p0x7fffff26be58;
o0x7fffff26bee8 .functor BUFZ 1, C4<z>; HiZ drive
p0x7fffff26bee8 .port I0x5555558a8a10, o0x7fffff26bee8;
 .tranvp 16 1 11, I0x5555558a8a10, p0x7fffff270e38 p0x7fffff26bee8;
o0x7fffff26bf78 .functor BUFZ 1, C4<z>; HiZ drive
p0x7fffff26bf78 .port I0x5555558a8a10, o0x7fffff26bf78;
 .tranvp 16 1 12, I0x5555558a8a10, p0x7fffff270e38 p0x7fffff26bf78;
o0x7fffff26c008 .functor BUFZ 1, C4<z>; HiZ drive
p0x7fffff26c008 .port I0x5555558a8a10, o0x7fffff26c008;
 .tranvp 16 1 13, I0x5555558a8a10, p0x7fffff270e38 p0x7fffff26c008;
o0x7fffff26c098 .functor BUFZ 1, C4<z>; HiZ drive
p0x7fffff26c098 .port I0x5555558a8a10, o0x7fffff26c098;
 .tranvp 16 1 14, I0x5555558a8a10, p0x7fffff270e38 p0x7fffff26c098;
o0x7fffff26c128 .functor BUFZ 1, C4<z>; HiZ drive
p0x7fffff26c128 .port I0x5555558a8a10, o0x7fffff26c128;
 .tranvp 16 1 15, I0x5555558a8a10, p0x7fffff270e38 p0x7fffff26c128;
o0x7fffff26cbd8 .functor BUFZ 1, C4<z>; HiZ drive
p0x7fffff26cbd8 .port I0x5555558a9b00, o0x7fffff26cbd8;
 .tranvp 16 1 10, I0x5555558a9b00, p0x7fffff270e08 p0x7fffff26cbd8;
o0x7fffff26cc68 .functor BUFZ 1, C4<z>; HiZ drive
p0x7fffff26cc68 .port I0x5555558a9b00, o0x7fffff26cc68;
 .tranvp 16 1 11, I0x5555558a9b00, p0x7fffff270e08 p0x7fffff26cc68;
o0x7fffff26ccf8 .functor BUFZ 1, C4<z>; HiZ drive
p0x7fffff26ccf8 .port I0x5555558a9b00, o0x7fffff26ccf8;
 .tranvp 16 1 12, I0x5555558a9b00, p0x7fffff270e08 p0x7fffff26ccf8;
o0x7fffff26cd88 .functor BUFZ 1, C4<z>; HiZ drive
p0x7fffff26cd88 .port I0x5555558a9b00, o0x7fffff26cd88;
 .tranvp 16 1 13, I0x5555558a9b00, p0x7fffff270e08 p0x7fffff26cd88;
o0x7fffff26ce18 .functor BUFZ 1, C4<z>; HiZ drive
p0x7fffff26ce18 .port I0x5555558a9b00, o0x7fffff26ce18;
 .tranvp 16 1 14, I0x5555558a9b00, p0x7fffff270e08 p0x7fffff26ce18;
o0x7fffff26cea8 .functor BUFZ 1, C4<z>; HiZ drive
p0x7fffff26cea8 .port I0x5555558a9b00, o0x7fffff26cea8;
 .tranvp 16 1 15, I0x5555558a9b00, p0x7fffff270e08 p0x7fffff26cea8;
o0x7fffff26d838 .functor BUFZ 1, C4<z>; HiZ drive
p0x7fffff26d838 .port I0x5555558a9d90, o0x7fffff26d838;
 .tranvp 16 1 10, I0x5555558a9d90, p0x7fffff270fe8 p0x7fffff26d838;
o0x7fffff26d8c8 .functor BUFZ 1, C4<z>; HiZ drive
p0x7fffff26d8c8 .port I0x5555558a9d90, o0x7fffff26d8c8;
 .tranvp 16 1 11, I0x5555558a9d90, p0x7fffff270fe8 p0x7fffff26d8c8;
o0x7fffff26d958 .functor BUFZ 1, C4<z>; HiZ drive
p0x7fffff26d958 .port I0x5555558a9d90, o0x7fffff26d958;
 .tranvp 16 1 12, I0x5555558a9d90, p0x7fffff270fe8 p0x7fffff26d958;
o0x7fffff26d9e8 .functor BUFZ 1, C4<z>; HiZ drive
p0x7fffff26d9e8 .port I0x5555558a9d90, o0x7fffff26d9e8;
 .tranvp 16 1 13, I0x5555558a9d90, p0x7fffff270fe8 p0x7fffff26d9e8;
o0x7fffff26da78 .functor BUFZ 1, C4<z>; HiZ drive
p0x7fffff26da78 .port I0x5555558a9d90, o0x7fffff26da78;
 .tranvp 16 1 14, I0x5555558a9d90, p0x7fffff270fe8 p0x7fffff26da78;
o0x7fffff26db08 .functor BUFZ 1, C4<z>; HiZ drive
p0x7fffff26db08 .port I0x5555558a9d90, o0x7fffff26db08;
 .tranvp 16 1 15, I0x5555558a9d90, p0x7fffff270fe8 p0x7fffff26db08;
o0x7fffff26e1c8 .functor BUFZ 1, C4<z>; HiZ drive
p0x7fffff26e1c8 .port I0x55555586ce20, o0x7fffff26e1c8;
 .tranvp 16 1 10, I0x55555586ce20, p0x7fffff270f28 p0x7fffff26e1c8;
o0x7fffff26e258 .functor BUFZ 1, C4<z>; HiZ drive
p0x7fffff26e258 .port I0x55555586ce20, o0x7fffff26e258;
 .tranvp 16 1 11, I0x55555586ce20, p0x7fffff270f28 p0x7fffff26e258;
o0x7fffff26e2e8 .functor BUFZ 1, C4<z>; HiZ drive
p0x7fffff26e2e8 .port I0x55555586ce20, o0x7fffff26e2e8;
 .tranvp 16 1 12, I0x55555586ce20, p0x7fffff270f28 p0x7fffff26e2e8;
o0x7fffff26e378 .functor BUFZ 1, C4<z>; HiZ drive
p0x7fffff26e378 .port I0x55555586ce20, o0x7fffff26e378;
 .tranvp 16 1 13, I0x55555586ce20, p0x7fffff270f28 p0x7fffff26e378;
o0x7fffff26e408 .functor BUFZ 1, C4<z>; HiZ drive
p0x7fffff26e408 .port I0x55555586ce20, o0x7fffff26e408;
 .tranvp 16 1 14, I0x55555586ce20, p0x7fffff270f28 p0x7fffff26e408;
o0x7fffff26e498 .functor BUFZ 1, C4<z>; HiZ drive
p0x7fffff26e498 .port I0x55555586ce20, o0x7fffff26e498;
 .tranvp 16 1 15, I0x55555586ce20, p0x7fffff270f28 p0x7fffff26e498;
o0x7fffff26eac8 .functor BUFZ 1, C4<z>; HiZ drive
p0x7fffff26eac8 .port I0x555555a681a0, o0x7fffff26eac8;
 .tranvp 16 1 10, I0x555555a681a0, p0x7fffff270f58 p0x7fffff26eac8;
o0x7fffff26eb58 .functor BUFZ 1, C4<z>; HiZ drive
p0x7fffff26eb58 .port I0x555555a681a0, o0x7fffff26eb58;
 .tranvp 16 1 11, I0x555555a681a0, p0x7fffff270f58 p0x7fffff26eb58;
o0x7fffff26ebe8 .functor BUFZ 1, C4<z>; HiZ drive
p0x7fffff26ebe8 .port I0x555555a681a0, o0x7fffff26ebe8;
 .tranvp 16 1 12, I0x555555a681a0, p0x7fffff270f58 p0x7fffff26ebe8;
o0x7fffff26ec78 .functor BUFZ 1, C4<z>; HiZ drive
p0x7fffff26ec78 .port I0x555555a681a0, o0x7fffff26ec78;
 .tranvp 16 1 13, I0x555555a681a0, p0x7fffff270f58 p0x7fffff26ec78;
o0x7fffff26ed08 .functor BUFZ 1, C4<z>; HiZ drive
p0x7fffff26ed08 .port I0x555555a681a0, o0x7fffff26ed08;
 .tranvp 16 1 14, I0x555555a681a0, p0x7fffff270f58 p0x7fffff26ed08;
o0x7fffff26ed98 .functor BUFZ 1, C4<z>; HiZ drive
p0x7fffff26ed98 .port I0x555555a681a0, o0x7fffff26ed98;
 .tranvp 16 1 15, I0x555555a681a0, p0x7fffff270f58 p0x7fffff26ed98;
o0x7fffff26f3c8 .functor BUFZ 1, C4<z>; HiZ drive
p0x7fffff26f3c8 .port I0x555555a68230, o0x7fffff26f3c8;
 .tranvp 16 1 10, I0x555555a68230, p0x7fffff2710a8 p0x7fffff26f3c8;
o0x7fffff26f458 .functor BUFZ 1, C4<z>; HiZ drive
p0x7fffff26f458 .port I0x555555a68230, o0x7fffff26f458;
 .tranvp 16 1 11, I0x555555a68230, p0x7fffff2710a8 p0x7fffff26f458;
o0x7fffff26f4e8 .functor BUFZ 1, C4<z>; HiZ drive
p0x7fffff26f4e8 .port I0x555555a68230, o0x7fffff26f4e8;
 .tranvp 16 1 12, I0x555555a68230, p0x7fffff2710a8 p0x7fffff26f4e8;
o0x7fffff26f578 .functor BUFZ 1, C4<z>; HiZ drive
p0x7fffff26f578 .port I0x555555a68230, o0x7fffff26f578;
 .tranvp 16 1 13, I0x555555a68230, p0x7fffff2710a8 p0x7fffff26f578;
o0x7fffff26f608 .functor BUFZ 1, C4<z>; HiZ drive
p0x7fffff26f608 .port I0x555555a68230, o0x7fffff26f608;
 .tranvp 16 1 14, I0x555555a68230, p0x7fffff2710a8 p0x7fffff26f608;
o0x7fffff26f698 .functor BUFZ 1, C4<z>; HiZ drive
p0x7fffff26f698 .port I0x555555a68230, o0x7fffff26f698;
 .tranvp 16 1 15, I0x555555a68230, p0x7fffff2710a8 p0x7fffff26f698;
o0x7fffff26fcc8 .functor BUFZ 1, C4<z>; HiZ drive
p0x7fffff26fcc8 .port I0x555555a68310, o0x7fffff26fcc8;
 .tranvp 16 1 10, I0x555555a68310, p0x7fffff271078 p0x7fffff26fcc8;
o0x7fffff26fd58 .functor BUFZ 1, C4<z>; HiZ drive
p0x7fffff26fd58 .port I0x555555a68310, o0x7fffff26fd58;
 .tranvp 16 1 11, I0x555555a68310, p0x7fffff271078 p0x7fffff26fd58;
o0x7fffff26fde8 .functor BUFZ 1, C4<z>; HiZ drive
p0x7fffff26fde8 .port I0x555555a68310, o0x7fffff26fde8;
 .tranvp 16 1 12, I0x555555a68310, p0x7fffff271078 p0x7fffff26fde8;
o0x7fffff26fe78 .functor BUFZ 1, C4<z>; HiZ drive
p0x7fffff26fe78 .port I0x555555a68310, o0x7fffff26fe78;
 .tranvp 16 1 13, I0x555555a68310, p0x7fffff271078 p0x7fffff26fe78;
o0x7fffff26ff08 .functor BUFZ 1, C4<z>; HiZ drive
p0x7fffff26ff08 .port I0x555555a68310, o0x7fffff26ff08;
 .tranvp 16 1 14, I0x555555a68310, p0x7fffff271078 p0x7fffff26ff08;
o0x7fffff26ff98 .functor BUFZ 1, C4<z>; HiZ drive
p0x7fffff26ff98 .port I0x555555a68310, o0x7fffff26ff98;
 .tranvp 16 1 15, I0x555555a68310, p0x7fffff271078 p0x7fffff26ff98;
o0x7fffff2705c8 .functor BUFZ 1, C4<z>; HiZ drive
p0x7fffff2705c8 .port I0x555555a2cbf0, o0x7fffff2705c8;
 .tranvp 16 1 10, I0x555555a2cbf0, p0x7fffff271018 p0x7fffff2705c8;
o0x7fffff270658 .functor BUFZ 1, C4<z>; HiZ drive
p0x7fffff270658 .port I0x555555a2cbf0, o0x7fffff270658;
 .tranvp 16 1 11, I0x555555a2cbf0, p0x7fffff271018 p0x7fffff270658;
o0x7fffff2706e8 .functor BUFZ 1, C4<z>; HiZ drive
p0x7fffff2706e8 .port I0x555555a2cbf0, o0x7fffff2706e8;
 .tranvp 16 1 12, I0x555555a2cbf0, p0x7fffff271018 p0x7fffff2706e8;
o0x7fffff270778 .functor BUFZ 1, C4<z>; HiZ drive
p0x7fffff270778 .port I0x555555a2cbf0, o0x7fffff270778;
 .tranvp 16 1 13, I0x555555a2cbf0, p0x7fffff271018 p0x7fffff270778;
o0x7fffff270808 .functor BUFZ 1, C4<z>; HiZ drive
p0x7fffff270808 .port I0x555555a2cbf0, o0x7fffff270808;
 .tranvp 16 1 14, I0x555555a2cbf0, p0x7fffff271018 p0x7fffff270808;
o0x7fffff270898 .functor BUFZ 1, C4<z>; HiZ drive
p0x7fffff270898 .port I0x555555a2cbf0, o0x7fffff270898;
 .tranvp 16 1 15, I0x555555a2cbf0, p0x7fffff271018 p0x7fffff270898;
o0x7fffff266d58 .functor BUFZ 1, C4<z>; HiZ drive
p0x7fffff266d58 .port I0x555555a2b220, o0x7fffff266d58;
 .tranvp 16 1 10, I0x555555a2b220, p0x7fffff271048 p0x7fffff266d58;
o0x7fffff266de8 .functor BUFZ 1, C4<z>; HiZ drive
p0x7fffff266de8 .port I0x555555a2b220, o0x7fffff266de8;
 .tranvp 16 1 11, I0x555555a2b220, p0x7fffff271048 p0x7fffff266de8;
o0x7fffff266e78 .functor BUFZ 1, C4<z>; HiZ drive
p0x7fffff266e78 .port I0x555555a2b220, o0x7fffff266e78;
 .tranvp 16 1 12, I0x555555a2b220, p0x7fffff271048 p0x7fffff266e78;
o0x7fffff266f08 .functor BUFZ 1, C4<z>; HiZ drive
p0x7fffff266f08 .port I0x555555a2b220, o0x7fffff266f08;
 .tranvp 16 1 13, I0x555555a2b220, p0x7fffff271048 p0x7fffff266f08;
o0x7fffff266f98 .functor BUFZ 1, C4<z>; HiZ drive
p0x7fffff266f98 .port I0x555555a2b220, o0x7fffff266f98;
 .tranvp 16 1 14, I0x555555a2b220, p0x7fffff271048 p0x7fffff266f98;
o0x7fffff267028 .functor BUFZ 1, C4<z>; HiZ drive
p0x7fffff267028 .port I0x555555a2b220, o0x7fffff267028;
 .tranvp 16 1 15, I0x555555a2b220, p0x7fffff271048 p0x7fffff267028;
o0x7fffff267658 .functor BUFZ 1, C4<z>; HiZ drive
p0x7fffff267658 .port I0x555555a2b5d0, o0x7fffff267658;
 .tranvp 16 1 10, I0x555555a2b5d0, p0x7fffff2710d8 p0x7fffff267658;
o0x7fffff2676e8 .functor BUFZ 1, C4<z>; HiZ drive
p0x7fffff2676e8 .port I0x555555a2b5d0, o0x7fffff2676e8;
 .tranvp 16 1 11, I0x555555a2b5d0, p0x7fffff2710d8 p0x7fffff2676e8;
o0x7fffff267778 .functor BUFZ 1, C4<z>; HiZ drive
p0x7fffff267778 .port I0x555555a2b5d0, o0x7fffff267778;
 .tranvp 16 1 12, I0x555555a2b5d0, p0x7fffff2710d8 p0x7fffff267778;
o0x7fffff267808 .functor BUFZ 1, C4<z>; HiZ drive
p0x7fffff267808 .port I0x555555a2b5d0, o0x7fffff267808;
 .tranvp 16 1 13, I0x555555a2b5d0, p0x7fffff2710d8 p0x7fffff267808;
o0x7fffff267898 .functor BUFZ 1, C4<z>; HiZ drive
p0x7fffff267898 .port I0x555555a2b5d0, o0x7fffff267898;
 .tranvp 16 1 14, I0x555555a2b5d0, p0x7fffff2710d8 p0x7fffff267898;
o0x7fffff267928 .functor BUFZ 1, C4<z>; HiZ drive
p0x7fffff267928 .port I0x555555a2b5d0, o0x7fffff267928;
 .tranvp 16 1 15, I0x555555a2b5d0, p0x7fffff2710d8 p0x7fffff267928;
o0x7fffff267f58 .functor BUFZ 1, C4<z>; HiZ drive
p0x7fffff267f58 .port I0x555555a2b980, o0x7fffff267f58;
 .tranvp 16 1 10, I0x555555a2b980, p0x7fffff271108 p0x7fffff267f58;
o0x7fffff267fe8 .functor BUFZ 1, C4<z>; HiZ drive
p0x7fffff267fe8 .port I0x555555a2b980, o0x7fffff267fe8;
 .tranvp 16 1 11, I0x555555a2b980, p0x7fffff271108 p0x7fffff267fe8;
o0x7fffff268078 .functor BUFZ 1, C4<z>; HiZ drive
p0x7fffff268078 .port I0x555555a2b980, o0x7fffff268078;
 .tranvp 16 1 12, I0x555555a2b980, p0x7fffff271108 p0x7fffff268078;
o0x7fffff268108 .functor BUFZ 1, C4<z>; HiZ drive
p0x7fffff268108 .port I0x555555a2b980, o0x7fffff268108;
 .tranvp 16 1 13, I0x555555a2b980, p0x7fffff271108 p0x7fffff268108;
o0x7fffff268198 .functor BUFZ 1, C4<z>; HiZ drive
p0x7fffff268198 .port I0x555555a2b980, o0x7fffff268198;
 .tranvp 16 1 14, I0x555555a2b980, p0x7fffff271108 p0x7fffff268198;
o0x7fffff268228 .functor BUFZ 1, C4<z>; HiZ drive
p0x7fffff268228 .port I0x555555a2b980, o0x7fffff268228;
 .tranvp 16 1 15, I0x555555a2b980, p0x7fffff271108 p0x7fffff268228;
o0x7fffff268858 .functor BUFZ 1, C4<z>; HiZ drive
p0x7fffff268858 .port I0x555555a2bd30, o0x7fffff268858;
 .tranvp 16 1 10, I0x555555a2bd30, p0x7fffff270fb8 p0x7fffff268858;
o0x7fffff2688e8 .functor BUFZ 1, C4<z>; HiZ drive
p0x7fffff2688e8 .port I0x555555a2bd30, o0x7fffff2688e8;
 .tranvp 16 1 11, I0x555555a2bd30, p0x7fffff270fb8 p0x7fffff2688e8;
o0x7fffff268978 .functor BUFZ 1, C4<z>; HiZ drive
p0x7fffff268978 .port I0x555555a2bd30, o0x7fffff268978;
 .tranvp 16 1 12, I0x555555a2bd30, p0x7fffff270fb8 p0x7fffff268978;
o0x7fffff268a08 .functor BUFZ 1, C4<z>; HiZ drive
p0x7fffff268a08 .port I0x555555a2bd30, o0x7fffff268a08;
 .tranvp 16 1 13, I0x555555a2bd30, p0x7fffff270fb8 p0x7fffff268a08;
o0x7fffff268a98 .functor BUFZ 1, C4<z>; HiZ drive
p0x7fffff268a98 .port I0x555555a2bd30, o0x7fffff268a98;
 .tranvp 16 1 14, I0x555555a2bd30, p0x7fffff270fb8 p0x7fffff268a98;
o0x7fffff268b28 .functor BUFZ 1, C4<z>; HiZ drive
p0x7fffff268b28 .port I0x555555a2bd30, o0x7fffff268b28;
 .tranvp 16 1 15, I0x555555a2bd30, p0x7fffff270fb8 p0x7fffff268b28;
o0x7fffff269158 .functor BUFZ 1, C4<z>; HiZ drive
p0x7fffff269158 .port I0x555555a2c0e0, o0x7fffff269158;
 .tranvp 16 1 10, I0x555555a2c0e0, p0x7fffff270f88 p0x7fffff269158;
o0x7fffff2691e8 .functor BUFZ 1, C4<z>; HiZ drive
p0x7fffff2691e8 .port I0x555555a2c0e0, o0x7fffff2691e8;
 .tranvp 16 1 11, I0x555555a2c0e0, p0x7fffff270f88 p0x7fffff2691e8;
o0x7fffff269278 .functor BUFZ 1, C4<z>; HiZ drive
p0x7fffff269278 .port I0x555555a2c0e0, o0x7fffff269278;
 .tranvp 16 1 12, I0x555555a2c0e0, p0x7fffff270f88 p0x7fffff269278;
o0x7fffff269308 .functor BUFZ 1, C4<z>; HiZ drive
p0x7fffff269308 .port I0x555555a2c0e0, o0x7fffff269308;
 .tranvp 16 1 13, I0x555555a2c0e0, p0x7fffff270f88 p0x7fffff269308;
o0x7fffff269398 .functor BUFZ 1, C4<z>; HiZ drive
p0x7fffff269398 .port I0x555555a2c0e0, o0x7fffff269398;
 .tranvp 16 1 14, I0x555555a2c0e0, p0x7fffff270f88 p0x7fffff269398;
o0x7fffff269428 .functor BUFZ 1, C4<z>; HiZ drive
p0x7fffff269428 .port I0x555555a2c0e0, o0x7fffff269428;
 .tranvp 16 1 15, I0x555555a2c0e0, p0x7fffff270f88 p0x7fffff269428;
o0x7fffff269a58 .functor BUFZ 1, C4<z>; HiZ drive
p0x7fffff269a58 .port I0x555555a2c490, o0x7fffff269a58;
 .tranvp 16 1 10, I0x555555a2c490, p0x7fffff270e98 p0x7fffff269a58;
o0x7fffff269ae8 .functor BUFZ 1, C4<z>; HiZ drive
p0x7fffff269ae8 .port I0x555555a2c490, o0x7fffff269ae8;
 .tranvp 16 1 11, I0x555555a2c490, p0x7fffff270e98 p0x7fffff269ae8;
o0x7fffff269b78 .functor BUFZ 1, C4<z>; HiZ drive
p0x7fffff269b78 .port I0x555555a2c490, o0x7fffff269b78;
 .tranvp 16 1 12, I0x555555a2c490, p0x7fffff270e98 p0x7fffff269b78;
o0x7fffff269c08 .functor BUFZ 1, C4<z>; HiZ drive
p0x7fffff269c08 .port I0x555555a2c490, o0x7fffff269c08;
 .tranvp 16 1 13, I0x555555a2c490, p0x7fffff270e98 p0x7fffff269c08;
o0x7fffff269c98 .functor BUFZ 1, C4<z>; HiZ drive
p0x7fffff269c98 .port I0x555555a2c490, o0x7fffff269c98;
 .tranvp 16 1 14, I0x555555a2c490, p0x7fffff270e98 p0x7fffff269c98;
o0x7fffff269d28 .functor BUFZ 1, C4<z>; HiZ drive
p0x7fffff269d28 .port I0x555555a2c490, o0x7fffff269d28;
 .tranvp 16 1 15, I0x555555a2c490, p0x7fffff270e98 p0x7fffff269d28;
o0x7fffff26a358 .functor BUFZ 1, C4<z>; HiZ drive
p0x7fffff26a358 .port I0x555555a2c840, o0x7fffff26a358;
 .tranvp 16 1 10, I0x555555a2c840, p0x7fffff270ec8 p0x7fffff26a358;
o0x7fffff26a3e8 .functor BUFZ 1, C4<z>; HiZ drive
p0x7fffff26a3e8 .port I0x555555a2c840, o0x7fffff26a3e8;
 .tranvp 16 1 11, I0x555555a2c840, p0x7fffff270ec8 p0x7fffff26a3e8;
o0x7fffff26a478 .functor BUFZ 1, C4<z>; HiZ drive
p0x7fffff26a478 .port I0x555555a2c840, o0x7fffff26a478;
 .tranvp 16 1 12, I0x555555a2c840, p0x7fffff270ec8 p0x7fffff26a478;
o0x7fffff26a508 .functor BUFZ 1, C4<z>; HiZ drive
p0x7fffff26a508 .port I0x555555a2c840, o0x7fffff26a508;
 .tranvp 16 1 13, I0x555555a2c840, p0x7fffff270ec8 p0x7fffff26a508;
o0x7fffff26a598 .functor BUFZ 1, C4<z>; HiZ drive
p0x7fffff26a598 .port I0x555555a2c840, o0x7fffff26a598;
 .tranvp 16 1 14, I0x555555a2c840, p0x7fffff270ec8 p0x7fffff26a598;
o0x7fffff26a628 .functor BUFZ 1, C4<z>; HiZ drive
p0x7fffff26a628 .port I0x555555a2c840, o0x7fffff26a628;
 .tranvp 16 1 15, I0x555555a2c840, p0x7fffff270ec8 p0x7fffff26a628;
o0x7fffff26ac58 .functor BUFZ 1, C4<z>; HiZ drive
p0x7fffff26ac58 .port I0x555555a2ae70, o0x7fffff26ac58;
 .tranvp 16 1 10, I0x555555a2ae70, p0x7fffff270ef8 p0x7fffff26ac58;
o0x7fffff26ace8 .functor BUFZ 1, C4<z>; HiZ drive
p0x7fffff26ace8 .port I0x555555a2ae70, o0x7fffff26ace8;
 .tranvp 16 1 11, I0x555555a2ae70, p0x7fffff270ef8 p0x7fffff26ace8;
o0x7fffff26ad78 .functor BUFZ 1, C4<z>; HiZ drive
p0x7fffff26ad78 .port I0x555555a2ae70, o0x7fffff26ad78;
 .tranvp 16 1 12, I0x555555a2ae70, p0x7fffff270ef8 p0x7fffff26ad78;
o0x7fffff26ae08 .functor BUFZ 1, C4<z>; HiZ drive
p0x7fffff26ae08 .port I0x555555a2ae70, o0x7fffff26ae08;
 .tranvp 16 1 13, I0x555555a2ae70, p0x7fffff270ef8 p0x7fffff26ae08;
o0x7fffff26ae98 .functor BUFZ 1, C4<z>; HiZ drive
p0x7fffff26ae98 .port I0x555555a2ae70, o0x7fffff26ae98;
 .tranvp 16 1 14, I0x555555a2ae70, p0x7fffff270ef8 p0x7fffff26ae98;
o0x7fffff26af28 .functor BUFZ 1, C4<z>; HiZ drive
p0x7fffff26af28 .port I0x555555a2ae70, o0x7fffff26af28;
 .tranvp 16 1 15, I0x555555a2ae70, p0x7fffff270ef8 p0x7fffff26af28;
o0x7fffff26b558 .functor BUFZ 1, C4<z>; HiZ drive
p0x7fffff26b558 .port I0x555555a29820, o0x7fffff26b558;
 .tranvp 16 1 10, I0x555555a29820, p0x7fffff270dd8 p0x7fffff26b558;
o0x7fffff26b5e8 .functor BUFZ 1, C4<z>; HiZ drive
p0x7fffff26b5e8 .port I0x555555a29820, o0x7fffff26b5e8;
 .tranvp 16 1 11, I0x555555a29820, p0x7fffff270dd8 p0x7fffff26b5e8;
o0x7fffff26b678 .functor BUFZ 1, C4<z>; HiZ drive
p0x7fffff26b678 .port I0x555555a29820, o0x7fffff26b678;
 .tranvp 16 1 12, I0x555555a29820, p0x7fffff270dd8 p0x7fffff26b678;
o0x7fffff26b708 .functor BUFZ 1, C4<z>; HiZ drive
p0x7fffff26b708 .port I0x555555a29820, o0x7fffff26b708;
 .tranvp 16 1 13, I0x555555a29820, p0x7fffff270dd8 p0x7fffff26b708;
o0x7fffff26b798 .functor BUFZ 1, C4<z>; HiZ drive
p0x7fffff26b798 .port I0x555555a29820, o0x7fffff26b798;
 .tranvp 16 1 14, I0x555555a29820, p0x7fffff270dd8 p0x7fffff26b798;
o0x7fffff26b828 .functor BUFZ 1, C4<z>; HiZ drive
p0x7fffff26b828 .port I0x555555a29820, o0x7fffff26b828;
 .tranvp 16 1 15, I0x555555a29820, p0x7fffff270dd8 p0x7fffff26b828;
S_0x555555894820 .scope module, "G1" "alibgnd" 2 2875, 2 62 0, S_0x555555847f60;
 .timescale 0 0;
    .port_info 0 /INPUT 1 "GND";
v0x5555558474b0_0 .net "GND", 0 0, o0x7fffff25f018;  alias, 0 drivers
S_0x555555894a00 .scope module, "VI__GND" "vdc_0" 2 375, 2 41 0, S_0x555555847f60;
 .timescale 0 0;
    .port_info 0 /OUTPUT 1 "PLUS";
    .port_info 1 /OUTPUT 1 "MINUS";
v0x5555558480f0_0 .net "MINUS", 0 0, o0x7fffff25f078;  alias, 0 drivers
v0x555555847ec0_0 .net "PLUS", 0 0, o0x7fffff25f0a8;  alias, 0 drivers
S_0x555555883c30 .scope module, "V_GNDx" "vpwl_0x0_10ux0_11ux0" 2 370, 2 36 0, S_0x555555847f60;
 .timescale 0 0;
    .port_info 0 /OUTPUT 1 "PLUS";
    .port_info 1 /OUTPUT 1 "MINUS";
v0x555555883e10_0 .net "MINUS", 0 0, o0x7fffff25f018;  alias, 0 drivers
v0x555555883eb0_0 .net "PLUS", 0 0, o0x7fffff25f078;  alias, 0 drivers
S_0x555555845cf0 .scope module, "XCELG" "vpwl_0x0" 2 355, 2 20 0, S_0x555555847f60;
 .timescale 0 0;
    .port_info 0 /OUTPUT 1 "PLUS";
    .port_info 1 /OUTPUT 1 "MINUS";
v0x555555845ed0_0 .net "MINUS", 0 0, o0x7fffff25f0a8;  alias, 0 drivers
v0x555555845f90_0 .net "PLUS", 0 0, o0x7fffff25f198;  alias, 0 drivers
S_0x555555881430 .scope module, "XCELSUB" "vpwl_0x0" 2 380, 2 20 0, S_0x555555847f60;
 .timescale 0 0;
    .port_info 0 /OUTPUT 1 "PLUS";
    .port_info 1 /OUTPUT 1 "MINUS";
v0x555555881660_0 .net "MINUS", 0 0, o0x7fffff25f0a8;  alias, 0 drivers
v0x555555881770_0 .net "PLUS", 0 0, o0x7fffff25f228;  alias, 0 drivers
S_0x55555587e250 .scope module, "XCELV" "vpwl_0x0_10d0ux0_11d0ux5" 2 360, 2 26 0, S_0x555555847f60;
 .timescale 0 0;
    .port_info 0 /OUTPUT 1 "PLUS";
    .port_info 1 /OUTPUT 1 "MINUS";
v0x55555587e430_0 .net "MINUS", 0 0, o0x7fffff25f0a8;  alias, 0 drivers
v0x55555587e4f0_0 .net "PLUS", 0 0, o0x7fffff25f2b8;  alias, 0 drivers
S_0x55555587ec40 .scope module, "XPORB" "vpwl_0x0_11ux0_11d001ux5" 2 365, 2 31 0, S_0x555555847f60;
 .timescale 0 0;
    .port_info 0 /OUTPUT 1 "PLUS";
    .port_info 1 /OUTPUT 1 "MINUS";
v0x55555587ee60_0 .net "MINUS", 0 0, o0x7fffff25f0a8;  alias, 0 drivers
v0x55555587ef20_0 .net "PLUS", 0 0, o0x7fffff25f348;  alias, 0 drivers
S_0x555555883230 .scope module, "XV2" "vpulse_0x1x1d0ux0x1nx1nx500d0n" 2 350, 2 15 0, S_0x555555847f60;
 .timescale 0 0;
    .port_info 0 /INOUT 1 "PLUS";
    .port_info 1 /INOUT 1 "MINUS";
v0x555555883400_0 .net "MINUS", 0 0, o0x7fffff25f0a8;  alias, 0 drivers
v0x5555558834c0_0 .net "PLUS", 0 0, o0x7fffff25f3d8;  alias, 0 drivers
S_0x55555587f630 .scope module, "Xd_alert_clear_pwl_bit0" "vpwl_0x0_11d0ux0" 2 2685, 2 52 0, S_0x555555847f60;
 .timescale 0 0;
    .port_info 0 /INOUT 1 "PLUS";
    .port_info 1 /INOUT 1 "MINUS";
v0x55555587f850_0 .net "MINUS", 0 0, o0x7fffff25f0a8;  alias, 0 drivers
v0x55555587f910_0 .net "PLUS", 0 0, o0x7fffff25f468;  alias, 0 drivers
S_0x555555881e30 .scope module, "Xd_clock_limiter" "dbuf_e926e395" 2 342, 2 5 0, S_0x555555847f60;
 .timescale 0 0;
    .port_info 0 /INPUT 1 "CELV";
    .port_info 1 /INPUT 1 "CELG";
    .port_info 2 /INPUT 1 "i";
    .port_info 3 /OUTPUT 1 "o";
    .port_info 4 /INPUT 1 "SUB";
v0x555555882040_0 .net "CELG", 0 0, o0x7fffff25f198;  alias, 0 drivers
v0x5555558820e0_0 .net "CELV", 0 0, o0x7fffff25f2b8;  alias, 0 drivers
v0x555555882180_0 .net "SUB", 0 0, o0x7fffff25f228;  alias, 0 drivers
v0x55555587f040_0 .net "i", 0 0, o0x7fffff25f3d8;  alias, 0 drivers
v0x55555587fa30_0 .net "o", 0 0, o0x7fffff25f4f8;  alias, 0 drivers
S_0x555555880a40 .scope module, "Xd_enable_limiter_pwl_bit0" "vpwl_0x0_10d999ux0_11d0ux5" 2 2870, 2 47 0, S_0x555555847f60;
 .timescale 0 0;
    .port_info 0 /INOUT 1 "PLUS";
    .port_info 1 /INOUT 1 "MINUS";
v0x555555880c60_0 .net "MINUS", 0 0, o0x7fffff25f0a8;  alias, 0 drivers
v0x555555880d00_0 .net "PLUS", 0 0, o0x7fffff25f618;  alias, 0 drivers
S_0x555555882840 .scope module, "Xd_meas_cap_pwl_bit0" "vpwl_0x0_11d0ux0" 2 1555, 2 52 0, S_0x555555847f60;
 .timescale 0 0;
    .port_info 0 /INOUT 1 "PLUS";
    .port_info 1 /INOUT 1 "MINUS";
v0x555555882a60_0 .net "MINUS", 0 0, o0x7fffff25f0a8;  alias, 0 drivers
v0x555555882b20_0 .net "PLUS", 0 0, o0x7fffff25f6a8;  alias, 0 drivers
S_0x555555880040 .scope module, "Xd_meas_cap_pwl_bit1" "vpwl_0x0_11d0ux0" 2 1560, 2 52 0, S_0x555555847f60;
 .timescale 0 0;
    .port_info 0 /INOUT 1 "PLUS";
    .port_info 1 /INOUT 1 "MINUS";
v0x555555880260_0 .net "MINUS", 0 0, o0x7fffff25f0a8;  alias, 0 drivers
v0x555555880320_0 .net "PLUS", 0 0, o0x7fffff25f738;  alias, 0 drivers
S_0x5555558843e0 .scope module, "Xd_meas_cap_pwl_bit10" "vpwl_0x0_11d0ux0" 2 2075, 2 52 0, S_0x555555847f60;
 .timescale 0 0;
    .port_info 0 /INOUT 1 "PLUS";
    .port_info 1 /INOUT 1 "MINUS";
v0x555555884600_0 .net "MINUS", 0 0, o0x7fffff25f0a8;  alias, 0 drivers
v0x5555558846c0_0 .net "PLUS", 0 0, o0x7fffff25f7c8;  alias, 0 drivers
S_0x555555a6a540 .scope module, "Xd_meas_cap_pwl_bit11" "vpwl_0x0_11d0ux0" 2 2080, 2 52 0, S_0x555555847f60;
 .timescale 0 0;
    .port_info 0 /INOUT 1 "PLUS";
    .port_info 1 /INOUT 1 "MINUS";
v0x555555880440_0 .net "MINUS", 0 0, o0x7fffff25f0a8;  alias, 0 drivers
v0x5555558847e0_0 .net "PLUS", 0 0, o0x7fffff25f858;  alias, 0 drivers
S_0x555555a6a6d0 .scope module, "Xd_meas_cap_pwl_bit12" "vpwl_0x0_11d0ux0" 2 2085, 2 52 0, S_0x555555847f60;
 .timescale 0 0;
    .port_info 0 /INOUT 1 "PLUS";
    .port_info 1 /INOUT 1 "MINUS";
v0x55555587e610_0 .net "MINUS", 0 0, o0x7fffff25f0a8;  alias, 0 drivers
v0x5555558835e0_0 .net "PLUS", 0 0, o0x7fffff25f8e8;  alias, 0 drivers
S_0x555555a6a860 .scope module, "Xd_meas_cap_pwl_bit13" "vpwl_0x0_11d0ux0" 2 2090, 2 52 0, S_0x555555847f60;
 .timescale 0 0;
    .port_info 0 /INOUT 1 "PLUS";
    .port_info 1 /INOUT 1 "MINUS";
v0x5555558460e0_0 .net "MINUS", 0 0, o0x7fffff25f0a8;  alias, 0 drivers
v0x555555a5a140_0 .net "PLUS", 0 0, o0x7fffff25f978;  alias, 0 drivers
S_0x555555a6a9f0 .scope module, "Xd_meas_cap_pwl_bit14" "vpwl_0x0_11d0ux0" 2 2095, 2 52 0, S_0x555555847f60;
 .timescale 0 0;
    .port_info 0 /INOUT 1 "PLUS";
    .port_info 1 /INOUT 1 "MINUS";
v0x555555a59dd0_0 .net "MINUS", 0 0, o0x7fffff25f0a8;  alias, 0 drivers
v0x555555a599e0_0 .net "PLUS", 0 0, o0x7fffff25fa08;  alias, 0 drivers
S_0x555555a6ab80 .scope module, "Xd_meas_cap_pwl_bit15" "vpwl_0x0_11d0ux0" 2 2100, 2 52 0, S_0x555555847f60;
 .timescale 0 0;
    .port_info 0 /INOUT 1 "PLUS";
    .port_info 1 /INOUT 1 "MINUS";
v0x555555a59630_0 .net "MINUS", 0 0, o0x7fffff25f0a8;  alias, 0 drivers
v0x555555a596f0_0 .net "PLUS", 0 0, o0x7fffff25fa98;  alias, 0 drivers
S_0x555555a6ad10 .scope module, "Xd_meas_cap_pwl_bit2" "vpwl_0x0_11d0ux0" 2 1565, 2 52 0, S_0x555555847f60;
 .timescale 0 0;
    .port_info 0 /INOUT 1 "PLUS";
    .port_info 1 /INOUT 1 "MINUS";
v0x555555a58ed0_0 .net "MINUS", 0 0, o0x7fffff25f0a8;  alias, 0 drivers
v0x555555a58f90_0 .net "PLUS", 0 0, o0x7fffff25fb28;  alias, 0 drivers
S_0x555555a6aea0 .scope module, "Xd_meas_cap_pwl_bit3" "vpwl_0x0_11d0ux0" 2 1570, 2 52 0, S_0x555555847f60;
 .timescale 0 0;
    .port_info 0 /INOUT 1 "PLUS";
    .port_info 1 /INOUT 1 "MINUS";
v0x555555a26d00_0 .net "MINUS", 0 0, o0x7fffff25f0a8;  alias, 0 drivers
v0x555555a58b40_0 .net "PLUS", 0 0, o0x7fffff25fbb8;  alias, 0 drivers
S_0x555555a6b030 .scope module, "Xd_meas_cap_pwl_bit4" "vpwl_0x0_11d0ux0" 2 1575, 2 52 0, S_0x555555847f60;
 .timescale 0 0;
    .port_info 0 /INOUT 1 "PLUS";
    .port_info 1 /INOUT 1 "MINUS";
v0x555555a58800_0 .net "MINUS", 0 0, o0x7fffff25f0a8;  alias, 0 drivers
v0x555555a583c0_0 .net "PLUS", 0 0, o0x7fffff25fc48;  alias, 0 drivers
S_0x555555a6b1c0 .scope module, "Xd_meas_cap_pwl_bit5" "vpwl_0x0_11d0ux0" 2 1580, 2 52 0, S_0x555555847f60;
 .timescale 0 0;
    .port_info 0 /INOUT 1 "PLUS";
    .port_info 1 /INOUT 1 "MINUS";
v0x555555a58060_0 .net "MINUS", 0 0, o0x7fffff25f0a8;  alias, 0 drivers
v0x555555a57c60_0 .net "PLUS", 0 0, o0x7fffff25fcd8;  alias, 0 drivers
S_0x555555a6b350 .scope module, "Xd_meas_cap_pwl_bit6" "vpwl_0x0_11d0ux0" 2 1585, 2 52 0, S_0x555555847f60;
 .timescale 0 0;
    .port_info 0 /INOUT 1 "PLUS";
    .port_info 1 /INOUT 1 "MINUS";
v0x555555a578b0_0 .net "MINUS", 0 0, o0x7fffff25f0a8;  alias, 0 drivers
v0x555555a57970_0 .net "PLUS", 0 0, o0x7fffff25fd68;  alias, 0 drivers
S_0x555555a6b4e0 .scope module, "Xd_meas_cap_pwl_bit7" "vpwl_0x0_11d0ux0" 2 1590, 2 52 0, S_0x555555847f60;
 .timescale 0 0;
    .port_info 0 /INOUT 1 "PLUS";
    .port_info 1 /INOUT 1 "MINUS";
v0x555555a57150_0 .net "MINUS", 0 0, o0x7fffff25f0a8;  alias, 0 drivers
v0x555555a57210_0 .net "PLUS", 0 0, o0x7fffff25fdf8;  alias, 0 drivers
S_0x555555a6b670 .scope module, "Xd_meas_cap_pwl_bit8" "vpwl_0x0_11d0ux0" 2 1595, 2 52 0, S_0x555555847f60;
 .timescale 0 0;
    .port_info 0 /INOUT 1 "PLUS";
    .port_info 1 /INOUT 1 "MINUS";
v0x555555a56e50_0 .net "MINUS", 0 0, o0x7fffff25f0a8;  alias, 0 drivers
v0x555555a56a10_0 .net "PLUS", 0 0, o0x7fffff25fe88;  alias, 0 drivers
S_0x555555a6b800 .scope module, "Xd_meas_cap_pwl_bit9" "vpwl_0x0_11d0ux0" 2 1600, 2 52 0, S_0x555555847f60;
 .timescale 0 0;
    .port_info 0 /INOUT 1 "PLUS";
    .port_info 1 /INOUT 1 "MINUS";
v0x555555a26930_0 .net "MINUS", 0 0, o0x7fffff25f0a8;  alias, 0 drivers
v0x555555a56640_0 .net "PLUS", 0 0, o0x7fffff25ff18;  alias, 0 drivers
S_0x555555a6b990 .scope module, "Xd_meas_dtemp_pwl_bit0" "vpwl_0x0_11d0ux0" 2 2325, 2 52 0, S_0x555555847f60;
 .timescale 0 0;
    .port_info 0 /INOUT 1 "PLUS";
    .port_info 1 /INOUT 1 "MINUS";
v0x555555a562e0_0 .net "MINUS", 0 0, o0x7fffff25f0a8;  alias, 0 drivers
v0x555555a542c0_0 .net "PLUS", 0 0, o0x7fffff25ffa8;  alias, 0 drivers
S_0x555555a6bb20 .scope module, "Xd_meas_dtemp_pwl_bit1" "vpwl_0x0_11d0ux0" 2 2330, 2 52 0, S_0x555555847f60;
 .timescale 0 0;
    .port_info 0 /INOUT 1 "PLUS";
    .port_info 1 /INOUT 1 "MINUS";
v0x555555a53f10_0 .net "MINUS", 0 0, o0x7fffff25f0a8;  alias, 0 drivers
v0x555555a53fd0_0 .net "PLUS", 0 0, o0x7fffff260038;  alias, 0 drivers
S_0x555555a6bcb0 .scope module, "Xd_meas_dtemp_pwl_bit10" "vpwl_0x0_11d0ux0" 2 2690, 2 52 0, S_0x555555847f60;
 .timescale 0 0;
    .port_info 0 /INOUT 1 "PLUS";
    .port_info 1 /INOUT 1 "MINUS";
v0x555555a537b0_0 .net "MINUS", 0 0, o0x7fffff25f0a8;  alias, 0 drivers
v0x555555a53870_0 .net "PLUS", 0 0, o0x7fffff2600c8;  alias, 0 drivers
S_0x555555a6be40 .scope module, "Xd_meas_dtemp_pwl_bit11" "vpwl_0x0_11d0ux0" 2 2695, 2 52 0, S_0x555555847f60;
 .timescale 0 0;
    .port_info 0 /INOUT 1 "PLUS";
    .port_info 1 /INOUT 1 "MINUS";
v0x555555a534b0_0 .net "MINUS", 0 0, o0x7fffff25f0a8;  alias, 0 drivers
v0x555555a53070_0 .net "PLUS", 0 0, o0x7fffff260158;  alias, 0 drivers
S_0x555555a6bfd0 .scope module, "Xd_meas_dtemp_pwl_bit12" "vpwl_0x0_11d0ux0" 2 2700, 2 52 0, S_0x555555847f60;
 .timescale 0 0;
    .port_info 0 /INOUT 1 "PLUS";
    .port_info 1 /INOUT 1 "MINUS";
v0x555555a52d30_0 .net "MINUS", 0 0, o0x7fffff25f0a8;  alias, 0 drivers
v0x555555a528f0_0 .net "PLUS", 0 0, o0x7fffff2601e8;  alias, 0 drivers
S_0x555555a6c160 .scope module, "Xd_meas_dtemp_pwl_bit13" "vpwl_0x0_11d0ux0" 2 2705, 2 52 0, S_0x555555847f60;
 .timescale 0 0;
    .port_info 0 /INOUT 1 "PLUS";
    .port_info 1 /INOUT 1 "MINUS";
v0x555555a26540_0 .net "MINUS", 0 0, o0x7fffff25f0a8;  alias, 0 drivers
v0x555555a52540_0 .net "PLUS", 0 0, o0x7fffff260278;  alias, 0 drivers
S_0x555555a6c500 .scope module, "Xd_meas_dtemp_pwl_bit14" "vpwl_0x0_11d0ux0" 2 2710, 2 52 0, S_0x555555847f60;
 .timescale 0 0;
    .port_info 0 /INOUT 1 "PLUS";
    .port_info 1 /INOUT 1 "MINUS";
v0x555555a52190_0 .net "MINUS", 0 0, o0x7fffff25f0a8;  alias, 0 drivers
v0x555555a52250_0 .net "PLUS", 0 0, o0x7fffff260308;  alias, 0 drivers
S_0x555555a6c690 .scope module, "Xd_meas_dtemp_pwl_bit15" "vpwl_0x0_11d0ux0" 2 2715, 2 52 0, S_0x555555847f60;
 .timescale 0 0;
    .port_info 0 /INOUT 1 "PLUS";
    .port_info 1 /INOUT 1 "MINUS";
v0x555555a51a30_0 .net "MINUS", 0 0, o0x7fffff25f0a8;  alias, 0 drivers
v0x555555a51af0_0 .net "PLUS", 0 0, o0x7fffff260398;  alias, 0 drivers
S_0x555555a6c820 .scope module, "Xd_meas_dtemp_pwl_bit2" "vpwl_0x0_11d0ux0" 2 2335, 2 52 0, S_0x555555847f60;
 .timescale 0 0;
    .port_info 0 /INOUT 1 "PLUS";
    .port_info 1 /INOUT 1 "MINUS";
v0x555555a51730_0 .net "MINUS", 0 0, o0x7fffff25f0a8;  alias, 0 drivers
v0x555555a512f0_0 .net "PLUS", 0 0, o0x7fffff260428;  alias, 0 drivers
S_0x555555a6c9b0 .scope module, "Xd_meas_dtemp_pwl_bit3" "vpwl_0x0_11d0ux0" 2 2340, 2 52 0, S_0x555555847f60;
 .timescale 0 0;
    .port_info 0 /INOUT 1 "PLUS";
    .port_info 1 /INOUT 1 "MINUS";
v0x555555a50fb0_0 .net "MINUS", 0 0, o0x7fffff25f0a8;  alias, 0 drivers
v0x555555a50b70_0 .net "PLUS", 0 0, o0x7fffff2604b8;  alias, 0 drivers
S_0x555555a6cb40 .scope module, "Xd_meas_dtemp_pwl_bit4" "vpwl_0x0_11d0ux0" 2 2345, 2 52 0, S_0x555555847f60;
 .timescale 0 0;
    .port_info 0 /INOUT 1 "PLUS";
    .port_info 1 /INOUT 1 "MINUS";
v0x555555a50810_0 .net "MINUS", 0 0, o0x7fffff25f0a8;  alias, 0 drivers
v0x555555a50410_0 .net "PLUS", 0 0, o0x7fffff260548;  alias, 0 drivers
S_0x555555a6ccd0 .scope module, "Xd_meas_dtemp_pwl_bit5" "vpwl_0x0_11d0ux0" 2 2350, 2 52 0, S_0x555555847f60;
 .timescale 0 0;
    .port_info 0 /INOUT 1 "PLUS";
    .port_info 1 /INOUT 1 "MINUS";
v0x555555a26110_0 .net "MINUS", 0 0, o0x7fffff25f0a8;  alias, 0 drivers
v0x555555a261d0_0 .net "PLUS", 0 0, o0x7fffff2605d8;  alias, 0 drivers
S_0x555555a6ce60 .scope module, "Xd_meas_dtemp_pwl_bit6" "vpwl_0x0_11d0ux0" 2 2355, 2 52 0, S_0x555555847f60;
 .timescale 0 0;
    .port_info 0 /INOUT 1 "PLUS";
    .port_info 1 /INOUT 1 "MINUS";
v0x555555a50060_0 .net "MINUS", 0 0, o0x7fffff25f0a8;  alias, 0 drivers
v0x555555a50120_0 .net "PLUS", 0 0, o0x7fffff260668;  alias, 0 drivers
S_0x555555a6cff0 .scope module, "Xd_meas_dtemp_pwl_bit7" "vpwl_0x0_11d0ux0" 2 2360, 2 52 0, S_0x555555847f60;
 .timescale 0 0;
    .port_info 0 /INOUT 1 "PLUS";
    .port_info 1 /INOUT 1 "MINUS";
v0x555555a4fd60_0 .net "MINUS", 0 0, o0x7fffff25f0a8;  alias, 0 drivers
v0x555555a4f920_0 .net "PLUS", 0 0, o0x7fffff2606f8;  alias, 0 drivers
S_0x555555a6d180 .scope module, "Xd_meas_dtemp_pwl_bit8" "vpwl_0x0_11d0ux0" 2 2365, 2 52 0, S_0x555555847f60;
 .timescale 0 0;
    .port_info 0 /INOUT 1 "PLUS";
    .port_info 1 /INOUT 1 "MINUS";
v0x555555a4f5e0_0 .net "MINUS", 0 0, o0x7fffff25f0a8;  alias, 0 drivers
v0x555555a4f1a0_0 .net "PLUS", 0 0, o0x7fffff260788;  alias, 0 drivers
S_0x555555a6d310 .scope module, "Xd_meas_dtemp_pwl_bit9" "vpwl_0x0_11d0ux0" 2 2370, 2 52 0, S_0x555555847f60;
 .timescale 0 0;
    .port_info 0 /INOUT 1 "PLUS";
    .port_info 1 /INOUT 1 "MINUS";
v0x555555a4ee40_0 .net "MINUS", 0 0, o0x7fffff25f0a8;  alias, 0 drivers
v0x555555a4ea40_0 .net "PLUS", 0 0, o0x7fffff260818;  alias, 0 drivers
S_0x555555a6d4a0 .scope module, "Xd_meas_esr_pwl_bit0" "vpwl_0x0_11d0ux0" 2 1605, 2 52 0, S_0x555555847f60;
 .timescale 0 0;
    .port_info 0 /INOUT 1 "PLUS";
    .port_info 1 /INOUT 1 "MINUS";
v0x555555a4e690_0 .net "MINUS", 0 0, o0x7fffff25f0a8;  alias, 0 drivers
v0x555555a4e750_0 .net "PLUS", 0 0, o0x7fffff2608a8;  alias, 0 drivers
S_0x555555a6d630 .scope module, "Xd_meas_esr_pwl_bit1" "vpwl_0x0_11d0ux0" 2 1610, 2 52 0, S_0x555555847f60;
 .timescale 0 0;
    .port_info 0 /INOUT 1 "PLUS";
    .port_info 1 /INOUT 1 "MINUS";
v0x555555a4df30_0 .net "MINUS", 0 0, o0x7fffff25f0a8;  alias, 0 drivers
v0x555555a4dff0_0 .net "PLUS", 0 0, o0x7fffff260938;  alias, 0 drivers
S_0x555555a6d7c0 .scope module, "Xd_meas_esr_pwl_bit10" "vpwl_0x0_11d0ux0" 2 2105, 2 52 0, S_0x555555847f60;
 .timescale 0 0;
    .port_info 0 /INOUT 1 "PLUS";
    .port_info 1 /INOUT 1 "MINUS";
v0x555555a25e10_0 .net "MINUS", 0 0, o0x7fffff25f0a8;  alias, 0 drivers
v0x555555a4dba0_0 .net "PLUS", 0 0, o0x7fffff2609c8;  alias, 0 drivers
S_0x555555a6d950 .scope module, "Xd_meas_esr_pwl_bit11" "vpwl_0x0_11d0ux0" 2 2110, 2 52 0, S_0x555555847f60;
 .timescale 0 0;
    .port_info 0 /INOUT 1 "PLUS";
    .port_info 1 /INOUT 1 "MINUS";
v0x555555a4d860_0 .net "MINUS", 0 0, o0x7fffff25f0a8;  alias, 0 drivers
v0x555555a4d420_0 .net "PLUS", 0 0, o0x7fffff260a58;  alias, 0 drivers
S_0x555555a6dae0 .scope module, "Xd_meas_esr_pwl_bit12" "vpwl_0x0_11d0ux0" 2 2115, 2 52 0, S_0x555555847f60;
 .timescale 0 0;
    .port_info 0 /INOUT 1 "PLUS";
    .port_info 1 /INOUT 1 "MINUS";
v0x555555a4d0c0_0 .net "MINUS", 0 0, o0x7fffff25f0a8;  alias, 0 drivers
v0x555555a4ccc0_0 .net "PLUS", 0 0, o0x7fffff260ae8;  alias, 0 drivers
S_0x555555a6dc70 .scope module, "Xd_meas_esr_pwl_bit13" "vpwl_0x0_11d0ux0" 2 2120, 2 52 0, S_0x555555847f60;
 .timescale 0 0;
    .port_info 0 /INOUT 1 "PLUS";
    .port_info 1 /INOUT 1 "MINUS";
v0x555555a4c910_0 .net "MINUS", 0 0, o0x7fffff25f0a8;  alias, 0 drivers
v0x555555a4c9d0_0 .net "PLUS", 0 0, o0x7fffff260b78;  alias, 0 drivers
S_0x555555a6de00 .scope module, "Xd_meas_esr_pwl_bit14" "vpwl_0x0_11d0ux0" 2 2125, 2 52 0, S_0x555555847f60;
 .timescale 0 0;
    .port_info 0 /INOUT 1 "PLUS";
    .port_info 1 /INOUT 1 "MINUS";
v0x555555a4c1b0_0 .net "MINUS", 0 0, o0x7fffff25f0a8;  alias, 0 drivers
v0x555555a4c270_0 .net "PLUS", 0 0, o0x7fffff260c08;  alias, 0 drivers
S_0x555555a6df90 .scope module, "Xd_meas_esr_pwl_bit15" "vpwl_0x0_11d0ux0" 2 2130, 2 52 0, S_0x555555847f60;
 .timescale 0 0;
    .port_info 0 /INOUT 1 "PLUS";
    .port_info 1 /INOUT 1 "MINUS";
v0x555555a4bb50_0 .net "MINUS", 0 0, o0x7fffff25f0a8;  alias, 0 drivers
v0x555555a4b710_0 .net "PLUS", 0 0, o0x7fffff260c98;  alias, 0 drivers
S_0x555555a6e120 .scope module, "Xd_meas_esr_pwl_bit2" "vpwl_0x0_11d0ux0" 2 1615, 2 52 0, S_0x555555847f60;
 .timescale 0 0;
    .port_info 0 /INOUT 1 "PLUS";
    .port_info 1 /INOUT 1 "MINUS";
v0x555555a25a40_0 .net "MINUS", 0 0, o0x7fffff25f0a8;  alias, 0 drivers
v0x555555a4b340_0 .net "PLUS", 0 0, o0x7fffff260d28;  alias, 0 drivers
S_0x555555a6e2b0 .scope module, "Xd_meas_esr_pwl_bit3" "vpwl_0x0_11d0ux0" 2 1620, 2 52 0, S_0x555555847f60;
 .timescale 0 0;
    .port_info 0 /INOUT 1 "PLUS";
    .port_info 1 /INOUT 1 "MINUS";
v0x555555a4afe0_0 .net "MINUS", 0 0, o0x7fffff25f0a8;  alias, 0 drivers
v0x555555a4abe0_0 .net "PLUS", 0 0, o0x7fffff260db8;  alias, 0 drivers
S_0x555555a6e440 .scope module, "Xd_meas_esr_pwl_bit4" "vpwl_0x0_11d0ux0" 2 1625, 2 52 0, S_0x555555847f60;
 .timescale 0 0;
    .port_info 0 /INOUT 1 "PLUS";
    .port_info 1 /INOUT 1 "MINUS";
v0x555555a4a830_0 .net "MINUS", 0 0, o0x7fffff25f0a8;  alias, 0 drivers
v0x555555a4a8f0_0 .net "PLUS", 0 0, o0x7fffff260e48;  alias, 0 drivers
S_0x555555a6e5d0 .scope module, "Xd_meas_esr_pwl_bit5" "vpwl_0x0_11d0ux0" 2 1630, 2 52 0, S_0x555555847f60;
 .timescale 0 0;
    .port_info 0 /INOUT 1 "PLUS";
    .port_info 1 /INOUT 1 "MINUS";
v0x555555a49c50_0 .net "MINUS", 0 0, o0x7fffff25f0a8;  alias, 0 drivers
v0x555555a49d10_0 .net "PLUS", 0 0, o0x7fffff260ed8;  alias, 0 drivers
S_0x555555a6e760 .scope module, "Xd_meas_esr_pwl_bit6" "vpwl_0x0_11d0ux0" 2 1635, 2 52 0, S_0x555555847f60;
 .timescale 0 0;
    .port_info 0 /INOUT 1 "PLUS";
    .port_info 1 /INOUT 1 "MINUS";
v0x555555a49950_0 .net "MINUS", 0 0, o0x7fffff25f0a8;  alias, 0 drivers
v0x555555a49510_0 .net "PLUS", 0 0, o0x7fffff260f68;  alias, 0 drivers
S_0x555555a6e8f0 .scope module, "Xd_meas_esr_pwl_bit7" "vpwl_0x0_11d0ux0" 2 1640, 2 52 0, S_0x555555847f60;
 .timescale 0 0;
    .port_info 0 /INOUT 1 "PLUS";
    .port_info 1 /INOUT 1 "MINUS";
v0x555555a491d0_0 .net "MINUS", 0 0, o0x7fffff25f0a8;  alias, 0 drivers
v0x555555a48d90_0 .net "PLUS", 0 0, o0x7fffff260ff8;  alias, 0 drivers
S_0x555555a6ea80 .scope module, "Xd_meas_esr_pwl_bit8" "vpwl_0x0_11d0ux0" 2 1645, 2 52 0, S_0x555555847f60;
 .timescale 0 0;
    .port_info 0 /INOUT 1 "PLUS";
    .port_info 1 /INOUT 1 "MINUS";
v0x555555a25650_0 .net "MINUS", 0 0, o0x7fffff25f0a8;  alias, 0 drivers
v0x555555a489e0_0 .net "PLUS", 0 0, o0x7fffff261088;  alias, 0 drivers
S_0x555555a6ec10 .scope module, "Xd_meas_esr_pwl_bit9" "vpwl_0x0_11d0ux0" 2 1650, 2 52 0, S_0x555555847f60;
 .timescale 0 0;
    .port_info 0 /INOUT 1 "PLUS";
    .port_info 1 /INOUT 1 "MINUS";
v0x555555a48630_0 .net "MINUS", 0 0, o0x7fffff25f0a8;  alias, 0 drivers
v0x555555a486f0_0 .net "PLUS", 0 0, o0x7fffff261118;  alias, 0 drivers
S_0x555555a6eda0 .scope module, "Xd_meas_gpi_pwl_bit0" "vpwl_0x0_11d0ux0" 2 1655, 2 52 0, S_0x555555847f60;
 .timescale 0 0;
    .port_info 0 /INOUT 1 "PLUS";
    .port_info 1 /INOUT 1 "MINUS";
v0x555555a47ed0_0 .net "MINUS", 0 0, o0x7fffff25f0a8;  alias, 0 drivers
v0x555555a47f90_0 .net "PLUS", 0 0, o0x7fffff2611a8;  alias, 0 drivers
S_0x555555a6ef30 .scope module, "Xd_meas_gpi_pwl_bit1" "vpwl_0x0_11d0ux0" 2 1660, 2 52 0, S_0x555555847f60;
 .timescale 0 0;
    .port_info 0 /INOUT 1 "PLUS";
    .port_info 1 /INOUT 1 "MINUS";
v0x555555a47bd0_0 .net "MINUS", 0 0, o0x7fffff25f0a8;  alias, 0 drivers
v0x555555a47790_0 .net "PLUS", 0 0, o0x7fffff261238;  alias, 0 drivers
S_0x555555a6f0c0 .scope module, "Xd_meas_gpi_pwl_bit10" "vpwl_0x0_11d0ux0" 2 2135, 2 52 0, S_0x555555847f60;
 .timescale 0 0;
    .port_info 0 /INOUT 1 "PLUS";
    .port_info 1 /INOUT 1 "MINUS";
v0x555555a47450_0 .net "MINUS", 0 0, o0x7fffff25f0a8;  alias, 0 drivers
v0x555555a47010_0 .net "PLUS", 0 0, o0x7fffff2612c8;  alias, 0 drivers
S_0x555555a6f250 .scope module, "Xd_meas_gpi_pwl_bit11" "vpwl_0x0_11d0ux0" 2 2140, 2 52 0, S_0x555555847f60;
 .timescale 0 0;
    .port_info 0 /INOUT 1 "PLUS";
    .port_info 1 /INOUT 1 "MINUS";
v0x555555a46cb0_0 .net "MINUS", 0 0, o0x7fffff25f0a8;  alias, 0 drivers
v0x555555a46880_0 .net "PLUS", 0 0, o0x7fffff261358;  alias, 0 drivers
S_0x555555a6f3e0 .scope module, "Xd_meas_gpi_pwl_bit12" "vpwl_0x0_11d0ux0" 2 2145, 2 52 0, S_0x555555847f60;
 .timescale 0 0;
    .port_info 0 /INOUT 1 "PLUS";
    .port_info 1 /INOUT 1 "MINUS";
v0x555555a25250_0 .net "MINUS", 0 0, o0x7fffff25f0a8;  alias, 0 drivers
v0x555555a25310_0 .net "PLUS", 0 0, o0x7fffff2613e8;  alias, 0 drivers
S_0x555555a6f570 .scope module, "Xd_meas_gpi_pwl_bit13" "vpwl_0x0_11d0ux0" 2 2150, 2 52 0, S_0x555555847f60;
 .timescale 0 0;
    .port_info 0 /INOUT 1 "PLUS";
    .port_info 1 /INOUT 1 "MINUS";
v0x555555a46120_0 .net "MINUS", 0 0, o0x7fffff25f0a8;  alias, 0 drivers
v0x555555a461e0_0 .net "PLUS", 0 0, o0x7fffff261478;  alias, 0 drivers
S_0x555555a6fb10 .scope module, "Xd_meas_gpi_pwl_bit14" "vpwl_0x0_11d0ux0" 2 2155, 2 52 0, S_0x555555847f60;
 .timescale 0 0;
    .port_info 0 /INOUT 1 "PLUS";
    .port_info 1 /INOUT 1 "MINUS";
v0x555555a45e20_0 .net "MINUS", 0 0, o0x7fffff25f0a8;  alias, 0 drivers
v0x555555a459e0_0 .net "PLUS", 0 0, o0x7fffff261508;  alias, 0 drivers
S_0x555555a6fca0 .scope module, "Xd_meas_gpi_pwl_bit15" "vpwl_0x0_11d0ux0" 2 2160, 2 52 0, S_0x555555847f60;
 .timescale 0 0;
    .port_info 0 /INOUT 1 "PLUS";
    .port_info 1 /INOUT 1 "MINUS";
v0x555555a456a0_0 .net "MINUS", 0 0, o0x7fffff25f0a8;  alias, 0 drivers
v0x555555a45260_0 .net "PLUS", 0 0, o0x7fffff261598;  alias, 0 drivers
S_0x555555a6fe30 .scope module, "Xd_meas_gpi_pwl_bit2" "vpwl_0x0_11d0ux0" 2 1665, 2 52 0, S_0x555555847f60;
 .timescale 0 0;
    .port_info 0 /INOUT 1 "PLUS";
    .port_info 1 /INOUT 1 "MINUS";
v0x555555a44f00_0 .net "MINUS", 0 0, o0x7fffff25f0a8;  alias, 0 drivers
v0x555555a44b00_0 .net "PLUS", 0 0, o0x7fffff261628;  alias, 0 drivers
S_0x555555a707d0 .scope module, "Xd_meas_gpi_pwl_bit3" "vpwl_0x0_11d0ux0" 2 1670, 2 52 0, S_0x555555847f60;
 .timescale 0 0;
    .port_info 0 /INOUT 1 "PLUS";
    .port_info 1 /INOUT 1 "MINUS";
v0x555555a44750_0 .net "MINUS", 0 0, o0x7fffff25f0a8;  alias, 0 drivers
v0x555555a44810_0 .net "PLUS", 0 0, o0x7fffff2616b8;  alias, 0 drivers
S_0x555555a70960 .scope module, "Xd_meas_gpi_pwl_bit4" "vpwl_0x0_11d0ux0" 2 1675, 2 52 0, S_0x555555847f60;
 .timescale 0 0;
    .port_info 0 /INOUT 1 "PLUS";
    .port_info 1 /INOUT 1 "MINUS";
v0x555555a24ea0_0 .net "MINUS", 0 0, o0x7fffff25f0a8;  alias, 0 drivers
v0x555555a24f60_0 .net "PLUS", 0 0, o0x7fffff261748;  alias, 0 drivers
S_0x555555a70af0 .scope module, "Xd_meas_gpi_pwl_bit5" "vpwl_0x0_11d0ux0" 2 1680, 2 52 0, S_0x555555847f60;
 .timescale 0 0;
    .port_info 0 /INOUT 1 "PLUS";
    .port_info 1 /INOUT 1 "MINUS";
v0x555555a44070_0 .net "MINUS", 0 0, o0x7fffff25f0a8;  alias, 0 drivers
v0x555555a43c30_0 .net "PLUS", 0 0, o0x7fffff2617d8;  alias, 0 drivers
S_0x555555a70c80 .scope module, "Xd_meas_gpi_pwl_bit6" "vpwl_0x0_11d0ux0" 2 1685, 2 52 0, S_0x555555847f60;
 .timescale 0 0;
    .port_info 0 /INOUT 1 "PLUS";
    .port_info 1 /INOUT 1 "MINUS";
v0x555555a438f0_0 .net "MINUS", 0 0, o0x7fffff25f0a8;  alias, 0 drivers
v0x555555a434b0_0 .net "PLUS", 0 0, o0x7fffff261868;  alias, 0 drivers
S_0x555555a70e10 .scope module, "Xd_meas_gpi_pwl_bit7" "vpwl_0x0_11d0ux0" 2 1690, 2 52 0, S_0x555555847f60;
 .timescale 0 0;
    .port_info 0 /INOUT 1 "PLUS";
    .port_info 1 /INOUT 1 "MINUS";
v0x555555a43150_0 .net "MINUS", 0 0, o0x7fffff25f0a8;  alias, 0 drivers
v0x555555a42d50_0 .net "PLUS", 0 0, o0x7fffff2618f8;  alias, 0 drivers
S_0x555555a70fa0 .scope module, "Xd_meas_gpi_pwl_bit8" "vpwl_0x0_11d0ux0" 2 1695, 2 52 0, S_0x555555847f60;
 .timescale 0 0;
    .port_info 0 /INOUT 1 "PLUS";
    .port_info 1 /INOUT 1 "MINUS";
v0x555555a429a0_0 .net "MINUS", 0 0, o0x7fffff25f0a8;  alias, 0 drivers
v0x555555a42a60_0 .net "PLUS", 0 0, o0x7fffff261988;  alias, 0 drivers
S_0x555555a71130 .scope module, "Xd_meas_gpi_pwl_bit9" "vpwl_0x0_11d0ux0" 2 1700, 2 52 0, S_0x555555847f60;
 .timescale 0 0;
    .port_info 0 /INOUT 1 "PLUS";
    .port_info 1 /INOUT 1 "MINUS";
v0x555555a42240_0 .net "MINUS", 0 0, o0x7fffff25f0a8;  alias, 0 drivers
v0x555555a42300_0 .net "PLUS", 0 0, o0x7fffff261a18;  alias, 0 drivers
S_0x555555a712c0 .scope module, "Xd_meas_ichrg_pwl_bit0" "vpwl_0x0_11d0ux0" 2 2375, 2 52 0, S_0x555555847f60;
 .timescale 0 0;
    .port_info 0 /INOUT 1 "PLUS";
    .port_info 1 /INOUT 1 "MINUS";
v0x555555a41f10_0 .net "MINUS", 0 0, o0x7fffff25f0a8;  alias, 0 drivers
v0x555555a24b10_0 .net "PLUS", 0 0, o0x7fffff261aa8;  alias, 0 drivers
S_0x555555a71450 .scope module, "Xd_meas_ichrg_pwl_bit1" "vpwl_0x0_11d0ux0" 2 2380, 2 52 0, S_0x555555847f60;
 .timescale 0 0;
    .port_info 0 /INOUT 1 "PLUS";
    .port_info 1 /INOUT 1 "MINUS";
v0x555555a41b40_0 .net "MINUS", 0 0, o0x7fffff25f0a8;  alias, 0 drivers
v0x555555a41700_0 .net "PLUS", 0 0, o0x7fffff261b38;  alias, 0 drivers
S_0x555555a715e0 .scope module, "Xd_meas_ichrg_pwl_bit10" "vpwl_0x0_11d0ux0" 2 2720, 2 52 0, S_0x555555847f60;
 .timescale 0 0;
    .port_info 0 /INOUT 1 "PLUS";
    .port_info 1 /INOUT 1 "MINUS";
v0x555555a413a0_0 .net "MINUS", 0 0, o0x7fffff25f0a8;  alias, 0 drivers
v0x555555a40fa0_0 .net "PLUS", 0 0, o0x7fffff261bc8;  alias, 0 drivers
S_0x555555a71770 .scope module, "Xd_meas_ichrg_pwl_bit11" "vpwl_0x0_11d0ux0" 2 2725, 2 52 0, S_0x555555847f60;
 .timescale 0 0;
    .port_info 0 /INOUT 1 "PLUS";
    .port_info 1 /INOUT 1 "MINUS";
v0x555555a40bf0_0 .net "MINUS", 0 0, o0x7fffff25f0a8;  alias, 0 drivers
v0x555555a40cb0_0 .net "PLUS", 0 0, o0x7fffff261c58;  alias, 0 drivers
S_0x555555a71900 .scope module, "Xd_meas_ichrg_pwl_bit12" "vpwl_0x0_11d0ux0" 2 2730, 2 52 0, S_0x555555847f60;
 .timescale 0 0;
    .port_info 0 /INOUT 1 "PLUS";
    .port_info 1 /INOUT 1 "MINUS";
v0x555555a40490_0 .net "MINUS", 0 0, o0x7fffff25f0a8;  alias, 0 drivers
v0x555555a40550_0 .net "PLUS", 0 0, o0x7fffff261ce8;  alias, 0 drivers
S_0x555555a71a90 .scope module, "Xd_meas_ichrg_pwl_bit13" "vpwl_0x0_11d0ux0" 2 2735, 2 52 0, S_0x555555847f60;
 .timescale 0 0;
    .port_info 0 /INOUT 1 "PLUS";
    .port_info 1 /INOUT 1 "MINUS";
v0x555555a40190_0 .net "MINUS", 0 0, o0x7fffff25f0a8;  alias, 0 drivers
v0x555555a3fd50_0 .net "PLUS", 0 0, o0x7fffff261d78;  alias, 0 drivers
S_0x555555a71c20 .scope module, "Xd_meas_ichrg_pwl_bit14" "vpwl_0x0_11d0ux0" 2 2740, 2 52 0, S_0x555555847f60;
 .timescale 0 0;
    .port_info 0 /INOUT 1 "PLUS";
    .port_info 1 /INOUT 1 "MINUS";
v0x555555a3f9e0_0 .net "MINUS", 0 0, o0x7fffff25f0a8;  alias, 0 drivers
v0x555555a24740_0 .net "PLUS", 0 0, o0x7fffff261e08;  alias, 0 drivers
S_0x555555a71db0 .scope module, "Xd_meas_ichrg_pwl_bit15" "vpwl_0x0_11d0ux0" 2 2745, 2 52 0, S_0x555555847f60;
 .timescale 0 0;
    .port_info 0 /INOUT 1 "PLUS";
    .port_info 1 /INOUT 1 "MINUS";
v0x555555a3f5f0_0 .net "MINUS", 0 0, o0x7fffff25f0a8;  alias, 0 drivers
v0x555555a3f1f0_0 .net "PLUS", 0 0, o0x7fffff261e98;  alias, 0 drivers
S_0x555555a71f40 .scope module, "Xd_meas_ichrg_pwl_bit2" "vpwl_0x0_11d0ux0" 2 2385, 2 52 0, S_0x555555847f60;
 .timescale 0 0;
    .port_info 0 /INOUT 1 "PLUS";
    .port_info 1 /INOUT 1 "MINUS";
v0x555555a3ee40_0 .net "MINUS", 0 0, o0x7fffff25f0a8;  alias, 0 drivers
v0x555555a3ef00_0 .net "PLUS", 0 0, o0x7fffff261f28;  alias, 0 drivers
S_0x555555a720d0 .scope module, "Xd_meas_ichrg_pwl_bit3" "vpwl_0x0_11d0ux0" 2 2390, 2 52 0, S_0x555555847f60;
 .timescale 0 0;
    .port_info 0 /INOUT 1 "PLUS";
    .port_info 1 /INOUT 1 "MINUS";
v0x555555a3e6e0_0 .net "MINUS", 0 0, o0x7fffff25f0a8;  alias, 0 drivers
v0x555555a3e7a0_0 .net "PLUS", 0 0, o0x7fffff261fb8;  alias, 0 drivers
S_0x555555a72260 .scope module, "Xd_meas_ichrg_pwl_bit4" "vpwl_0x0_11d0ux0" 2 2395, 2 52 0, S_0x555555847f60;
 .timescale 0 0;
    .port_info 0 /INOUT 1 "PLUS";
    .port_info 1 /INOUT 1 "MINUS";
v0x555555a3e3e0_0 .net "MINUS", 0 0, o0x7fffff25f0a8;  alias, 0 drivers
v0x555555a3dfa0_0 .net "PLUS", 0 0, o0x7fffff262048;  alias, 0 drivers
S_0x555555a723f0 .scope module, "Xd_meas_ichrg_pwl_bit5" "vpwl_0x0_11d0ux0" 2 2400, 2 52 0, S_0x555555847f60;
 .timescale 0 0;
    .port_info 0 /INOUT 1 "PLUS";
    .port_info 1 /INOUT 1 "MINUS";
v0x555555a3dc60_0 .net "MINUS", 0 0, o0x7fffff25f0a8;  alias, 0 drivers
v0x555555a3d820_0 .net "PLUS", 0 0, o0x7fffff2620d8;  alias, 0 drivers
S_0x555555a72580 .scope module, "Xd_meas_ichrg_pwl_bit6" "vpwl_0x0_11d0ux0" 2 2405, 2 52 0, S_0x555555847f60;
 .timescale 0 0;
    .port_info 0 /INOUT 1 "PLUS";
    .port_info 1 /INOUT 1 "MINUS";
v0x555555a3d490_0 .net "MINUS", 0 0, o0x7fffff25f0a8;  alias, 0 drivers
v0x555555a24390_0 .net "PLUS", 0 0, o0x7fffff262168;  alias, 0 drivers
S_0x555555a72710 .scope module, "Xd_meas_ichrg_pwl_bit7" "vpwl_0x0_11d0ux0" 2 2410, 2 52 0, S_0x555555847f60;
 .timescale 0 0;
    .port_info 0 /INOUT 1 "PLUS";
    .port_info 1 /INOUT 1 "MINUS";
v0x555555a3d090_0 .net "MINUS", 0 0, o0x7fffff25f0a8;  alias, 0 drivers
v0x555555a3d150_0 .net "PLUS", 0 0, o0x7fffff2621f8;  alias, 0 drivers
S_0x555555a728a0 .scope module, "Xd_meas_ichrg_pwl_bit8" "vpwl_0x0_11d0ux0" 2 2415, 2 52 0, S_0x555555847f60;
 .timescale 0 0;
    .port_info 0 /INOUT 1 "PLUS";
    .port_info 1 /INOUT 1 "MINUS";
v0x555555a3c930_0 .net "MINUS", 0 0, o0x7fffff25f0a8;  alias, 0 drivers
v0x555555a3c9f0_0 .net "PLUS", 0 0, o0x7fffff262288;  alias, 0 drivers
S_0x555555a72a30 .scope module, "Xd_meas_ichrg_pwl_bit9" "vpwl_0x0_11d0ux0" 2 2420, 2 52 0, S_0x555555847f60;
 .timescale 0 0;
    .port_info 0 /INOUT 1 "PLUS";
    .port_info 1 /INOUT 1 "MINUS";
v0x555555a3c630_0 .net "MINUS", 0 0, o0x7fffff25f0a8;  alias, 0 drivers
v0x555555a3c1f0_0 .net "PLUS", 0 0, o0x7fffff262318;  alias, 0 drivers
S_0x555555a72bc0 .scope module, "Xd_meas_iin_pwl_bit0" "vpwl_0x0_11d0ux0" 2 1705, 2 52 0, S_0x555555847f60;
 .timescale 0 0;
    .port_info 0 /INOUT 1 "PLUS";
    .port_info 1 /INOUT 1 "MINUS";
v0x555555a3beb0_0 .net "MINUS", 0 0, o0x7fffff25f0a8;  alias, 0 drivers
v0x555555a3ba70_0 .net "PLUS", 0 0, o0x7fffff2623a8;  alias, 0 drivers
S_0x555555a72d50 .scope module, "Xd_meas_iin_pwl_bit1" "vpwl_0x0_11d0ux0" 2 1710, 2 52 0, S_0x555555847f60;
 .timescale 0 0;
    .port_info 0 /INOUT 1 "PLUS";
    .port_info 1 /INOUT 1 "MINUS";
v0x555555a3b710_0 .net "MINUS", 0 0, o0x7fffff25f0a8;  alias, 0 drivers
v0x555555a3b310_0 .net "PLUS", 0 0, o0x7fffff262438;  alias, 0 drivers
S_0x555555a72ee0 .scope module, "Xd_meas_iin_pwl_bit10" "vpwl_0x0_11d0ux0" 2 2165, 2 52 0, S_0x555555847f60;
 .timescale 0 0;
    .port_info 0 /INOUT 1 "PLUS";
    .port_info 1 /INOUT 1 "MINUS";
v0x555555a3af30_0 .net "MINUS", 0 0, o0x7fffff25f0a8;  alias, 0 drivers
v0x555555a3aff0_0 .net "PLUS", 0 0, o0x7fffff2624c8;  alias, 0 drivers
S_0x555555a73070 .scope module, "Xd_meas_iin_pwl_bit11" "vpwl_0x0_11d0ux0" 2 2170, 2 52 0, S_0x555555847f60;
 .timescale 0 0;
    .port_info 0 /INOUT 1 "PLUS";
    .port_info 1 /INOUT 1 "MINUS";
v0x555555a3ab80_0 .net "MINUS", 0 0, o0x7fffff25f0a8;  alias, 0 drivers
v0x555555a3ac40_0 .net "PLUS", 0 0, o0x7fffff262558;  alias, 0 drivers
S_0x555555a73200 .scope module, "Xd_meas_iin_pwl_bit12" "vpwl_0x0_11d0ux0" 2 2175, 2 52 0, S_0x555555847f60;
 .timescale 0 0;
    .port_info 0 /INOUT 1 "PLUS";
    .port_info 1 /INOUT 1 "MINUS";
v0x555555a3a880_0 .net "MINUS", 0 0, o0x7fffff25f0a8;  alias, 0 drivers
v0x555555a3a440_0 .net "PLUS", 0 0, o0x7fffff2625e8;  alias, 0 drivers
S_0x555555a73390 .scope module, "Xd_meas_iin_pwl_bit13" "vpwl_0x0_11d0ux0" 2 2180, 2 52 0, S_0x555555847f60;
 .timescale 0 0;
    .port_info 0 /INOUT 1 "PLUS";
    .port_info 1 /INOUT 1 "MINUS";
v0x555555a3a100_0 .net "MINUS", 0 0, o0x7fffff25f0a8;  alias, 0 drivers
v0x555555a39cc0_0 .net "PLUS", 0 0, o0x7fffff262678;  alias, 0 drivers
S_0x555555a73520 .scope module, "Xd_meas_iin_pwl_bit14" "vpwl_0x0_11d0ux0" 2 2185, 2 52 0, S_0x555555847f60;
 .timescale 0 0;
    .port_info 0 /INOUT 1 "PLUS";
    .port_info 1 /INOUT 1 "MINUS";
v0x555555a39960_0 .net "MINUS", 0 0, o0x7fffff25f0a8;  alias, 0 drivers
v0x555555a39560_0 .net "PLUS", 0 0, o0x7fffff262708;  alias, 0 drivers
S_0x555555a736b0 .scope module, "Xd_meas_iin_pwl_bit15" "vpwl_0x0_11d0ux0" 2 2190, 2 52 0, S_0x555555847f60;
 .timescale 0 0;
    .port_info 0 /INOUT 1 "PLUS";
    .port_info 1 /INOUT 1 "MINUS";
v0x555555a391b0_0 .net "MINUS", 0 0, o0x7fffff25f0a8;  alias, 0 drivers
v0x555555a39270_0 .net "PLUS", 0 0, o0x7fffff262798;  alias, 0 drivers
S_0x555555a73840 .scope module, "Xd_meas_iin_pwl_bit2" "vpwl_0x0_11d0ux0" 2 1715, 2 52 0, S_0x555555847f60;
 .timescale 0 0;
    .port_info 0 /INOUT 1 "PLUS";
    .port_info 1 /INOUT 1 "MINUS";
v0x555555a38a20_0 .net "MINUS", 0 0, o0x7fffff25f0a8;  alias, 0 drivers
v0x555555a38ae0_0 .net "PLUS", 0 0, o0x7fffff262828;  alias, 0 drivers
S_0x555555a739d0 .scope module, "Xd_meas_iin_pwl_bit3" "vpwl_0x0_11d0ux0" 2 1720, 2 52 0, S_0x555555847f60;
 .timescale 0 0;
    .port_info 0 /INOUT 1 "PLUS";
    .port_info 1 /INOUT 1 "MINUS";
v0x555555a23cb0_0 .net "MINUS", 0 0, o0x7fffff25f0a8;  alias, 0 drivers
v0x555555a21af0_0 .net "PLUS", 0 0, o0x7fffff2628b8;  alias, 0 drivers
S_0x555555a73b60 .scope module, "Xd_meas_iin_pwl_bit4" "vpwl_0x0_11d0ux0" 2 1725, 2 52 0, S_0x555555847f60;
 .timescale 0 0;
    .port_info 0 /INOUT 1 "PLUS";
    .port_info 1 /INOUT 1 "MINUS";
v0x555555a38700_0 .net "MINUS", 0 0, o0x7fffff25f0a8;  alias, 0 drivers
v0x555555a382c0_0 .net "PLUS", 0 0, o0x7fffff262948;  alias, 0 drivers
S_0x555555a73cf0 .scope module, "Xd_meas_iin_pwl_bit5" "vpwl_0x0_11d0ux0" 2 1730, 2 52 0, S_0x555555847f60;
 .timescale 0 0;
    .port_info 0 /INOUT 1 "PLUS";
    .port_info 1 /INOUT 1 "MINUS";
v0x555555a37f60_0 .net "MINUS", 0 0, o0x7fffff25f0a8;  alias, 0 drivers
v0x555555a37b60_0 .net "PLUS", 0 0, o0x7fffff2629d8;  alias, 0 drivers
S_0x555555a73e80 .scope module, "Xd_meas_iin_pwl_bit6" "vpwl_0x0_11d0ux0" 2 1735, 2 52 0, S_0x555555847f60;
 .timescale 0 0;
    .port_info 0 /INOUT 1 "PLUS";
    .port_info 1 /INOUT 1 "MINUS";
v0x555555a377b0_0 .net "MINUS", 0 0, o0x7fffff25f0a8;  alias, 0 drivers
v0x555555a37870_0 .net "PLUS", 0 0, o0x7fffff262a68;  alias, 0 drivers
S_0x555555a74010 .scope module, "Xd_meas_iin_pwl_bit7" "vpwl_0x0_11d0ux0" 2 1740, 2 52 0, S_0x555555847f60;
 .timescale 0 0;
    .port_info 0 /INOUT 1 "PLUS";
    .port_info 1 /INOUT 1 "MINUS";
v0x555555a37050_0 .net "MINUS", 0 0, o0x7fffff25f0a8;  alias, 0 drivers
v0x555555a37110_0 .net "PLUS", 0 0, o0x7fffff262af8;  alias, 0 drivers
S_0x555555a741a0 .scope module, "Xd_meas_iin_pwl_bit8" "vpwl_0x0_11d0ux0" 2 1745, 2 52 0, S_0x555555847f60;
 .timescale 0 0;
    .port_info 0 /INOUT 1 "PLUS";
    .port_info 1 /INOUT 1 "MINUS";
v0x555555a36d50_0 .net "MINUS", 0 0, o0x7fffff25f0a8;  alias, 0 drivers
v0x555555a36910_0 .net "PLUS", 0 0, o0x7fffff262b88;  alias, 0 drivers
S_0x555555a74330 .scope module, "Xd_meas_iin_pwl_bit9" "vpwl_0x0_11d0ux0" 2 1750, 2 52 0, S_0x555555847f60;
 .timescale 0 0;
    .port_info 0 /INOUT 1 "PLUS";
    .port_info 1 /INOUT 1 "MINUS";
v0x555555a365a0_0 .net "MINUS", 0 0, o0x7fffff25f0a8;  alias, 0 drivers
v0x555555a23850_0 .net "PLUS", 0 0, o0x7fffff262c18;  alias, 0 drivers
S_0x555555a744c0 .scope module, "Xd_meas_vcap1_pwl_bit0" "vpwl_0x0_10d999ux0_11d0ux5" 2 2425, 2 47 0, S_0x555555847f60;
 .timescale 0 0;
    .port_info 0 /INOUT 1 "PLUS";
    .port_info 1 /INOUT 1 "MINUS";
v0x555555a361b0_0 .net "MINUS", 0 0, o0x7fffff25f0a8;  alias, 0 drivers
v0x555555a35db0_0 .net "PLUS", 0 0, o0x7fffff262ca8;  alias, 0 drivers
S_0x555555a74650 .scope module, "Xd_meas_vcap1_pwl_bit1" "vpwl_0x0_11d0ux0" 2 2430, 2 52 0, S_0x555555847f60;
 .timescale 0 0;
    .port_info 0 /INOUT 1 "PLUS";
    .port_info 1 /INOUT 1 "MINUS";
v0x555555a35a00_0 .net "MINUS", 0 0, o0x7fffff25f0a8;  alias, 0 drivers
v0x555555a35ac0_0 .net "PLUS", 0 0, o0x7fffff262d38;  alias, 0 drivers
S_0x555555a747e0 .scope module, "Xd_meas_vcap1_pwl_bit10" "vpwl_0x0_11d0ux0" 2 2750, 2 52 0, S_0x555555847f60;
 .timescale 0 0;
    .port_info 0 /INOUT 1 "PLUS";
    .port_info 1 /INOUT 1 "MINUS";
v0x555555a352a0_0 .net "MINUS", 0 0, o0x7fffff25f0a8;  alias, 0 drivers
v0x555555a35360_0 .net "PLUS", 0 0, o0x7fffff262dc8;  alias, 0 drivers
S_0x555555a74970 .scope module, "Xd_meas_vcap1_pwl_bit11" "vpwl_0x0_11d0ux0" 2 2755, 2 52 0, S_0x555555847f60;
 .timescale 0 0;
    .port_info 0 /INOUT 1 "PLUS";
    .port_info 1 /INOUT 1 "MINUS";
v0x555555a34fa0_0 .net "MINUS", 0 0, o0x7fffff25f0a8;  alias, 0 drivers
v0x555555a34b60_0 .net "PLUS", 0 0, o0x7fffff262e58;  alias, 0 drivers
S_0x555555a74b00 .scope module, "Xd_meas_vcap1_pwl_bit12" "vpwl_0x0_11d0ux0" 2 2760, 2 52 0, S_0x555555847f60;
 .timescale 0 0;
    .port_info 0 /INOUT 1 "PLUS";
    .port_info 1 /INOUT 1 "MINUS";
v0x555555a34820_0 .net "MINUS", 0 0, o0x7fffff25f0a8;  alias, 0 drivers
v0x555555a343e0_0 .net "PLUS", 0 0, o0x7fffff262ee8;  alias, 0 drivers
S_0x555555a74c90 .scope module, "Xd_meas_vcap1_pwl_bit13" "vpwl_0x0_11d0ux0" 2 2765, 2 52 0, S_0x555555847f60;
 .timescale 0 0;
    .port_info 0 /INOUT 1 "PLUS";
    .port_info 1 /INOUT 1 "MINUS";
v0x555555a34050_0 .net "MINUS", 0 0, o0x7fffff25f0a8;  alias, 0 drivers
v0x555555a234a0_0 .net "PLUS", 0 0, o0x7fffff262f78;  alias, 0 drivers
S_0x555555a74e20 .scope module, "Xd_meas_vcap1_pwl_bit14" "vpwl_0x0_11d0ux0" 2 2770, 2 52 0, S_0x555555847f60;
 .timescale 0 0;
    .port_info 0 /INOUT 1 "PLUS";
    .port_info 1 /INOUT 1 "MINUS";
v0x555555a33c50_0 .net "MINUS", 0 0, o0x7fffff25f0a8;  alias, 0 drivers
v0x555555a33d10_0 .net "PLUS", 0 0, o0x7fffff263008;  alias, 0 drivers
S_0x555555a74fb0 .scope module, "Xd_meas_vcap1_pwl_bit15" "vpwl_0x0_11d0ux0" 2 2775, 2 52 0, S_0x555555847f60;
 .timescale 0 0;
    .port_info 0 /INOUT 1 "PLUS";
    .port_info 1 /INOUT 1 "MINUS";
v0x555555a334f0_0 .net "MINUS", 0 0, o0x7fffff25f0a8;  alias, 0 drivers
v0x555555a335b0_0 .net "PLUS", 0 0, o0x7fffff263098;  alias, 0 drivers
S_0x555555a75140 .scope module, "Xd_meas_vcap1_pwl_bit2" "vpwl_0x0_11d0ux0" 2 2435, 2 52 0, S_0x555555847f60;
 .timescale 0 0;
    .port_info 0 /INOUT 1 "PLUS";
    .port_info 1 /INOUT 1 "MINUS";
v0x555555a331f0_0 .net "MINUS", 0 0, o0x7fffff25f0a8;  alias, 0 drivers
v0x555555a32db0_0 .net "PLUS", 0 0, o0x7fffff263128;  alias, 0 drivers
S_0x555555a752d0 .scope module, "Xd_meas_vcap1_pwl_bit3" "vpwl_0x0_11d0ux0" 2 2440, 2 52 0, S_0x555555847f60;
 .timescale 0 0;
    .port_info 0 /INOUT 1 "PLUS";
    .port_info 1 /INOUT 1 "MINUS";
v0x555555a32a70_0 .net "MINUS", 0 0, o0x7fffff25f0a8;  alias, 0 drivers
v0x555555a32630_0 .net "PLUS", 0 0, o0x7fffff2631b8;  alias, 0 drivers
S_0x555555a75460 .scope module, "Xd_meas_vcap1_pwl_bit4" "vpwl_0x0_11d0ux0" 2 2445, 2 52 0, S_0x555555847f60;
 .timescale 0 0;
    .port_info 0 /INOUT 1 "PLUS";
    .port_info 1 /INOUT 1 "MINUS";
v0x555555a322d0_0 .net "MINUS", 0 0, o0x7fffff25f0a8;  alias, 0 drivers
v0x555555a31ed0_0 .net "PLUS", 0 0, o0x7fffff263248;  alias, 0 drivers
S_0x555555a755f0 .scope module, "Xd_meas_vcap1_pwl_bit5" "vpwl_0x0_11d0ux0" 2 2450, 2 52 0, S_0x555555847f60;
 .timescale 0 0;
    .port_info 0 /INOUT 1 "PLUS";
    .port_info 1 /INOUT 1 "MINUS";
v0x555555a31af0_0 .net "MINUS", 0 0, o0x7fffff25f0a8;  alias, 0 drivers
v0x555555a31bb0_0 .net "PLUS", 0 0, o0x7fffff2632d8;  alias, 0 drivers
S_0x555555a75780 .scope module, "Xd_meas_vcap1_pwl_bit6" "vpwl_0x0_11d0ux0" 2 2455, 2 52 0, S_0x555555847f60;
 .timescale 0 0;
    .port_info 0 /INOUT 1 "PLUS";
    .port_info 1 /INOUT 1 "MINUS";
v0x555555a31740_0 .net "MINUS", 0 0, o0x7fffff25f0a8;  alias, 0 drivers
v0x555555a31800_0 .net "PLUS", 0 0, o0x7fffff263368;  alias, 0 drivers
S_0x555555a75910 .scope module, "Xd_meas_vcap1_pwl_bit7" "vpwl_0x0_11d0ux0" 2 2460, 2 52 0, S_0x555555847f60;
 .timescale 0 0;
    .port_info 0 /INOUT 1 "PLUS";
    .port_info 1 /INOUT 1 "MINUS";
v0x555555a31440_0 .net "MINUS", 0 0, o0x7fffff25f0a8;  alias, 0 drivers
v0x555555a31000_0 .net "PLUS", 0 0, o0x7fffff2633f8;  alias, 0 drivers
S_0x555555a75aa0 .scope module, "Xd_meas_vcap1_pwl_bit8" "vpwl_0x0_11d0ux0" 2 2465, 2 52 0, S_0x555555847f60;
 .timescale 0 0;
    .port_info 0 /INOUT 1 "PLUS";
    .port_info 1 /INOUT 1 "MINUS";
v0x555555a30cc0_0 .net "MINUS", 0 0, o0x7fffff25f0a8;  alias, 0 drivers
v0x555555a30880_0 .net "PLUS", 0 0, o0x7fffff263488;  alias, 0 drivers
S_0x555555a75c30 .scope module, "Xd_meas_vcap1_pwl_bit9" "vpwl_0x0_11d0ux0" 2 2470, 2 52 0, S_0x555555847f60;
 .timescale 0 0;
    .port_info 0 /INOUT 1 "PLUS";
    .port_info 1 /INOUT 1 "MINUS";
v0x555555a30520_0 .net "MINUS", 0 0, o0x7fffff25f0a8;  alias, 0 drivers
v0x555555a30120_0 .net "PLUS", 0 0, o0x7fffff263518;  alias, 0 drivers
S_0x555555a75dc0 .scope module, "Xd_meas_vcap2_pwl_bit0" "vpwl_0x0_10d999ux0_11d0ux5" 2 2475, 2 47 0, S_0x555555847f60;
 .timescale 0 0;
    .port_info 0 /INOUT 1 "PLUS";
    .port_info 1 /INOUT 1 "MINUS";
v0x555555a2fd70_0 .net "MINUS", 0 0, o0x7fffff25f0a8;  alias, 0 drivers
v0x555555a2fe30_0 .net "PLUS", 0 0, o0x7fffff2635a8;  alias, 0 drivers
S_0x555555a75f50 .scope module, "Xd_meas_vcap2_pwl_bit1" "vpwl_0x0_11d0ux0" 2 2480, 2 52 0, S_0x555555847f60;
 .timescale 0 0;
    .port_info 0 /INOUT 1 "PLUS";
    .port_info 1 /INOUT 1 "MINUS";
v0x555555a2f5e0_0 .net "MINUS", 0 0, o0x7fffff25f0a8;  alias, 0 drivers
v0x555555a2f6a0_0 .net "PLUS", 0 0, o0x7fffff263638;  alias, 0 drivers
S_0x555555a760e0 .scope module, "Xd_meas_vcap2_pwl_bit10" "vpwl_0x0_11d0ux0" 2 2780, 2 52 0, S_0x555555847f60;
 .timescale 0 0;
    .port_info 0 /INOUT 1 "PLUS";
    .port_info 1 /INOUT 1 "MINUS";
v0x555555a22df0_0 .net "MINUS", 0 0, o0x7fffff25f0a8;  alias, 0 drivers
v0x555555a2f250_0 .net "PLUS", 0 0, o0x7fffff2636c8;  alias, 0 drivers
S_0x555555a76270 .scope module, "Xd_meas_vcap2_pwl_bit11" "vpwl_0x0_11d0ux0" 2 2785, 2 52 0, S_0x555555847f60;
 .timescale 0 0;
    .port_info 0 /INOUT 1 "PLUS";
    .port_info 1 /INOUT 1 "MINUS";
v0x555555a2ef10_0 .net "MINUS", 0 0, o0x7fffff25f0a8;  alias, 0 drivers
v0x555555a2ead0_0 .net "PLUS", 0 0, o0x7fffff263758;  alias, 0 drivers
S_0x555555a76400 .scope module, "Xd_meas_vcap2_pwl_bit12" "vpwl_0x0_11d0ux0" 2 2790, 2 52 0, S_0x555555847f60;
 .timescale 0 0;
    .port_info 0 /INOUT 1 "PLUS";
    .port_info 1 /INOUT 1 "MINUS";
v0x555555a2e770_0 .net "MINUS", 0 0, o0x7fffff25f0a8;  alias, 0 drivers
v0x555555a2e370_0 .net "PLUS", 0 0, o0x7fffff2637e8;  alias, 0 drivers
S_0x555555a76590 .scope module, "Xd_meas_vcap2_pwl_bit13" "vpwl_0x0_11d0ux0" 2 2795, 2 52 0, S_0x555555847f60;
 .timescale 0 0;
    .port_info 0 /INOUT 1 "PLUS";
    .port_info 1 /INOUT 1 "MINUS";
v0x555555883f70_0 .net "MINUS", 0 0, o0x7fffff25f0a8;  alias, 0 drivers
v0x555555884030_0 .net "PLUS", 0 0, o0x7fffff263878;  alias, 0 drivers
S_0x555555a76f70 .scope module, "Xd_meas_vcap2_pwl_bit14" "vpwl_0x0_11d0ux0" 2 2800, 2 52 0, S_0x555555847f60;
 .timescale 0 0;
    .port_info 0 /INOUT 1 "PLUS";
    .port_info 1 /INOUT 1 "MINUS";
v0x555555a77190_0 .net "MINUS", 0 0, o0x7fffff25f0a8;  alias, 0 drivers
v0x555555a77250_0 .net "PLUS", 0 0, o0x7fffff263908;  alias, 0 drivers
S_0x555555a77370 .scope module, "Xd_meas_vcap2_pwl_bit15" "vpwl_0x0_11d0ux0" 2 2805, 2 52 0, S_0x555555847f60;
 .timescale 0 0;
    .port_info 0 /INOUT 1 "PLUS";
    .port_info 1 /INOUT 1 "MINUS";
v0x555555a77590_0 .net "MINUS", 0 0, o0x7fffff25f0a8;  alias, 0 drivers
v0x555555a77650_0 .net "PLUS", 0 0, o0x7fffff263998;  alias, 0 drivers
S_0x555555a77770 .scope module, "Xd_meas_vcap2_pwl_bit2" "vpwl_0x0_11d0ux0" 2 2485, 2 52 0, S_0x555555847f60;
 .timescale 0 0;
    .port_info 0 /INOUT 1 "PLUS";
    .port_info 1 /INOUT 1 "MINUS";
v0x555555a77990_0 .net "MINUS", 0 0, o0x7fffff25f0a8;  alias, 0 drivers
v0x555555a6ffc0_0 .net "PLUS", 0 0, o0x7fffff263a28;  alias, 0 drivers
S_0x555555a700e0 .scope module, "Xd_meas_vcap2_pwl_bit3" "vpwl_0x0_11d0ux0" 2 2490, 2 52 0, S_0x555555847f60;
 .timescale 0 0;
    .port_info 0 /INOUT 1 "PLUS";
    .port_info 1 /INOUT 1 "MINUS";
v0x555555a70300_0 .net "MINUS", 0 0, o0x7fffff25f0a8;  alias, 0 drivers
v0x555555a703c0_0 .net "PLUS", 0 0, o0x7fffff263ab8;  alias, 0 drivers
S_0x555555a704e0 .scope module, "Xd_meas_vcap2_pwl_bit4" "vpwl_0x0_11d0ux0" 2 2495, 2 52 0, S_0x555555847f60;
 .timescale 0 0;
    .port_info 0 /INOUT 1 "PLUS";
    .port_info 1 /INOUT 1 "MINUS";
v0x555555a70700_0 .net "MINUS", 0 0, o0x7fffff25f0a8;  alias, 0 drivers
v0x555555a78a60_0 .net "PLUS", 0 0, o0x7fffff263b48;  alias, 0 drivers
S_0x555555a78ba0 .scope module, "Xd_meas_vcap2_pwl_bit5" "vpwl_0x0_11d0ux0" 2 2500, 2 52 0, S_0x555555847f60;
 .timescale 0 0;
    .port_info 0 /INOUT 1 "PLUS";
    .port_info 1 /INOUT 1 "MINUS";
v0x555555a78dc0_0 .net "MINUS", 0 0, o0x7fffff25f0a8;  alias, 0 drivers
v0x555555a78e80_0 .net "PLUS", 0 0, o0x7fffff263bd8;  alias, 0 drivers
S_0x555555a78fa0 .scope module, "Xd_meas_vcap2_pwl_bit6" "vpwl_0x0_11d0ux0" 2 2505, 2 52 0, S_0x555555847f60;
 .timescale 0 0;
    .port_info 0 /INOUT 1 "PLUS";
    .port_info 1 /INOUT 1 "MINUS";
v0x555555a791c0_0 .net "MINUS", 0 0, o0x7fffff25f0a8;  alias, 0 drivers
v0x555555a79280_0 .net "PLUS", 0 0, o0x7fffff263c68;  alias, 0 drivers
S_0x555555a793a0 .scope module, "Xd_meas_vcap2_pwl_bit7" "vpwl_0x0_11d0ux0" 2 2510, 2 52 0, S_0x555555847f60;
 .timescale 0 0;
    .port_info 0 /INOUT 1 "PLUS";
    .port_info 1 /INOUT 1 "MINUS";
v0x555555a795c0_0 .net "MINUS", 0 0, o0x7fffff25f0a8;  alias, 0 drivers
v0x555555a79680_0 .net "PLUS", 0 0, o0x7fffff263cf8;  alias, 0 drivers
S_0x555555a797a0 .scope module, "Xd_meas_vcap2_pwl_bit8" "vpwl_0x0_11d0ux0" 2 2515, 2 52 0, S_0x555555847f60;
 .timescale 0 0;
    .port_info 0 /INOUT 1 "PLUS";
    .port_info 1 /INOUT 1 "MINUS";
v0x555555a799c0_0 .net "MINUS", 0 0, o0x7fffff25f0a8;  alias, 0 drivers
v0x555555a79a80_0 .net "PLUS", 0 0, o0x7fffff263d88;  alias, 0 drivers
S_0x555555a79ba0 .scope module, "Xd_meas_vcap2_pwl_bit9" "vpwl_0x0_11d0ux0" 2 2520, 2 52 0, S_0x555555847f60;
 .timescale 0 0;
    .port_info 0 /INOUT 1 "PLUS";
    .port_info 1 /INOUT 1 "MINUS";
v0x555555a79dc0_0 .net "MINUS", 0 0, o0x7fffff25f0a8;  alias, 0 drivers
v0x555555a79e80_0 .net "PLUS", 0 0, o0x7fffff263e18;  alias, 0 drivers
S_0x555555a79fa0 .scope module, "Xd_meas_vcap3_pwl_bit0" "vpwl_0x0_10d999ux0_11d0ux5" 2 2525, 2 47 0, S_0x555555847f60;
 .timescale 0 0;
    .port_info 0 /INOUT 1 "PLUS";
    .port_info 1 /INOUT 1 "MINUS";
v0x555555a7a1c0_0 .net "MINUS", 0 0, o0x7fffff25f0a8;  alias, 0 drivers
v0x555555a7a280_0 .net "PLUS", 0 0, o0x7fffff263ea8;  alias, 0 drivers
S_0x555555a7a3a0 .scope module, "Xd_meas_vcap3_pwl_bit1" "vpwl_0x0_11d0ux0" 2 2530, 2 52 0, S_0x555555847f60;
 .timescale 0 0;
    .port_info 0 /INOUT 1 "PLUS";
    .port_info 1 /INOUT 1 "MINUS";
v0x555555a7a5c0_0 .net "MINUS", 0 0, o0x7fffff25f0a8;  alias, 0 drivers
v0x555555a7a680_0 .net "PLUS", 0 0, o0x7fffff263f38;  alias, 0 drivers
S_0x555555a7a7a0 .scope module, "Xd_meas_vcap3_pwl_bit10" "vpwl_0x0_11d0ux0" 2 2810, 2 52 0, S_0x555555847f60;
 .timescale 0 0;
    .port_info 0 /INOUT 1 "PLUS";
    .port_info 1 /INOUT 1 "MINUS";
v0x555555a7a9c0_0 .net "MINUS", 0 0, o0x7fffff25f0a8;  alias, 0 drivers
v0x555555a7aa80_0 .net "PLUS", 0 0, o0x7fffff263fc8;  alias, 0 drivers
S_0x555555a7aba0 .scope module, "Xd_meas_vcap3_pwl_bit11" "vpwl_0x0_11d0ux0" 2 2815, 2 52 0, S_0x555555847f60;
 .timescale 0 0;
    .port_info 0 /INOUT 1 "PLUS";
    .port_info 1 /INOUT 1 "MINUS";
v0x555555a7adc0_0 .net "MINUS", 0 0, o0x7fffff25f0a8;  alias, 0 drivers
v0x555555a7ae80_0 .net "PLUS", 0 0, o0x7fffff264058;  alias, 0 drivers
S_0x555555a7afa0 .scope module, "Xd_meas_vcap3_pwl_bit12" "vpwl_0x0_11d0ux0" 2 2820, 2 52 0, S_0x555555847f60;
 .timescale 0 0;
    .port_info 0 /INOUT 1 "PLUS";
    .port_info 1 /INOUT 1 "MINUS";
v0x555555a7b1c0_0 .net "MINUS", 0 0, o0x7fffff25f0a8;  alias, 0 drivers
v0x555555a7b280_0 .net "PLUS", 0 0, o0x7fffff2640e8;  alias, 0 drivers
S_0x555555a7b3a0 .scope module, "Xd_meas_vcap3_pwl_bit13" "vpwl_0x0_11d0ux0" 2 2825, 2 52 0, S_0x555555847f60;
 .timescale 0 0;
    .port_info 0 /INOUT 1 "PLUS";
    .port_info 1 /INOUT 1 "MINUS";
v0x555555a7b5c0_0 .net "MINUS", 0 0, o0x7fffff25f0a8;  alias, 0 drivers
v0x555555a7b680_0 .net "PLUS", 0 0, o0x7fffff264178;  alias, 0 drivers
S_0x555555a7b7a0 .scope module, "Xd_meas_vcap3_pwl_bit14" "vpwl_0x0_11d0ux0" 2 2830, 2 52 0, S_0x555555847f60;
 .timescale 0 0;
    .port_info 0 /INOUT 1 "PLUS";
    .port_info 1 /INOUT 1 "MINUS";
v0x555555a7b9c0_0 .net "MINUS", 0 0, o0x7fffff25f0a8;  alias, 0 drivers
v0x555555a7ba80_0 .net "PLUS", 0 0, o0x7fffff264208;  alias, 0 drivers
S_0x555555a7bba0 .scope module, "Xd_meas_vcap3_pwl_bit15" "vpwl_0x0_11d0ux0" 2 2835, 2 52 0, S_0x555555847f60;
 .timescale 0 0;
    .port_info 0 /INOUT 1 "PLUS";
    .port_info 1 /INOUT 1 "MINUS";
v0x555555a7bdc0_0 .net "MINUS", 0 0, o0x7fffff25f0a8;  alias, 0 drivers
v0x555555a7be80_0 .net "PLUS", 0 0, o0x7fffff264298;  alias, 0 drivers
S_0x555555a7bfa0 .scope module, "Xd_meas_vcap3_pwl_bit2" "vpwl_0x0_11d0ux0" 2 2535, 2 52 0, S_0x555555847f60;
 .timescale 0 0;
    .port_info 0 /INOUT 1 "PLUS";
    .port_info 1 /INOUT 1 "MINUS";
v0x555555a7c1c0_0 .net "MINUS", 0 0, o0x7fffff25f0a8;  alias, 0 drivers
v0x555555a7c280_0 .net "PLUS", 0 0, o0x7fffff264328;  alias, 0 drivers
S_0x555555a7c3a0 .scope module, "Xd_meas_vcap3_pwl_bit3" "vpwl_0x0_11d0ux0" 2 2540, 2 52 0, S_0x555555847f60;
 .timescale 0 0;
    .port_info 0 /INOUT 1 "PLUS";
    .port_info 1 /INOUT 1 "MINUS";
v0x555555a7c5c0_0 .net "MINUS", 0 0, o0x7fffff25f0a8;  alias, 0 drivers
v0x555555a7c680_0 .net "PLUS", 0 0, o0x7fffff2643b8;  alias, 0 drivers
S_0x555555a7c7a0 .scope module, "Xd_meas_vcap3_pwl_bit4" "vpwl_0x0_11d0ux0" 2 2545, 2 52 0, S_0x555555847f60;
 .timescale 0 0;
    .port_info 0 /INOUT 1 "PLUS";
    .port_info 1 /INOUT 1 "MINUS";
v0x555555a7c9c0_0 .net "MINUS", 0 0, o0x7fffff25f0a8;  alias, 0 drivers
v0x555555a7ca80_0 .net "PLUS", 0 0, o0x7fffff264448;  alias, 0 drivers
S_0x555555a7cba0 .scope module, "Xd_meas_vcap3_pwl_bit5" "vpwl_0x0_11d0ux0" 2 2550, 2 52 0, S_0x555555847f60;
 .timescale 0 0;
    .port_info 0 /INOUT 1 "PLUS";
    .port_info 1 /INOUT 1 "MINUS";
v0x555555a7cdc0_0 .net "MINUS", 0 0, o0x7fffff25f0a8;  alias, 0 drivers
v0x555555a7ce80_0 .net "PLUS", 0 0, o0x7fffff2644d8;  alias, 0 drivers
S_0x555555a7cfa0 .scope module, "Xd_meas_vcap3_pwl_bit6" "vpwl_0x0_11d0ux0" 2 2555, 2 52 0, S_0x555555847f60;
 .timescale 0 0;
    .port_info 0 /INOUT 1 "PLUS";
    .port_info 1 /INOUT 1 "MINUS";
v0x555555a7d1c0_0 .net "MINUS", 0 0, o0x7fffff25f0a8;  alias, 0 drivers
v0x555555a7d280_0 .net "PLUS", 0 0, o0x7fffff264568;  alias, 0 drivers
S_0x555555a7d3a0 .scope module, "Xd_meas_vcap3_pwl_bit7" "vpwl_0x0_11d0ux0" 2 2560, 2 52 0, S_0x555555847f60;
 .timescale 0 0;
    .port_info 0 /INOUT 1 "PLUS";
    .port_info 1 /INOUT 1 "MINUS";
v0x555555a7d5c0_0 .net "MINUS", 0 0, o0x7fffff25f0a8;  alias, 0 drivers
v0x555555a7d680_0 .net "PLUS", 0 0, o0x7fffff2645f8;  alias, 0 drivers
S_0x555555a7d7a0 .scope module, "Xd_meas_vcap3_pwl_bit8" "vpwl_0x0_11d0ux0" 2 2565, 2 52 0, S_0x555555847f60;
 .timescale 0 0;
    .port_info 0 /INOUT 1 "PLUS";
    .port_info 1 /INOUT 1 "MINUS";
v0x555555a7d9c0_0 .net "MINUS", 0 0, o0x7fffff25f0a8;  alias, 0 drivers
v0x555555a7da80_0 .net "PLUS", 0 0, o0x7fffff264688;  alias, 0 drivers
S_0x555555a7dba0 .scope module, "Xd_meas_vcap3_pwl_bit9" "vpwl_0x0_11d0ux0" 2 2570, 2 52 0, S_0x555555847f60;
 .timescale 0 0;
    .port_info 0 /INOUT 1 "PLUS";
    .port_info 1 /INOUT 1 "MINUS";
v0x555555a7ddc0_0 .net "MINUS", 0 0, o0x7fffff25f0a8;  alias, 0 drivers
v0x555555a7de80_0 .net "PLUS", 0 0, o0x7fffff264718;  alias, 0 drivers
S_0x555555a7dfa0 .scope module, "Xd_meas_vcap4_pwl_bit0" "vpwl_0x0_10d999ux0_11d0ux5" 2 2575, 2 47 0, S_0x555555847f60;
 .timescale 0 0;
    .port_info 0 /INOUT 1 "PLUS";
    .port_info 1 /INOUT 1 "MINUS";
v0x555555a7e1c0_0 .net "MINUS", 0 0, o0x7fffff25f0a8;  alias, 0 drivers
v0x555555a7e280_0 .net "PLUS", 0 0, o0x7fffff2647a8;  alias, 0 drivers
S_0x555555a7e3a0 .scope module, "Xd_meas_vcap4_pwl_bit1" "vpwl_0x0_11d0ux0" 2 2580, 2 52 0, S_0x555555847f60;
 .timescale 0 0;
    .port_info 0 /INOUT 1 "PLUS";
    .port_info 1 /INOUT 1 "MINUS";
v0x555555a7e5c0_0 .net "MINUS", 0 0, o0x7fffff25f0a8;  alias, 0 drivers
v0x555555a7e680_0 .net "PLUS", 0 0, o0x7fffff264838;  alias, 0 drivers
S_0x555555a7e7a0 .scope module, "Xd_meas_vcap4_pwl_bit10" "vpwl_0x0_11d0ux0" 2 2840, 2 52 0, S_0x555555847f60;
 .timescale 0 0;
    .port_info 0 /INOUT 1 "PLUS";
    .port_info 1 /INOUT 1 "MINUS";
v0x555555a7e9c0_0 .net "MINUS", 0 0, o0x7fffff25f0a8;  alias, 0 drivers
v0x555555a7ea80_0 .net "PLUS", 0 0, o0x7fffff2648c8;  alias, 0 drivers
S_0x555555a7eba0 .scope module, "Xd_meas_vcap4_pwl_bit11" "vpwl_0x0_11d0ux0" 2 2845, 2 52 0, S_0x555555847f60;
 .timescale 0 0;
    .port_info 0 /INOUT 1 "PLUS";
    .port_info 1 /INOUT 1 "MINUS";
v0x555555a7edc0_0 .net "MINUS", 0 0, o0x7fffff25f0a8;  alias, 0 drivers
v0x555555a7ee80_0 .net "PLUS", 0 0, o0x7fffff264958;  alias, 0 drivers
S_0x555555a7efa0 .scope module, "Xd_meas_vcap4_pwl_bit12" "vpwl_0x0_11d0ux0" 2 2850, 2 52 0, S_0x555555847f60;
 .timescale 0 0;
    .port_info 0 /INOUT 1 "PLUS";
    .port_info 1 /INOUT 1 "MINUS";
v0x555555a7f1c0_0 .net "MINUS", 0 0, o0x7fffff25f0a8;  alias, 0 drivers
v0x555555a7f280_0 .net "PLUS", 0 0, o0x7fffff2649e8;  alias, 0 drivers
S_0x555555a7f3a0 .scope module, "Xd_meas_vcap4_pwl_bit13" "vpwl_0x0_11d0ux0" 2 2855, 2 52 0, S_0x555555847f60;
 .timescale 0 0;
    .port_info 0 /INOUT 1 "PLUS";
    .port_info 1 /INOUT 1 "MINUS";
v0x555555a7f5c0_0 .net "MINUS", 0 0, o0x7fffff25f0a8;  alias, 0 drivers
v0x555555a7f680_0 .net "PLUS", 0 0, o0x7fffff264a78;  alias, 0 drivers
S_0x555555a7f7a0 .scope module, "Xd_meas_vcap4_pwl_bit14" "vpwl_0x0_11d0ux0" 2 2860, 2 52 0, S_0x555555847f60;
 .timescale 0 0;
    .port_info 0 /INOUT 1 "PLUS";
    .port_info 1 /INOUT 1 "MINUS";
v0x555555a7f9c0_0 .net "MINUS", 0 0, o0x7fffff25f0a8;  alias, 0 drivers
v0x555555a7fa80_0 .net "PLUS", 0 0, o0x7fffff264b08;  alias, 0 drivers
S_0x555555a7fba0 .scope module, "Xd_meas_vcap4_pwl_bit15" "vpwl_0x0_11d0ux0" 2 2865, 2 52 0, S_0x555555847f60;
 .timescale 0 0;
    .port_info 0 /INOUT 1 "PLUS";
    .port_info 1 /INOUT 1 "MINUS";
v0x555555a7fdc0_0 .net "MINUS", 0 0, o0x7fffff25f0a8;  alias, 0 drivers
v0x555555a7fe80_0 .net "PLUS", 0 0, o0x7fffff264b98;  alias, 0 drivers
S_0x555555a7ffa0 .scope module, "Xd_meas_vcap4_pwl_bit2" "vpwl_0x0_11d0ux0" 2 2585, 2 52 0, S_0x555555847f60;
 .timescale 0 0;
    .port_info 0 /INOUT 1 "PLUS";
    .port_info 1 /INOUT 1 "MINUS";
v0x555555a801c0_0 .net "MINUS", 0 0, o0x7fffff25f0a8;  alias, 0 drivers
v0x555555a80280_0 .net "PLUS", 0 0, o0x7fffff264c28;  alias, 0 drivers
S_0x555555a803a0 .scope module, "Xd_meas_vcap4_pwl_bit3" "vpwl_0x0_11d0ux0" 2 2590, 2 52 0, S_0x555555847f60;
 .timescale 0 0;
    .port_info 0 /INOUT 1 "PLUS";
    .port_info 1 /INOUT 1 "MINUS";
v0x555555a805c0_0 .net "MINUS", 0 0, o0x7fffff25f0a8;  alias, 0 drivers
v0x555555a80680_0 .net "PLUS", 0 0, o0x7fffff264cb8;  alias, 0 drivers
S_0x555555a807a0 .scope module, "Xd_meas_vcap4_pwl_bit4" "vpwl_0x0_11d0ux0" 2 2595, 2 52 0, S_0x555555847f60;
 .timescale 0 0;
    .port_info 0 /INOUT 1 "PLUS";
    .port_info 1 /INOUT 1 "MINUS";
v0x555555a809c0_0 .net "MINUS", 0 0, o0x7fffff25f0a8;  alias, 0 drivers
v0x555555a80a80_0 .net "PLUS", 0 0, o0x7fffff264d48;  alias, 0 drivers
S_0x555555a80ba0 .scope module, "Xd_meas_vcap4_pwl_bit5" "vpwl_0x0_11d0ux0" 2 2600, 2 52 0, S_0x555555847f60;
 .timescale 0 0;
    .port_info 0 /INOUT 1 "PLUS";
    .port_info 1 /INOUT 1 "MINUS";
v0x555555a80dc0_0 .net "MINUS", 0 0, o0x7fffff25f0a8;  alias, 0 drivers
v0x555555a80e80_0 .net "PLUS", 0 0, o0x7fffff264dd8;  alias, 0 drivers
S_0x555555a80fa0 .scope module, "Xd_meas_vcap4_pwl_bit6" "vpwl_0x0_11d0ux0" 2 2605, 2 52 0, S_0x555555847f60;
 .timescale 0 0;
    .port_info 0 /INOUT 1 "PLUS";
    .port_info 1 /INOUT 1 "MINUS";
v0x555555a811c0_0 .net "MINUS", 0 0, o0x7fffff25f0a8;  alias, 0 drivers
v0x555555a81280_0 .net "PLUS", 0 0, o0x7fffff264e68;  alias, 0 drivers
S_0x555555a813a0 .scope module, "Xd_meas_vcap4_pwl_bit7" "vpwl_0x0_11d0ux0" 2 2610, 2 52 0, S_0x555555847f60;
 .timescale 0 0;
    .port_info 0 /INOUT 1 "PLUS";
    .port_info 1 /INOUT 1 "MINUS";
v0x555555a815c0_0 .net "MINUS", 0 0, o0x7fffff25f0a8;  alias, 0 drivers
v0x555555a81680_0 .net "PLUS", 0 0, o0x7fffff264ef8;  alias, 0 drivers
S_0x555555a817a0 .scope module, "Xd_meas_vcap4_pwl_bit8" "vpwl_0x0_11d0ux0" 2 2615, 2 52 0, S_0x555555847f60;
 .timescale 0 0;
    .port_info 0 /INOUT 1 "PLUS";
    .port_info 1 /INOUT 1 "MINUS";
v0x555555a819c0_0 .net "MINUS", 0 0, o0x7fffff25f0a8;  alias, 0 drivers
v0x555555a81a80_0 .net "PLUS", 0 0, o0x7fffff264f88;  alias, 0 drivers
S_0x555555a81ba0 .scope module, "Xd_meas_vcap4_pwl_bit9" "vpwl_0x0_11d0ux0" 2 2620, 2 52 0, S_0x555555847f60;
 .timescale 0 0;
    .port_info 0 /INOUT 1 "PLUS";
    .port_info 1 /INOUT 1 "MINUS";
v0x555555a81dc0_0 .net "MINUS", 0 0, o0x7fffff25f0a8;  alias, 0 drivers
v0x555555a81e80_0 .net "PLUS", 0 0, o0x7fffff265018;  alias, 0 drivers
S_0x555555a81fa0 .scope module, "Xd_meas_vcap_pwl_bit0" "vpwl_0x0_11d0ux0" 2 2195, 2 52 0, S_0x555555847f60;
 .timescale 0 0;
    .port_info 0 /INOUT 1 "PLUS";
    .port_info 1 /INOUT 1 "MINUS";
v0x555555a821c0_0 .net "MINUS", 0 0, o0x7fffff25f0a8;  alias, 0 drivers
v0x555555a82280_0 .net "PLUS", 0 0, o0x7fffff2650a8;  alias, 0 drivers
S_0x555555a823a0 .scope module, "Xd_meas_vcap_pwl_bit1" "vpwl_0x0_11d0ux0" 2 2200, 2 52 0, S_0x555555847f60;
 .timescale 0 0;
    .port_info 0 /INOUT 1 "PLUS";
    .port_info 1 /INOUT 1 "MINUS";
v0x555555a825c0_0 .net "MINUS", 0 0, o0x7fffff25f0a8;  alias, 0 drivers
v0x555555a82680_0 .net "PLUS", 0 0, o0x7fffff265138;  alias, 0 drivers
S_0x555555a827a0 .scope module, "Xd_meas_vcap_pwl_bit10" "vpwl_0x0_11d0ux0" 2 2625, 2 52 0, S_0x555555847f60;
 .timescale 0 0;
    .port_info 0 /INOUT 1 "PLUS";
    .port_info 1 /INOUT 1 "MINUS";
v0x555555a829c0_0 .net "MINUS", 0 0, o0x7fffff25f0a8;  alias, 0 drivers
v0x555555a82a80_0 .net "PLUS", 0 0, o0x7fffff2651c8;  alias, 0 drivers
S_0x555555a82ba0 .scope module, "Xd_meas_vcap_pwl_bit11" "vpwl_0x0_11d0ux0" 2 2630, 2 52 0, S_0x555555847f60;
 .timescale 0 0;
    .port_info 0 /INOUT 1 "PLUS";
    .port_info 1 /INOUT 1 "MINUS";
v0x555555a82dc0_0 .net "MINUS", 0 0, o0x7fffff25f0a8;  alias, 0 drivers
v0x555555a82e80_0 .net "PLUS", 0 0, o0x7fffff265258;  alias, 0 drivers
S_0x555555a82fa0 .scope module, "Xd_meas_vcap_pwl_bit12" "vpwl_0x0_11d0ux0" 2 2635, 2 52 0, S_0x555555847f60;
 .timescale 0 0;
    .port_info 0 /INOUT 1 "PLUS";
    .port_info 1 /INOUT 1 "MINUS";
v0x555555a831c0_0 .net "MINUS", 0 0, o0x7fffff25f0a8;  alias, 0 drivers
v0x555555a83280_0 .net "PLUS", 0 0, o0x7fffff2652e8;  alias, 0 drivers
S_0x555555a833a0 .scope module, "Xd_meas_vcap_pwl_bit13" "vpwl_0x0_11d0ux0" 2 2640, 2 52 0, S_0x555555847f60;
 .timescale 0 0;
    .port_info 0 /INOUT 1 "PLUS";
    .port_info 1 /INOUT 1 "MINUS";
v0x555555a835c0_0 .net "MINUS", 0 0, o0x7fffff25f0a8;  alias, 0 drivers
v0x555555a83680_0 .net "PLUS", 0 0, o0x7fffff265378;  alias, 0 drivers
S_0x555555a837a0 .scope module, "Xd_meas_vcap_pwl_bit14" "vpwl_0x0_11d0ux0" 2 2645, 2 52 0, S_0x555555847f60;
 .timescale 0 0;
    .port_info 0 /INOUT 1 "PLUS";
    .port_info 1 /INOUT 1 "MINUS";
v0x555555a839c0_0 .net "MINUS", 0 0, o0x7fffff25f0a8;  alias, 0 drivers
v0x555555a83a80_0 .net "PLUS", 0 0, o0x7fffff265408;  alias, 0 drivers
S_0x555555a83ba0 .scope module, "Xd_meas_vcap_pwl_bit15" "vpwl_0x0_11d0ux0" 2 2650, 2 52 0, S_0x555555847f60;
 .timescale 0 0;
    .port_info 0 /INOUT 1 "PLUS";
    .port_info 1 /INOUT 1 "MINUS";
v0x555555a83dc0_0 .net "MINUS", 0 0, o0x7fffff25f0a8;  alias, 0 drivers
v0x555555a83e80_0 .net "PLUS", 0 0, o0x7fffff265498;  alias, 0 drivers
S_0x555555a83fa0 .scope module, "Xd_meas_vcap_pwl_bit2" "vpwl_0x0_11d0ux0" 2 2205, 2 52 0, S_0x555555847f60;
 .timescale 0 0;
    .port_info 0 /INOUT 1 "PLUS";
    .port_info 1 /INOUT 1 "MINUS";
v0x555555a841c0_0 .net "MINUS", 0 0, o0x7fffff25f0a8;  alias, 0 drivers
v0x555555a84280_0 .net "PLUS", 0 0, o0x7fffff265528;  alias, 0 drivers
S_0x555555a843a0 .scope module, "Xd_meas_vcap_pwl_bit3" "vpwl_0x0_11d0ux0" 2 2210, 2 52 0, S_0x555555847f60;
 .timescale 0 0;
    .port_info 0 /INOUT 1 "PLUS";
    .port_info 1 /INOUT 1 "MINUS";
v0x555555a845c0_0 .net "MINUS", 0 0, o0x7fffff25f0a8;  alias, 0 drivers
v0x555555a84680_0 .net "PLUS", 0 0, o0x7fffff2655b8;  alias, 0 drivers
S_0x555555a847a0 .scope module, "Xd_meas_vcap_pwl_bit4" "vpwl_0x0_11d0ux0" 2 2215, 2 52 0, S_0x555555847f60;
 .timescale 0 0;
    .port_info 0 /INOUT 1 "PLUS";
    .port_info 1 /INOUT 1 "MINUS";
v0x555555a849c0_0 .net "MINUS", 0 0, o0x7fffff25f0a8;  alias, 0 drivers
v0x555555a84a80_0 .net "PLUS", 0 0, o0x7fffff265648;  alias, 0 drivers
S_0x555555a84ba0 .scope module, "Xd_meas_vcap_pwl_bit5" "vpwl_0x0_11d0ux0" 2 2220, 2 52 0, S_0x555555847f60;
 .timescale 0 0;
    .port_info 0 /INOUT 1 "PLUS";
    .port_info 1 /INOUT 1 "MINUS";
v0x555555a84dc0_0 .net "MINUS", 0 0, o0x7fffff25f0a8;  alias, 0 drivers
v0x555555a84e80_0 .net "PLUS", 0 0, o0x7fffff2656d8;  alias, 0 drivers
S_0x555555a84fa0 .scope module, "Xd_meas_vcap_pwl_bit6" "vpwl_0x0_11d0ux0" 2 2225, 2 52 0, S_0x555555847f60;
 .timescale 0 0;
    .port_info 0 /INOUT 1 "PLUS";
    .port_info 1 /INOUT 1 "MINUS";
v0x555555a851c0_0 .net "MINUS", 0 0, o0x7fffff25f0a8;  alias, 0 drivers
v0x555555a85280_0 .net "PLUS", 0 0, o0x7fffff265768;  alias, 0 drivers
S_0x555555a853a0 .scope module, "Xd_meas_vcap_pwl_bit7" "vpwl_0x0_11d0ux0" 2 2230, 2 52 0, S_0x555555847f60;
 .timescale 0 0;
    .port_info 0 /INOUT 1 "PLUS";
    .port_info 1 /INOUT 1 "MINUS";
v0x555555a855c0_0 .net "MINUS", 0 0, o0x7fffff25f0a8;  alias, 0 drivers
v0x555555a85680_0 .net "PLUS", 0 0, o0x7fffff2657f8;  alias, 0 drivers
S_0x555555a857a0 .scope module, "Xd_meas_vcap_pwl_bit8" "vpwl_0x0_11d0ux0" 2 2235, 2 52 0, S_0x555555847f60;
 .timescale 0 0;
    .port_info 0 /INOUT 1 "PLUS";
    .port_info 1 /INOUT 1 "MINUS";
v0x555555a859c0_0 .net "MINUS", 0 0, o0x7fffff25f0a8;  alias, 0 drivers
v0x555555a85a80_0 .net "PLUS", 0 0, o0x7fffff265888;  alias, 0 drivers
S_0x555555a85ba0 .scope module, "Xd_meas_vcap_pwl_bit9" "vpwl_0x0_11d0ux0" 2 2240, 2 52 0, S_0x555555847f60;
 .timescale 0 0;
    .port_info 0 /INOUT 1 "PLUS";
    .port_info 1 /INOUT 1 "MINUS";
v0x555555a85dc0_0 .net "MINUS", 0 0, o0x7fffff25f0a8;  alias, 0 drivers
v0x555555a85e80_0 .net "PLUS", 0 0, o0x7fffff265918;  alias, 0 drivers
S_0x555555a85fa0 .scope module, "Xd_meas_vin_pwl_bit0" "vpwl_0x0_11d0ux0" 2 1755, 2 52 0, S_0x555555847f60;
 .timescale 0 0;
    .port_info 0 /INOUT 1 "PLUS";
    .port_info 1 /INOUT 1 "MINUS";
v0x555555a861c0_0 .net "MINUS", 0 0, o0x7fffff25f0a8;  alias, 0 drivers
v0x555555a86280_0 .net "PLUS", 0 0, o0x7fffff2659a8;  alias, 0 drivers
S_0x555555a863a0 .scope module, "Xd_meas_vin_pwl_bit1" "vpwl_0x0_11d0ux0" 2 1760, 2 52 0, S_0x555555847f60;
 .timescale 0 0;
    .port_info 0 /INOUT 1 "PLUS";
    .port_info 1 /INOUT 1 "MINUS";
v0x555555a865c0_0 .net "MINUS", 0 0, o0x7fffff25f0a8;  alias, 0 drivers
v0x555555a86680_0 .net "PLUS", 0 0, o0x7fffff265a38;  alias, 0 drivers
S_0x555555a867a0 .scope module, "Xd_meas_vin_pwl_bit10" "vpwl_0x0_11d0ux0" 2 2245, 2 52 0, S_0x555555847f60;
 .timescale 0 0;
    .port_info 0 /INOUT 1 "PLUS";
    .port_info 1 /INOUT 1 "MINUS";
v0x555555a869c0_0 .net "MINUS", 0 0, o0x7fffff25f0a8;  alias, 0 drivers
v0x555555a86a80_0 .net "PLUS", 0 0, o0x7fffff265ac8;  alias, 0 drivers
S_0x555555a86ba0 .scope module, "Xd_meas_vin_pwl_bit11" "vpwl_0x0_11d0ux0" 2 2250, 2 52 0, S_0x555555847f60;
 .timescale 0 0;
    .port_info 0 /INOUT 1 "PLUS";
    .port_info 1 /INOUT 1 "MINUS";
v0x555555a86dc0_0 .net "MINUS", 0 0, o0x7fffff25f0a8;  alias, 0 drivers
v0x555555a86e80_0 .net "PLUS", 0 0, o0x7fffff265b58;  alias, 0 drivers
S_0x555555a86fa0 .scope module, "Xd_meas_vin_pwl_bit12" "vpwl_0x0_11d0ux0" 2 2255, 2 52 0, S_0x555555847f60;
 .timescale 0 0;
    .port_info 0 /INOUT 1 "PLUS";
    .port_info 1 /INOUT 1 "MINUS";
v0x555555a871c0_0 .net "MINUS", 0 0, o0x7fffff25f0a8;  alias, 0 drivers
v0x555555a87280_0 .net "PLUS", 0 0, o0x7fffff265be8;  alias, 0 drivers
S_0x555555a873a0 .scope module, "Xd_meas_vin_pwl_bit13" "vpwl_0x0_11d0ux0" 2 2260, 2 52 0, S_0x555555847f60;
 .timescale 0 0;
    .port_info 0 /INOUT 1 "PLUS";
    .port_info 1 /INOUT 1 "MINUS";
v0x555555a875c0_0 .net "MINUS", 0 0, o0x7fffff25f0a8;  alias, 0 drivers
v0x555555a87680_0 .net "PLUS", 0 0, o0x7fffff265c78;  alias, 0 drivers
S_0x555555a877a0 .scope module, "Xd_meas_vin_pwl_bit14" "vpwl_0x0_11d0ux0" 2 2265, 2 52 0, S_0x555555847f60;
 .timescale 0 0;
    .port_info 0 /INOUT 1 "PLUS";
    .port_info 1 /INOUT 1 "MINUS";
v0x555555a879c0_0 .net "MINUS", 0 0, o0x7fffff25f0a8;  alias, 0 drivers
v0x555555a87a80_0 .net "PLUS", 0 0, o0x7fffff265d08;  alias, 0 drivers
S_0x555555a87ba0 .scope module, "Xd_meas_vin_pwl_bit15" "vpwl_0x0_11d0ux0" 2 2270, 2 52 0, S_0x555555847f60;
 .timescale 0 0;
    .port_info 0 /INOUT 1 "PLUS";
    .port_info 1 /INOUT 1 "MINUS";
v0x555555a87dc0_0 .net "MINUS", 0 0, o0x7fffff25f0a8;  alias, 0 drivers
v0x555555a87e80_0 .net "PLUS", 0 0, o0x7fffff265d98;  alias, 0 drivers
S_0x555555a87fa0 .scope module, "Xd_meas_vin_pwl_bit2" "vpwl_0x0_11d0ux0" 2 1765, 2 52 0, S_0x555555847f60;
 .timescale 0 0;
    .port_info 0 /INOUT 1 "PLUS";
    .port_info 1 /INOUT 1 "MINUS";
v0x555555a881c0_0 .net "MINUS", 0 0, o0x7fffff25f0a8;  alias, 0 drivers
v0x555555a88280_0 .net "PLUS", 0 0, o0x7fffff265e28;  alias, 0 drivers
S_0x555555a883a0 .scope module, "Xd_meas_vin_pwl_bit3" "vpwl_0x0_11d0ux0" 2 1770, 2 52 0, S_0x555555847f60;
 .timescale 0 0;
    .port_info 0 /INOUT 1 "PLUS";
    .port_info 1 /INOUT 1 "MINUS";
v0x555555a885c0_0 .net "MINUS", 0 0, o0x7fffff25f0a8;  alias, 0 drivers
v0x555555a88680_0 .net "PLUS", 0 0, o0x7fffff265eb8;  alias, 0 drivers
S_0x555555a887a0 .scope module, "Xd_meas_vin_pwl_bit4" "vpwl_0x0_11d0ux0" 2 1775, 2 52 0, S_0x555555847f60;
 .timescale 0 0;
    .port_info 0 /INOUT 1 "PLUS";
    .port_info 1 /INOUT 1 "MINUS";
v0x555555a889c0_0 .net "MINUS", 0 0, o0x7fffff25f0a8;  alias, 0 drivers
v0x555555a88a80_0 .net "PLUS", 0 0, o0x7fffff265f48;  alias, 0 drivers
S_0x555555a88ba0 .scope module, "Xd_meas_vin_pwl_bit5" "vpwl_0x0_11d0ux0" 2 1780, 2 52 0, S_0x555555847f60;
 .timescale 0 0;
    .port_info 0 /INOUT 1 "PLUS";
    .port_info 1 /INOUT 1 "MINUS";
v0x555555a88dc0_0 .net "MINUS", 0 0, o0x7fffff25f0a8;  alias, 0 drivers
v0x555555a88e80_0 .net "PLUS", 0 0, o0x7fffff265fd8;  alias, 0 drivers
S_0x555555a88fa0 .scope module, "Xd_meas_vin_pwl_bit6" "vpwl_0x0_11d0ux0" 2 1785, 2 52 0, S_0x555555847f60;
 .timescale 0 0;
    .port_info 0 /INOUT 1 "PLUS";
    .port_info 1 /INOUT 1 "MINUS";
v0x555555a891c0_0 .net "MINUS", 0 0, o0x7fffff25f0a8;  alias, 0 drivers
v0x555555a89280_0 .net "PLUS", 0 0, o0x7fffff266068;  alias, 0 drivers
S_0x555555a893a0 .scope module, "Xd_meas_vin_pwl_bit7" "vpwl_0x0_11d0ux0" 2 1790, 2 52 0, S_0x555555847f60;
 .timescale 0 0;
    .port_info 0 /INOUT 1 "PLUS";
    .port_info 1 /INOUT 1 "MINUS";
v0x555555a895c0_0 .net "MINUS", 0 0, o0x7fffff25f0a8;  alias, 0 drivers
v0x555555a89680_0 .net "PLUS", 0 0, o0x7fffff2660f8;  alias, 0 drivers
S_0x555555a897a0 .scope module, "Xd_meas_vin_pwl_bit8" "vpwl_0x0_11d0ux0" 2 1795, 2 52 0, S_0x555555847f60;
 .timescale 0 0;
    .port_info 0 /INOUT 1 "PLUS";
    .port_info 1 /INOUT 1 "MINUS";
v0x555555a899c0_0 .net "MINUS", 0 0, o0x7fffff25f0a8;  alias, 0 drivers
v0x555555a89a80_0 .net "PLUS", 0 0, o0x7fffff266188;  alias, 0 drivers
S_0x555555a89ba0 .scope module, "Xd_meas_vin_pwl_bit9" "vpwl_0x0_11d0ux0" 2 1800, 2 52 0, S_0x555555847f60;
 .timescale 0 0;
    .port_info 0 /INOUT 1 "PLUS";
    .port_info 1 /INOUT 1 "MINUS";
v0x555555a89dc0_0 .net "MINUS", 0 0, o0x7fffff25f0a8;  alias, 0 drivers
v0x555555a89e80_0 .net "PLUS", 0 0, o0x7fffff266218;  alias, 0 drivers
S_0x555555a89fa0 .scope module, "Xd_meas_vout_pwl_bit0" "vpwl_0x0_11d0ux0" 2 2275, 2 52 0, S_0x555555847f60;
 .timescale 0 0;
    .port_info 0 /INOUT 1 "PLUS";
    .port_info 1 /INOUT 1 "MINUS";
v0x555555a8a1c0_0 .net "MINUS", 0 0, o0x7fffff25f0a8;  alias, 0 drivers
v0x555555a8a280_0 .net "PLUS", 0 0, o0x7fffff2662a8;  alias, 0 drivers
S_0x555555a8a3a0 .scope module, "Xd_meas_vout_pwl_bit1" "vpwl_0x0_11d0ux0" 2 2280, 2 52 0, S_0x555555847f60;
 .timescale 0 0;
    .port_info 0 /INOUT 1 "PLUS";
    .port_info 1 /INOUT 1 "MINUS";
v0x555555a8a5c0_0 .net "MINUS", 0 0, o0x7fffff25f0a8;  alias, 0 drivers
v0x555555a8a680_0 .net "PLUS", 0 0, o0x7fffff266338;  alias, 0 drivers
S_0x555555a8a7a0 .scope module, "Xd_meas_vout_pwl_bit10" "vpwl_0x0_11d0ux0" 2 2655, 2 52 0, S_0x555555847f60;
 .timescale 0 0;
    .port_info 0 /INOUT 1 "PLUS";
    .port_info 1 /INOUT 1 "MINUS";
v0x555555a8a9c0_0 .net "MINUS", 0 0, o0x7fffff25f0a8;  alias, 0 drivers
v0x555555a8aa80_0 .net "PLUS", 0 0, o0x7fffff2663c8;  alias, 0 drivers
S_0x555555a8aba0 .scope module, "Xd_meas_vout_pwl_bit11" "vpwl_0x0_11d0ux0" 2 2660, 2 52 0, S_0x555555847f60;
 .timescale 0 0;
    .port_info 0 /INOUT 1 "PLUS";
    .port_info 1 /INOUT 1 "MINUS";
v0x555555a8adc0_0 .net "MINUS", 0 0, o0x7fffff25f0a8;  alias, 0 drivers
v0x555555a8ae80_0 .net "PLUS", 0 0, o0x7fffff266458;  alias, 0 drivers
S_0x555555a8afa0 .scope module, "Xd_meas_vout_pwl_bit12" "vpwl_0x0_11d0ux0" 2 2665, 2 52 0, S_0x555555847f60;
 .timescale 0 0;
    .port_info 0 /INOUT 1 "PLUS";
    .port_info 1 /INOUT 1 "MINUS";
v0x555555a8b1c0_0 .net "MINUS", 0 0, o0x7fffff25f0a8;  alias, 0 drivers
v0x555555a8b280_0 .net "PLUS", 0 0, o0x7fffff2664e8;  alias, 0 drivers
S_0x555555a8b3a0 .scope module, "Xd_meas_vout_pwl_bit13" "vpwl_0x0_11d0ux0" 2 2670, 2 52 0, S_0x555555847f60;
 .timescale 0 0;
    .port_info 0 /INOUT 1 "PLUS";
    .port_info 1 /INOUT 1 "MINUS";
v0x555555a8b5c0_0 .net "MINUS", 0 0, o0x7fffff25f0a8;  alias, 0 drivers
v0x555555a8b680_0 .net "PLUS", 0 0, o0x7fffff266578;  alias, 0 drivers
S_0x555555a8b7a0 .scope module, "Xd_meas_vout_pwl_bit14" "vpwl_0x0_11d0ux0" 2 2675, 2 52 0, S_0x555555847f60;
 .timescale 0 0;
    .port_info 0 /INOUT 1 "PLUS";
    .port_info 1 /INOUT 1 "MINUS";
v0x555555a8b9c0_0 .net "MINUS", 0 0, o0x7fffff25f0a8;  alias, 0 drivers
v0x555555a8ba80_0 .net "PLUS", 0 0, o0x7fffff266608;  alias, 0 drivers
S_0x555555a8bba0 .scope module, "Xd_meas_vout_pwl_bit15" "vpwl_0x0_11d0ux0" 2 2680, 2 52 0, S_0x555555847f60;
 .timescale 0 0;
    .port_info 0 /INOUT 1 "PLUS";
    .port_info 1 /INOUT 1 "MINUS";
v0x555555a8bdc0_0 .net "MINUS", 0 0, o0x7fffff25f0a8;  alias, 0 drivers
v0x555555a8be80_0 .net "PLUS", 0 0, o0x7fffff266698;  alias, 0 drivers
S_0x555555a8bfa0 .scope module, "Xd_meas_vout_pwl_bit2" "vpwl_0x0_11d0ux0" 2 2285, 2 52 0, S_0x555555847f60;
 .timescale 0 0;
    .port_info 0 /INOUT 1 "PLUS";
    .port_info 1 /INOUT 1 "MINUS";
v0x555555a8c1c0_0 .net "MINUS", 0 0, o0x7fffff25f0a8;  alias, 0 drivers
v0x555555a8c280_0 .net "PLUS", 0 0, o0x7fffff266728;  alias, 0 drivers
S_0x555555a8c3a0 .scope module, "Xd_meas_vout_pwl_bit3" "vpwl_0x0_11d0ux0" 2 2290, 2 52 0, S_0x555555847f60;
 .timescale 0 0;
    .port_info 0 /INOUT 1 "PLUS";
    .port_info 1 /INOUT 1 "MINUS";
v0x555555a8c5c0_0 .net "MINUS", 0 0, o0x7fffff25f0a8;  alias, 0 drivers
v0x555555a8c680_0 .net "PLUS", 0 0, o0x7fffff2667b8;  alias, 0 drivers
S_0x555555a8c7a0 .scope module, "Xd_meas_vout_pwl_bit4" "vpwl_0x0_11d0ux0" 2 2295, 2 52 0, S_0x555555847f60;
 .timescale 0 0;
    .port_info 0 /INOUT 1 "PLUS";
    .port_info 1 /INOUT 1 "MINUS";
v0x555555a8c9c0_0 .net "MINUS", 0 0, o0x7fffff25f0a8;  alias, 0 drivers
v0x555555a8ca80_0 .net "PLUS", 0 0, o0x7fffff266848;  alias, 0 drivers
S_0x555555a8cba0 .scope module, "Xd_meas_vout_pwl_bit5" "vpwl_0x0_11d0ux0" 2 2300, 2 52 0, S_0x555555847f60;
 .timescale 0 0;
    .port_info 0 /INOUT 1 "PLUS";
    .port_info 1 /INOUT 1 "MINUS";
v0x555555a8cdc0_0 .net "MINUS", 0 0, o0x7fffff25f0a8;  alias, 0 drivers
v0x555555a8ce80_0 .net "PLUS", 0 0, o0x7fffff2668d8;  alias, 0 drivers
S_0x555555a8cfa0 .scope module, "Xd_meas_vout_pwl_bit6" "vpwl_0x0_11d0ux0" 2 2305, 2 52 0, S_0x555555847f60;
 .timescale 0 0;
    .port_info 0 /INOUT 1 "PLUS";
    .port_info 1 /INOUT 1 "MINUS";
v0x555555a8d1c0_0 .net "MINUS", 0 0, o0x7fffff25f0a8;  alias, 0 drivers
v0x555555a8d280_0 .net "PLUS", 0 0, o0x7fffff266968;  alias, 0 drivers
S_0x555555a8d3a0 .scope module, "Xd_meas_vout_pwl_bit7" "vpwl_0x0_11d0ux0" 2 2310, 2 52 0, S_0x555555847f60;
 .timescale 0 0;
    .port_info 0 /INOUT 1 "PLUS";
    .port_info 1 /INOUT 1 "MINUS";
v0x555555a8d5c0_0 .net "MINUS", 0 0, o0x7fffff25f0a8;  alias, 0 drivers
v0x555555a8d680_0 .net "PLUS", 0 0, o0x7fffff2669f8;  alias, 0 drivers
S_0x555555a8d7a0 .scope module, "Xd_meas_vout_pwl_bit8" "vpwl_0x0_11d0ux0" 2 2315, 2 52 0, S_0x555555847f60;
 .timescale 0 0;
    .port_info 0 /INOUT 1 "PLUS";
    .port_info 1 /INOUT 1 "MINUS";
v0x555555a8d9c0_0 .net "MINUS", 0 0, o0x7fffff25f0a8;  alias, 0 drivers
v0x555555a8da80_0 .net "PLUS", 0 0, o0x7fffff266a88;  alias, 0 drivers
S_0x555555a8dba0 .scope module, "Xd_meas_vout_pwl_bit9" "vpwl_0x0_11d0ux0" 2 2320, 2 52 0, S_0x555555847f60;
 .timescale 0 0;
    .port_info 0 /INOUT 1 "PLUS";
    .port_info 1 /INOUT 1 "MINUS";
v0x555555a8ddc0_0 .net "MINUS", 0 0, o0x7fffff25f0a8;  alias, 0 drivers
v0x555555a8de80_0 .net "PLUS", 0 0, o0x7fffff266b18;  alias, 0 drivers
S_0x555555a8dfa0 .scope module, "Xd_porb_pwl_bit0" "vpwl_0x0_10d999ux0_11d0ux5" 2 385, 2 47 0, S_0x555555847f60;
 .timescale 0 0;
    .port_info 0 /INOUT 1 "PLUS";
    .port_info 1 /INOUT 1 "MINUS";
v0x555555a8e1c0_0 .net "MINUS", 0 0, o0x7fffff25f0a8;  alias, 0 drivers
v0x555555a8e280_0 .net "PLUS", 0 0, o0x7fffff266ba8;  alias, 0 drivers
S_0x555555a8e3a0 .scope module, "Xdatamap10_pwl_bit0" "vpwl_0x0_11d0ux0" 2 795, 2 52 0, S_0x555555847f60;
 .timescale 0 0;
    .port_info 0 /INOUT 1 "PLUS";
    .port_info 1 /INOUT 1 "MINUS";
v0x555555a8e5c0_0 .net "MINUS", 0 0, o0x7fffff25f0a8;  alias, 0 drivers
v0x555555a8e680_0 .net8 "PLUS", 0 0, p0x7fffff266c38;  0 drivers, strength-aware
S_0x555555a8e7a0 .scope module, "Xdatamap10_pwl_bit1" "vpwl_0x0_11d0ux0" 2 800, 2 52 0, S_0x555555847f60;
 .timescale 0 0;
    .port_info 0 /INOUT 1 "PLUS";
    .port_info 1 /INOUT 1 "MINUS";
v0x555555a8e9c0_0 .net "MINUS", 0 0, o0x7fffff25f0a8;  alias, 0 drivers
v0x555555a8ea80_0 .net8 "PLUS", 0 0, p0x7fffff266cc8;  0 drivers, strength-aware
S_0x555555a8eba0 .scope module, "Xdatamap10_pwl_bit10" "vpwl_0x0_11d0ux0" 2 1805, 2 52 0, S_0x555555847f60;
 .timescale 0 0;
    .port_info 0 /INOUT 1 "PLUS";
    .port_info 1 /INOUT 1 "MINUS";
v0x555555a8edc0_0 .net "MINUS", 0 0, o0x7fffff25f0a8;  alias, 0 drivers
v0x555555a8ee80_0 .net8 "PLUS", 0 0, p0x7fffff266d58;  0 drivers, strength-aware
S_0x555555a8efa0 .scope module, "Xdatamap10_pwl_bit11" "vpwl_0x0_11d0ux0" 2 1810, 2 52 0, S_0x555555847f60;
 .timescale 0 0;
    .port_info 0 /INOUT 1 "PLUS";
    .port_info 1 /INOUT 1 "MINUS";
v0x555555a8f1c0_0 .net "MINUS", 0 0, o0x7fffff25f0a8;  alias, 0 drivers
v0x555555a8f280_0 .net8 "PLUS", 0 0, p0x7fffff266de8;  0 drivers, strength-aware
S_0x555555a8f3a0 .scope module, "Xdatamap10_pwl_bit12" "vpwl_0x0_11d0ux0" 2 1815, 2 52 0, S_0x555555847f60;
 .timescale 0 0;
    .port_info 0 /INOUT 1 "PLUS";
    .port_info 1 /INOUT 1 "MINUS";
v0x555555a8f5c0_0 .net "MINUS", 0 0, o0x7fffff25f0a8;  alias, 0 drivers
v0x555555a8f680_0 .net8 "PLUS", 0 0, p0x7fffff266e78;  0 drivers, strength-aware
S_0x555555a8f7a0 .scope module, "Xdatamap10_pwl_bit13" "vpwl_0x0_11d0ux0" 2 1820, 2 52 0, S_0x555555847f60;
 .timescale 0 0;
    .port_info 0 /INOUT 1 "PLUS";
    .port_info 1 /INOUT 1 "MINUS";
v0x555555a8f9c0_0 .net "MINUS", 0 0, o0x7fffff25f0a8;  alias, 0 drivers
v0x555555a8fa80_0 .net8 "PLUS", 0 0, p0x7fffff266f08;  0 drivers, strength-aware
S_0x555555a8fba0 .scope module, "Xdatamap10_pwl_bit14" "vpwl_0x0_11d0ux0" 2 1825, 2 52 0, S_0x555555847f60;
 .timescale 0 0;
    .port_info 0 /INOUT 1 "PLUS";
    .port_info 1 /INOUT 1 "MINUS";
v0x555555a8fdc0_0 .net "MINUS", 0 0, o0x7fffff25f0a8;  alias, 0 drivers
v0x555555a8fe80_0 .net8 "PLUS", 0 0, p0x7fffff266f98;  0 drivers, strength-aware
S_0x555555a8ffa0 .scope module, "Xdatamap10_pwl_bit15" "vpwl_0x0_11d0ux0" 2 1830, 2 52 0, S_0x555555847f60;
 .timescale 0 0;
    .port_info 0 /INOUT 1 "PLUS";
    .port_info 1 /INOUT 1 "MINUS";
v0x555555a901c0_0 .net "MINUS", 0 0, o0x7fffff25f0a8;  alias, 0 drivers
v0x555555a90280_0 .net8 "PLUS", 0 0, p0x7fffff267028;  0 drivers, strength-aware
S_0x555555a903a0 .scope module, "Xdatamap10_pwl_bit2" "vpwl_0x0_11d0ux0" 2 805, 2 52 0, S_0x555555847f60;
 .timescale 0 0;
    .port_info 0 /INOUT 1 "PLUS";
    .port_info 1 /INOUT 1 "MINUS";
v0x555555a905c0_0 .net "MINUS", 0 0, o0x7fffff25f0a8;  alias, 0 drivers
v0x555555a90680_0 .net8 "PLUS", 0 0, p0x7fffff2670b8;  0 drivers, strength-aware
S_0x555555a907a0 .scope module, "Xdatamap10_pwl_bit3" "vpwl_0x0_11d0ux0" 2 810, 2 52 0, S_0x555555847f60;
 .timescale 0 0;
    .port_info 0 /INOUT 1 "PLUS";
    .port_info 1 /INOUT 1 "MINUS";
v0x555555a909c0_0 .net "MINUS", 0 0, o0x7fffff25f0a8;  alias, 0 drivers
v0x555555a90a80_0 .net8 "PLUS", 0 0, p0x7fffff267148;  0 drivers, strength-aware
S_0x555555a90ba0 .scope module, "Xdatamap10_pwl_bit4" "vpwl_0x0_11d0ux0" 2 815, 2 52 0, S_0x555555847f60;
 .timescale 0 0;
    .port_info 0 /INOUT 1 "PLUS";
    .port_info 1 /INOUT 1 "MINUS";
v0x555555a90dc0_0 .net "MINUS", 0 0, o0x7fffff25f0a8;  alias, 0 drivers
v0x555555a90e80_0 .net8 "PLUS", 0 0, p0x7fffff2671d8;  0 drivers, strength-aware
S_0x555555a90fa0 .scope module, "Xdatamap10_pwl_bit5" "vpwl_0x0_11d0ux0" 2 820, 2 52 0, S_0x555555847f60;
 .timescale 0 0;
    .port_info 0 /INOUT 1 "PLUS";
    .port_info 1 /INOUT 1 "MINUS";
v0x555555a911c0_0 .net "MINUS", 0 0, o0x7fffff25f0a8;  alias, 0 drivers
v0x555555a91280_0 .net8 "PLUS", 0 0, p0x7fffff267268;  0 drivers, strength-aware
S_0x555555a913a0 .scope module, "Xdatamap10_pwl_bit6" "vpwl_0x0_11d0ux0" 2 825, 2 52 0, S_0x555555847f60;
 .timescale 0 0;
    .port_info 0 /INOUT 1 "PLUS";
    .port_info 1 /INOUT 1 "MINUS";
v0x555555a915c0_0 .net "MINUS", 0 0, o0x7fffff25f0a8;  alias, 0 drivers
v0x555555a91680_0 .net8 "PLUS", 0 0, p0x7fffff2672f8;  0 drivers, strength-aware
S_0x555555a917a0 .scope module, "Xdatamap10_pwl_bit7" "vpwl_0x0_11d0ux0" 2 830, 2 52 0, S_0x555555847f60;
 .timescale 0 0;
    .port_info 0 /INOUT 1 "PLUS";
    .port_info 1 /INOUT 1 "MINUS";
v0x555555a919c0_0 .net "MINUS", 0 0, o0x7fffff25f0a8;  alias, 0 drivers
v0x555555a91a80_0 .net8 "PLUS", 0 0, p0x7fffff267388;  0 drivers, strength-aware
S_0x555555a91ba0 .scope module, "Xdatamap10_pwl_bit8" "vpwl_0x0_11d0ux0" 2 835, 2 52 0, S_0x555555847f60;
 .timescale 0 0;
    .port_info 0 /INOUT 1 "PLUS";
    .port_info 1 /INOUT 1 "MINUS";
v0x555555a91dc0_0 .net "MINUS", 0 0, o0x7fffff25f0a8;  alias, 0 drivers
v0x555555a91e80_0 .net8 "PLUS", 0 0, p0x7fffff267418;  0 drivers, strength-aware
S_0x555555a91fa0 .scope module, "Xdatamap10_pwl_bit9" "vpwl_0x0_11d0ux0" 2 840, 2 52 0, S_0x555555847f60;
 .timescale 0 0;
    .port_info 0 /INOUT 1 "PLUS";
    .port_info 1 /INOUT 1 "MINUS";
v0x555555a921c0_0 .net "MINUS", 0 0, o0x7fffff25f0a8;  alias, 0 drivers
v0x555555a92280_0 .net8 "PLUS", 0 0, p0x7fffff2674a8;  0 drivers, strength-aware
S_0x555555a923a0 .scope module, "Xdatamap11_pwl_bit0" "vpwl_0x0_11d0ux0" 2 845, 2 52 0, S_0x555555847f60;
 .timescale 0 0;
    .port_info 0 /INOUT 1 "PLUS";
    .port_info 1 /INOUT 1 "MINUS";
v0x555555a925c0_0 .net "MINUS", 0 0, o0x7fffff25f0a8;  alias, 0 drivers
v0x555555a92680_0 .net8 "PLUS", 0 0, p0x7fffff267538;  0 drivers, strength-aware
S_0x555555a927a0 .scope module, "Xdatamap11_pwl_bit1" "vpwl_0x0_11d0ux0" 2 850, 2 52 0, S_0x555555847f60;
 .timescale 0 0;
    .port_info 0 /INOUT 1 "PLUS";
    .port_info 1 /INOUT 1 "MINUS";
v0x555555a929c0_0 .net "MINUS", 0 0, o0x7fffff25f0a8;  alias, 0 drivers
v0x555555a92a80_0 .net8 "PLUS", 0 0, p0x7fffff2675c8;  0 drivers, strength-aware
S_0x555555a92ba0 .scope module, "Xdatamap11_pwl_bit10" "vpwl_0x0_11d0ux0" 2 1835, 2 52 0, S_0x555555847f60;
 .timescale 0 0;
    .port_info 0 /INOUT 1 "PLUS";
    .port_info 1 /INOUT 1 "MINUS";
v0x555555a92dc0_0 .net "MINUS", 0 0, o0x7fffff25f0a8;  alias, 0 drivers
v0x555555a92e80_0 .net8 "PLUS", 0 0, p0x7fffff267658;  0 drivers, strength-aware
S_0x555555a92fa0 .scope module, "Xdatamap11_pwl_bit11" "vpwl_0x0_11d0ux0" 2 1840, 2 52 0, S_0x555555847f60;
 .timescale 0 0;
    .port_info 0 /INOUT 1 "PLUS";
    .port_info 1 /INOUT 1 "MINUS";
v0x555555a931c0_0 .net "MINUS", 0 0, o0x7fffff25f0a8;  alias, 0 drivers
v0x555555a93280_0 .net8 "PLUS", 0 0, p0x7fffff2676e8;  0 drivers, strength-aware
S_0x555555a933a0 .scope module, "Xdatamap11_pwl_bit12" "vpwl_0x0_11d0ux0" 2 1845, 2 52 0, S_0x555555847f60;
 .timescale 0 0;
    .port_info 0 /INOUT 1 "PLUS";
    .port_info 1 /INOUT 1 "MINUS";
v0x555555a935c0_0 .net "MINUS", 0 0, o0x7fffff25f0a8;  alias, 0 drivers
v0x555555a93680_0 .net8 "PLUS", 0 0, p0x7fffff267778;  0 drivers, strength-aware
S_0x555555a937a0 .scope module, "Xdatamap11_pwl_bit13" "vpwl_0x0_11d0ux0" 2 1850, 2 52 0, S_0x555555847f60;
 .timescale 0 0;
    .port_info 0 /INOUT 1 "PLUS";
    .port_info 1 /INOUT 1 "MINUS";
v0x555555a939c0_0 .net "MINUS", 0 0, o0x7fffff25f0a8;  alias, 0 drivers
v0x555555a93a80_0 .net8 "PLUS", 0 0, p0x7fffff267808;  0 drivers, strength-aware
S_0x555555a93ba0 .scope module, "Xdatamap11_pwl_bit14" "vpwl_0x0_11d0ux0" 2 1855, 2 52 0, S_0x555555847f60;
 .timescale 0 0;
    .port_info 0 /INOUT 1 "PLUS";
    .port_info 1 /INOUT 1 "MINUS";
v0x555555a93dc0_0 .net "MINUS", 0 0, o0x7fffff25f0a8;  alias, 0 drivers
v0x555555a93e80_0 .net8 "PLUS", 0 0, p0x7fffff267898;  0 drivers, strength-aware
S_0x555555a93fa0 .scope module, "Xdatamap11_pwl_bit15" "vpwl_0x0_11d0ux0" 2 1860, 2 52 0, S_0x555555847f60;
 .timescale 0 0;
    .port_info 0 /INOUT 1 "PLUS";
    .port_info 1 /INOUT 1 "MINUS";
v0x555555a941c0_0 .net "MINUS", 0 0, o0x7fffff25f0a8;  alias, 0 drivers
v0x555555a94280_0 .net8 "PLUS", 0 0, p0x7fffff267928;  0 drivers, strength-aware
S_0x555555a943a0 .scope module, "Xdatamap11_pwl_bit2" "vpwl_0x0_11d0ux0" 2 855, 2 52 0, S_0x555555847f60;
 .timescale 0 0;
    .port_info 0 /INOUT 1 "PLUS";
    .port_info 1 /INOUT 1 "MINUS";
v0x555555a945c0_0 .net "MINUS", 0 0, o0x7fffff25f0a8;  alias, 0 drivers
v0x555555a94680_0 .net8 "PLUS", 0 0, p0x7fffff2679b8;  0 drivers, strength-aware
S_0x555555a947a0 .scope module, "Xdatamap11_pwl_bit3" "vpwl_0x0_11d0ux0" 2 860, 2 52 0, S_0x555555847f60;
 .timescale 0 0;
    .port_info 0 /INOUT 1 "PLUS";
    .port_info 1 /INOUT 1 "MINUS";
v0x555555a949c0_0 .net "MINUS", 0 0, o0x7fffff25f0a8;  alias, 0 drivers
v0x555555a94a80_0 .net8 "PLUS", 0 0, p0x7fffff267a48;  0 drivers, strength-aware
S_0x555555a94ba0 .scope module, "Xdatamap11_pwl_bit4" "vpwl_0x0_11d0ux0" 2 865, 2 52 0, S_0x555555847f60;
 .timescale 0 0;
    .port_info 0 /INOUT 1 "PLUS";
    .port_info 1 /INOUT 1 "MINUS";
v0x555555a94dc0_0 .net "MINUS", 0 0, o0x7fffff25f0a8;  alias, 0 drivers
v0x555555a94e80_0 .net8 "PLUS", 0 0, p0x7fffff267ad8;  0 drivers, strength-aware
S_0x555555a94fa0 .scope module, "Xdatamap11_pwl_bit5" "vpwl_0x0_11d0ux0" 2 870, 2 52 0, S_0x555555847f60;
 .timescale 0 0;
    .port_info 0 /INOUT 1 "PLUS";
    .port_info 1 /INOUT 1 "MINUS";
v0x555555a951c0_0 .net "MINUS", 0 0, o0x7fffff25f0a8;  alias, 0 drivers
v0x555555a95280_0 .net8 "PLUS", 0 0, p0x7fffff267b68;  0 drivers, strength-aware
S_0x555555a953a0 .scope module, "Xdatamap11_pwl_bit6" "vpwl_0x0_11d0ux0" 2 875, 2 52 0, S_0x555555847f60;
 .timescale 0 0;
    .port_info 0 /INOUT 1 "PLUS";
    .port_info 1 /INOUT 1 "MINUS";
v0x555555a955c0_0 .net "MINUS", 0 0, o0x7fffff25f0a8;  alias, 0 drivers
v0x555555a95680_0 .net8 "PLUS", 0 0, p0x7fffff267bf8;  0 drivers, strength-aware
S_0x555555a957a0 .scope module, "Xdatamap11_pwl_bit7" "vpwl_0x0_11d0ux0" 2 880, 2 52 0, S_0x555555847f60;
 .timescale 0 0;
    .port_info 0 /INOUT 1 "PLUS";
    .port_info 1 /INOUT 1 "MINUS";
v0x555555a959c0_0 .net "MINUS", 0 0, o0x7fffff25f0a8;  alias, 0 drivers
v0x555555a95a80_0 .net8 "PLUS", 0 0, p0x7fffff267c88;  0 drivers, strength-aware
S_0x555555a95ba0 .scope module, "Xdatamap11_pwl_bit8" "vpwl_0x0_11d0ux0" 2 885, 2 52 0, S_0x555555847f60;
 .timescale 0 0;
    .port_info 0 /INOUT 1 "PLUS";
    .port_info 1 /INOUT 1 "MINUS";
v0x555555a95dc0_0 .net "MINUS", 0 0, o0x7fffff25f0a8;  alias, 0 drivers
v0x555555a95e80_0 .net8 "PLUS", 0 0, p0x7fffff267d18;  0 drivers, strength-aware
S_0x555555a95fa0 .scope module, "Xdatamap11_pwl_bit9" "vpwl_0x0_11d0ux0" 2 890, 2 52 0, S_0x555555847f60;
 .timescale 0 0;
    .port_info 0 /INOUT 1 "PLUS";
    .port_info 1 /INOUT 1 "MINUS";
v0x555555a961c0_0 .net "MINUS", 0 0, o0x7fffff25f0a8;  alias, 0 drivers
v0x555555a96280_0 .net8 "PLUS", 0 0, p0x7fffff267da8;  0 drivers, strength-aware
S_0x555555a963a0 .scope module, "Xdatamap12_pwl_bit0" "vpwl_0x0_11d0ux0" 2 895, 2 52 0, S_0x555555847f60;
 .timescale 0 0;
    .port_info 0 /INOUT 1 "PLUS";
    .port_info 1 /INOUT 1 "MINUS";
v0x555555a965c0_0 .net "MINUS", 0 0, o0x7fffff25f0a8;  alias, 0 drivers
v0x555555a96680_0 .net8 "PLUS", 0 0, p0x7fffff267e38;  0 drivers, strength-aware
S_0x555555a967a0 .scope module, "Xdatamap12_pwl_bit1" "vpwl_0x0_11d0ux0" 2 900, 2 52 0, S_0x555555847f60;
 .timescale 0 0;
    .port_info 0 /INOUT 1 "PLUS";
    .port_info 1 /INOUT 1 "MINUS";
v0x555555a969c0_0 .net "MINUS", 0 0, o0x7fffff25f0a8;  alias, 0 drivers
v0x555555a96a80_0 .net8 "PLUS", 0 0, p0x7fffff267ec8;  0 drivers, strength-aware
S_0x555555a96ba0 .scope module, "Xdatamap12_pwl_bit10" "vpwl_0x0_11d0ux0" 2 1865, 2 52 0, S_0x555555847f60;
 .timescale 0 0;
    .port_info 0 /INOUT 1 "PLUS";
    .port_info 1 /INOUT 1 "MINUS";
v0x555555a96dc0_0 .net "MINUS", 0 0, o0x7fffff25f0a8;  alias, 0 drivers
v0x555555a96e80_0 .net8 "PLUS", 0 0, p0x7fffff267f58;  0 drivers, strength-aware
S_0x555555a96fa0 .scope module, "Xdatamap12_pwl_bit11" "vpwl_0x0_11d0ux0" 2 1870, 2 52 0, S_0x555555847f60;
 .timescale 0 0;
    .port_info 0 /INOUT 1 "PLUS";
    .port_info 1 /INOUT 1 "MINUS";
v0x555555a971c0_0 .net "MINUS", 0 0, o0x7fffff25f0a8;  alias, 0 drivers
v0x555555a97280_0 .net8 "PLUS", 0 0, p0x7fffff267fe8;  0 drivers, strength-aware
S_0x555555a973a0 .scope module, "Xdatamap12_pwl_bit12" "vpwl_0x0_11d0ux0" 2 1875, 2 52 0, S_0x555555847f60;
 .timescale 0 0;
    .port_info 0 /INOUT 1 "PLUS";
    .port_info 1 /INOUT 1 "MINUS";
v0x555555a76760_0 .net "MINUS", 0 0, o0x7fffff25f0a8;  alias, 0 drivers
v0x555555a76820_0 .net8 "PLUS", 0 0, p0x7fffff268078;  0 drivers, strength-aware
S_0x555555a76940 .scope module, "Xdatamap12_pwl_bit13" "vpwl_0x0_11d0ux0" 2 1880, 2 52 0, S_0x555555847f60;
 .timescale 0 0;
    .port_info 0 /INOUT 1 "PLUS";
    .port_info 1 /INOUT 1 "MINUS";
v0x555555a76b60_0 .net "MINUS", 0 0, o0x7fffff25f0a8;  alias, 0 drivers
v0x555555a76c20_0 .net8 "PLUS", 0 0, p0x7fffff268108;  0 drivers, strength-aware
S_0x555555a76d40 .scope module, "Xdatamap12_pwl_bit14" "vpwl_0x0_11d0ux0" 2 1885, 2 52 0, S_0x555555847f60;
 .timescale 0 0;
    .port_info 0 /INOUT 1 "PLUS";
    .port_info 1 /INOUT 1 "MINUS";
v0x555555a985d0_0 .net "MINUS", 0 0, o0x7fffff25f0a8;  alias, 0 drivers
v0x555555a98690_0 .net8 "PLUS", 0 0, p0x7fffff268198;  0 drivers, strength-aware
S_0x555555a987b0 .scope module, "Xdatamap12_pwl_bit15" "vpwl_0x0_11d0ux0" 2 1890, 2 52 0, S_0x555555847f60;
 .timescale 0 0;
    .port_info 0 /INOUT 1 "PLUS";
    .port_info 1 /INOUT 1 "MINUS";
v0x555555a989d0_0 .net "MINUS", 0 0, o0x7fffff25f0a8;  alias, 0 drivers
v0x555555a77a50_0 .net8 "PLUS", 0 0, p0x7fffff268228;  0 drivers, strength-aware
S_0x555555a77b70 .scope module, "Xdatamap12_pwl_bit2" "vpwl_0x0_11d0ux0" 2 905, 2 52 0, S_0x555555847f60;
 .timescale 0 0;
    .port_info 0 /INOUT 1 "PLUS";
    .port_info 1 /INOUT 1 "MINUS";
v0x555555a77d90_0 .net "MINUS", 0 0, o0x7fffff25f0a8;  alias, 0 drivers
v0x555555a77e50_0 .net8 "PLUS", 0 0, p0x7fffff2682b8;  0 drivers, strength-aware
S_0x555555a77f70 .scope module, "Xdatamap12_pwl_bit3" "vpwl_0x0_11d0ux0" 2 910, 2 52 0, S_0x555555847f60;
 .timescale 0 0;
    .port_info 0 /INOUT 1 "PLUS";
    .port_info 1 /INOUT 1 "MINUS";
v0x555555a78190_0 .net "MINUS", 0 0, o0x7fffff25f0a8;  alias, 0 drivers
v0x555555a78250_0 .net8 "PLUS", 0 0, p0x7fffff268348;  0 drivers, strength-aware
S_0x555555a78370 .scope module, "Xdatamap12_pwl_bit4" "vpwl_0x0_11d0ux0" 2 915, 2 52 0, S_0x555555847f60;
 .timescale 0 0;
    .port_info 0 /INOUT 1 "PLUS";
    .port_info 1 /INOUT 1 "MINUS";
v0x555555a78590_0 .net "MINUS", 0 0, o0x7fffff25f0a8;  alias, 0 drivers
v0x555555a78650_0 .net8 "PLUS", 0 0, p0x7fffff2683d8;  0 drivers, strength-aware
S_0x555555a78770 .scope module, "Xdatamap12_pwl_bit5" "vpwl_0x0_11d0ux0" 2 920, 2 52 0, S_0x555555847f60;
 .timescale 0 0;
    .port_info 0 /INOUT 1 "PLUS";
    .port_info 1 /INOUT 1 "MINUS";
v0x555555a78990_0 .net "MINUS", 0 0, o0x7fffff25f0a8;  alias, 0 drivers
v0x555555a9aaa0_0 .net8 "PLUS", 0 0, p0x7fffff268468;  0 drivers, strength-aware
S_0x555555a9abe0 .scope module, "Xdatamap12_pwl_bit6" "vpwl_0x0_11d0ux0" 2 925, 2 52 0, S_0x555555847f60;
 .timescale 0 0;
    .port_info 0 /INOUT 1 "PLUS";
    .port_info 1 /INOUT 1 "MINUS";
v0x555555a9ae00_0 .net "MINUS", 0 0, o0x7fffff25f0a8;  alias, 0 drivers
v0x555555a9aec0_0 .net8 "PLUS", 0 0, p0x7fffff2684f8;  0 drivers, strength-aware
S_0x555555a9afe0 .scope module, "Xdatamap12_pwl_bit7" "vpwl_0x0_11d0ux0" 2 930, 2 52 0, S_0x555555847f60;
 .timescale 0 0;
    .port_info 0 /INOUT 1 "PLUS";
    .port_info 1 /INOUT 1 "MINUS";
v0x555555a9b200_0 .net "MINUS", 0 0, o0x7fffff25f0a8;  alias, 0 drivers
v0x555555a9b2c0_0 .net8 "PLUS", 0 0, p0x7fffff268588;  0 drivers, strength-aware
S_0x555555a9b3e0 .scope module, "Xdatamap12_pwl_bit8" "vpwl_0x0_11d0ux0" 2 935, 2 52 0, S_0x555555847f60;
 .timescale 0 0;
    .port_info 0 /INOUT 1 "PLUS";
    .port_info 1 /INOUT 1 "MINUS";
v0x555555a9b600_0 .net "MINUS", 0 0, o0x7fffff25f0a8;  alias, 0 drivers
v0x555555a9b6c0_0 .net8 "PLUS", 0 0, p0x7fffff268618;  0 drivers, strength-aware
S_0x555555a9b7e0 .scope module, "Xdatamap12_pwl_bit9" "vpwl_0x0_11d0ux0" 2 940, 2 52 0, S_0x555555847f60;
 .timescale 0 0;
    .port_info 0 /INOUT 1 "PLUS";
    .port_info 1 /INOUT 1 "MINUS";
v0x555555a9ba00_0 .net "MINUS", 0 0, o0x7fffff25f0a8;  alias, 0 drivers
v0x555555a9bac0_0 .net8 "PLUS", 0 0, p0x7fffff2686a8;  0 drivers, strength-aware
S_0x555555a9bbe0 .scope module, "Xdatamap13_pwl_bit0" "vpwl_0x0_11d0ux0" 2 945, 2 52 0, S_0x555555847f60;
 .timescale 0 0;
    .port_info 0 /INOUT 1 "PLUS";
    .port_info 1 /INOUT 1 "MINUS";
v0x555555a9be00_0 .net "MINUS", 0 0, o0x7fffff25f0a8;  alias, 0 drivers
v0x555555a9bec0_0 .net8 "PLUS", 0 0, p0x7fffff268738;  0 drivers, strength-aware
S_0x555555a9bfe0 .scope module, "Xdatamap13_pwl_bit1" "vpwl_0x0_11d0ux0" 2 950, 2 52 0, S_0x555555847f60;
 .timescale 0 0;
    .port_info 0 /INOUT 1 "PLUS";
    .port_info 1 /INOUT 1 "MINUS";
v0x555555a9c200_0 .net "MINUS", 0 0, o0x7fffff25f0a8;  alias, 0 drivers
v0x555555a9c2c0_0 .net8 "PLUS", 0 0, p0x7fffff2687c8;  0 drivers, strength-aware
S_0x555555a9c3e0 .scope module, "Xdatamap13_pwl_bit10" "vpwl_0x0_11d0ux0" 2 1895, 2 52 0, S_0x555555847f60;
 .timescale 0 0;
    .port_info 0 /INOUT 1 "PLUS";
    .port_info 1 /INOUT 1 "MINUS";
v0x555555a9c600_0 .net "MINUS", 0 0, o0x7fffff25f0a8;  alias, 0 drivers
v0x555555a9c6c0_0 .net8 "PLUS", 0 0, p0x7fffff268858;  0 drivers, strength-aware
S_0x555555a9c7e0 .scope module, "Xdatamap13_pwl_bit11" "vpwl_0x0_11d0ux0" 2 1900, 2 52 0, S_0x555555847f60;
 .timescale 0 0;
    .port_info 0 /INOUT 1 "PLUS";
    .port_info 1 /INOUT 1 "MINUS";
v0x555555a9ca00_0 .net "MINUS", 0 0, o0x7fffff25f0a8;  alias, 0 drivers
v0x555555a9cac0_0 .net8 "PLUS", 0 0, p0x7fffff2688e8;  0 drivers, strength-aware
S_0x555555a9cbe0 .scope module, "Xdatamap13_pwl_bit12" "vpwl_0x0_11d0ux0" 2 1905, 2 52 0, S_0x555555847f60;
 .timescale 0 0;
    .port_info 0 /INOUT 1 "PLUS";
    .port_info 1 /INOUT 1 "MINUS";
v0x555555a9ce00_0 .net "MINUS", 0 0, o0x7fffff25f0a8;  alias, 0 drivers
v0x555555a9cec0_0 .net8 "PLUS", 0 0, p0x7fffff268978;  0 drivers, strength-aware
S_0x555555a9cfe0 .scope module, "Xdatamap13_pwl_bit13" "vpwl_0x0_11d0ux0" 2 1910, 2 52 0, S_0x555555847f60;
 .timescale 0 0;
    .port_info 0 /INOUT 1 "PLUS";
    .port_info 1 /INOUT 1 "MINUS";
v0x555555a9d200_0 .net "MINUS", 0 0, o0x7fffff25f0a8;  alias, 0 drivers
v0x555555a9d2c0_0 .net8 "PLUS", 0 0, p0x7fffff268a08;  0 drivers, strength-aware
S_0x555555a9d3e0 .scope module, "Xdatamap13_pwl_bit14" "vpwl_0x0_11d0ux0" 2 1915, 2 52 0, S_0x555555847f60;
 .timescale 0 0;
    .port_info 0 /INOUT 1 "PLUS";
    .port_info 1 /INOUT 1 "MINUS";
v0x555555a9d600_0 .net "MINUS", 0 0, o0x7fffff25f0a8;  alias, 0 drivers
v0x555555a9d6c0_0 .net8 "PLUS", 0 0, p0x7fffff268a98;  0 drivers, strength-aware
S_0x555555a9d7e0 .scope module, "Xdatamap13_pwl_bit15" "vpwl_0x0_11d0ux0" 2 1920, 2 52 0, S_0x555555847f60;
 .timescale 0 0;
    .port_info 0 /INOUT 1 "PLUS";
    .port_info 1 /INOUT 1 "MINUS";
v0x555555a9da00_0 .net "MINUS", 0 0, o0x7fffff25f0a8;  alias, 0 drivers
v0x555555a9dac0_0 .net8 "PLUS", 0 0, p0x7fffff268b28;  0 drivers, strength-aware
S_0x555555a9dbe0 .scope module, "Xdatamap13_pwl_bit2" "vpwl_0x0_11d0ux0" 2 955, 2 52 0, S_0x555555847f60;
 .timescale 0 0;
    .port_info 0 /INOUT 1 "PLUS";
    .port_info 1 /INOUT 1 "MINUS";
v0x555555a9de00_0 .net "MINUS", 0 0, o0x7fffff25f0a8;  alias, 0 drivers
v0x555555a9dec0_0 .net8 "PLUS", 0 0, p0x7fffff268bb8;  0 drivers, strength-aware
S_0x555555a9dfe0 .scope module, "Xdatamap13_pwl_bit3" "vpwl_0x0_11d0ux0" 2 960, 2 52 0, S_0x555555847f60;
 .timescale 0 0;
    .port_info 0 /INOUT 1 "PLUS";
    .port_info 1 /INOUT 1 "MINUS";
v0x555555a9e200_0 .net "MINUS", 0 0, o0x7fffff25f0a8;  alias, 0 drivers
v0x555555a9e2c0_0 .net8 "PLUS", 0 0, p0x7fffff268c48;  0 drivers, strength-aware
S_0x555555a9e3e0 .scope module, "Xdatamap13_pwl_bit4" "vpwl_0x0_11d0ux0" 2 965, 2 52 0, S_0x555555847f60;
 .timescale 0 0;
    .port_info 0 /INOUT 1 "PLUS";
    .port_info 1 /INOUT 1 "MINUS";
v0x555555a9e600_0 .net "MINUS", 0 0, o0x7fffff25f0a8;  alias, 0 drivers
v0x555555a9e6c0_0 .net8 "PLUS", 0 0, p0x7fffff268cd8;  0 drivers, strength-aware
S_0x555555a9e7e0 .scope module, "Xdatamap13_pwl_bit5" "vpwl_0x0_11d0ux0" 2 970, 2 52 0, S_0x555555847f60;
 .timescale 0 0;
    .port_info 0 /INOUT 1 "PLUS";
    .port_info 1 /INOUT 1 "MINUS";
v0x555555a9ea00_0 .net "MINUS", 0 0, o0x7fffff25f0a8;  alias, 0 drivers
v0x555555a9eac0_0 .net8 "PLUS", 0 0, p0x7fffff268d68;  0 drivers, strength-aware
S_0x555555a9ebe0 .scope module, "Xdatamap13_pwl_bit6" "vpwl_0x0_11d0ux0" 2 975, 2 52 0, S_0x555555847f60;
 .timescale 0 0;
    .port_info 0 /INOUT 1 "PLUS";
    .port_info 1 /INOUT 1 "MINUS";
v0x555555a9ee00_0 .net "MINUS", 0 0, o0x7fffff25f0a8;  alias, 0 drivers
v0x555555a9eec0_0 .net8 "PLUS", 0 0, p0x7fffff268df8;  0 drivers, strength-aware
S_0x555555a9efe0 .scope module, "Xdatamap13_pwl_bit7" "vpwl_0x0_11d0ux0" 2 980, 2 52 0, S_0x555555847f60;
 .timescale 0 0;
    .port_info 0 /INOUT 1 "PLUS";
    .port_info 1 /INOUT 1 "MINUS";
v0x555555a9f200_0 .net "MINUS", 0 0, o0x7fffff25f0a8;  alias, 0 drivers
v0x555555a9f2c0_0 .net8 "PLUS", 0 0, p0x7fffff268e88;  0 drivers, strength-aware
S_0x555555a9f3e0 .scope module, "Xdatamap13_pwl_bit8" "vpwl_0x0_11d0ux0" 2 985, 2 52 0, S_0x555555847f60;
 .timescale 0 0;
    .port_info 0 /INOUT 1 "PLUS";
    .port_info 1 /INOUT 1 "MINUS";
v0x555555a9f600_0 .net "MINUS", 0 0, o0x7fffff25f0a8;  alias, 0 drivers
v0x555555a9f6c0_0 .net8 "PLUS", 0 0, p0x7fffff268f18;  0 drivers, strength-aware
S_0x555555a9f7e0 .scope module, "Xdatamap13_pwl_bit9" "vpwl_0x0_11d0ux0" 2 990, 2 52 0, S_0x555555847f60;
 .timescale 0 0;
    .port_info 0 /INOUT 1 "PLUS";
    .port_info 1 /INOUT 1 "MINUS";
v0x555555a9fa00_0 .net "MINUS", 0 0, o0x7fffff25f0a8;  alias, 0 drivers
v0x555555a9fac0_0 .net8 "PLUS", 0 0, p0x7fffff268fa8;  0 drivers, strength-aware
S_0x555555a9fbe0 .scope module, "Xdatamap14_pwl_bit0" "vpwl_0x0_11d0ux0" 2 995, 2 52 0, S_0x555555847f60;
 .timescale 0 0;
    .port_info 0 /INOUT 1 "PLUS";
    .port_info 1 /INOUT 1 "MINUS";
v0x555555a9fe00_0 .net "MINUS", 0 0, o0x7fffff25f0a8;  alias, 0 drivers
v0x555555a9fec0_0 .net8 "PLUS", 0 0, p0x7fffff269038;  0 drivers, strength-aware
S_0x555555a9ffe0 .scope module, "Xdatamap14_pwl_bit1" "vpwl_0x0_11d0ux0" 2 1000, 2 52 0, S_0x555555847f60;
 .timescale 0 0;
    .port_info 0 /INOUT 1 "PLUS";
    .port_info 1 /INOUT 1 "MINUS";
v0x555555aa0200_0 .net "MINUS", 0 0, o0x7fffff25f0a8;  alias, 0 drivers
v0x555555aa02c0_0 .net8 "PLUS", 0 0, p0x7fffff2690c8;  0 drivers, strength-aware
S_0x555555aa03e0 .scope module, "Xdatamap14_pwl_bit10" "vpwl_0x0_11d0ux0" 2 1925, 2 52 0, S_0x555555847f60;
 .timescale 0 0;
    .port_info 0 /INOUT 1 "PLUS";
    .port_info 1 /INOUT 1 "MINUS";
v0x555555aa0600_0 .net "MINUS", 0 0, o0x7fffff25f0a8;  alias, 0 drivers
v0x555555aa06c0_0 .net8 "PLUS", 0 0, p0x7fffff269158;  0 drivers, strength-aware
S_0x555555aa07e0 .scope module, "Xdatamap14_pwl_bit11" "vpwl_0x0_11d0ux0" 2 1930, 2 52 0, S_0x555555847f60;
 .timescale 0 0;
    .port_info 0 /INOUT 1 "PLUS";
    .port_info 1 /INOUT 1 "MINUS";
v0x555555aa0a00_0 .net "MINUS", 0 0, o0x7fffff25f0a8;  alias, 0 drivers
v0x555555aa0ac0_0 .net8 "PLUS", 0 0, p0x7fffff2691e8;  0 drivers, strength-aware
S_0x555555aa0be0 .scope module, "Xdatamap14_pwl_bit12" "vpwl_0x0_11d0ux0" 2 1935, 2 52 0, S_0x555555847f60;
 .timescale 0 0;
    .port_info 0 /INOUT 1 "PLUS";
    .port_info 1 /INOUT 1 "MINUS";
v0x555555aa0e00_0 .net "MINUS", 0 0, o0x7fffff25f0a8;  alias, 0 drivers
v0x555555aa0ec0_0 .net8 "PLUS", 0 0, p0x7fffff269278;  0 drivers, strength-aware
S_0x555555aa0fe0 .scope module, "Xdatamap14_pwl_bit13" "vpwl_0x0_11d0ux0" 2 1940, 2 52 0, S_0x555555847f60;
 .timescale 0 0;
    .port_info 0 /INOUT 1 "PLUS";
    .port_info 1 /INOUT 1 "MINUS";
v0x555555aa1200_0 .net "MINUS", 0 0, o0x7fffff25f0a8;  alias, 0 drivers
v0x555555aa12c0_0 .net8 "PLUS", 0 0, p0x7fffff269308;  0 drivers, strength-aware
S_0x555555aa13e0 .scope module, "Xdatamap14_pwl_bit14" "vpwl_0x0_11d0ux0" 2 1945, 2 52 0, S_0x555555847f60;
 .timescale 0 0;
    .port_info 0 /INOUT 1 "PLUS";
    .port_info 1 /INOUT 1 "MINUS";
v0x555555aa1600_0 .net "MINUS", 0 0, o0x7fffff25f0a8;  alias, 0 drivers
v0x555555aa16c0_0 .net8 "PLUS", 0 0, p0x7fffff269398;  0 drivers, strength-aware
S_0x555555aa17e0 .scope module, "Xdatamap14_pwl_bit15" "vpwl_0x0_11d0ux0" 2 1950, 2 52 0, S_0x555555847f60;
 .timescale 0 0;
    .port_info 0 /INOUT 1 "PLUS";
    .port_info 1 /INOUT 1 "MINUS";
v0x555555aa1a00_0 .net "MINUS", 0 0, o0x7fffff25f0a8;  alias, 0 drivers
v0x555555aa1ac0_0 .net8 "PLUS", 0 0, p0x7fffff269428;  0 drivers, strength-aware
S_0x555555aa1be0 .scope module, "Xdatamap14_pwl_bit2" "vpwl_0x0_11d0ux0" 2 1005, 2 52 0, S_0x555555847f60;
 .timescale 0 0;
    .port_info 0 /INOUT 1 "PLUS";
    .port_info 1 /INOUT 1 "MINUS";
v0x555555aa1e00_0 .net "MINUS", 0 0, o0x7fffff25f0a8;  alias, 0 drivers
v0x555555aa1ec0_0 .net8 "PLUS", 0 0, p0x7fffff2694b8;  0 drivers, strength-aware
S_0x555555aa1fe0 .scope module, "Xdatamap14_pwl_bit3" "vpwl_0x0_11d0ux0" 2 1010, 2 52 0, S_0x555555847f60;
 .timescale 0 0;
    .port_info 0 /INOUT 1 "PLUS";
    .port_info 1 /INOUT 1 "MINUS";
v0x555555aa2200_0 .net "MINUS", 0 0, o0x7fffff25f0a8;  alias, 0 drivers
v0x555555aa22c0_0 .net8 "PLUS", 0 0, p0x7fffff269548;  0 drivers, strength-aware
S_0x555555aa23e0 .scope module, "Xdatamap14_pwl_bit4" "vpwl_0x0_11d0ux0" 2 1015, 2 52 0, S_0x555555847f60;
 .timescale 0 0;
    .port_info 0 /INOUT 1 "PLUS";
    .port_info 1 /INOUT 1 "MINUS";
v0x555555aa2600_0 .net "MINUS", 0 0, o0x7fffff25f0a8;  alias, 0 drivers
v0x555555aa26c0_0 .net8 "PLUS", 0 0, p0x7fffff2695d8;  0 drivers, strength-aware
S_0x555555aa27e0 .scope module, "Xdatamap14_pwl_bit5" "vpwl_0x0_11d0ux0" 2 1020, 2 52 0, S_0x555555847f60;
 .timescale 0 0;
    .port_info 0 /INOUT 1 "PLUS";
    .port_info 1 /INOUT 1 "MINUS";
v0x555555aa2a00_0 .net "MINUS", 0 0, o0x7fffff25f0a8;  alias, 0 drivers
v0x555555aa2ac0_0 .net8 "PLUS", 0 0, p0x7fffff269668;  0 drivers, strength-aware
S_0x555555aa2be0 .scope module, "Xdatamap14_pwl_bit6" "vpwl_0x0_11d0ux0" 2 1025, 2 52 0, S_0x555555847f60;
 .timescale 0 0;
    .port_info 0 /INOUT 1 "PLUS";
    .port_info 1 /INOUT 1 "MINUS";
v0x555555aa2e00_0 .net "MINUS", 0 0, o0x7fffff25f0a8;  alias, 0 drivers
v0x555555aa2ec0_0 .net8 "PLUS", 0 0, p0x7fffff2696f8;  0 drivers, strength-aware
S_0x555555aa2fe0 .scope module, "Xdatamap14_pwl_bit7" "vpwl_0x0_11d0ux0" 2 1030, 2 52 0, S_0x555555847f60;
 .timescale 0 0;
    .port_info 0 /INOUT 1 "PLUS";
    .port_info 1 /INOUT 1 "MINUS";
v0x555555aa3200_0 .net "MINUS", 0 0, o0x7fffff25f0a8;  alias, 0 drivers
v0x555555aa32c0_0 .net8 "PLUS", 0 0, p0x7fffff269788;  0 drivers, strength-aware
S_0x555555aa33e0 .scope module, "Xdatamap14_pwl_bit8" "vpwl_0x0_11d0ux0" 2 1035, 2 52 0, S_0x555555847f60;
 .timescale 0 0;
    .port_info 0 /INOUT 1 "PLUS";
    .port_info 1 /INOUT 1 "MINUS";
v0x555555aa3600_0 .net "MINUS", 0 0, o0x7fffff25f0a8;  alias, 0 drivers
v0x555555aa36c0_0 .net8 "PLUS", 0 0, p0x7fffff269818;  0 drivers, strength-aware
S_0x555555aa37e0 .scope module, "Xdatamap14_pwl_bit9" "vpwl_0x0_11d0ux0" 2 1040, 2 52 0, S_0x555555847f60;
 .timescale 0 0;
    .port_info 0 /INOUT 1 "PLUS";
    .port_info 1 /INOUT 1 "MINUS";
v0x555555aa3a00_0 .net "MINUS", 0 0, o0x7fffff25f0a8;  alias, 0 drivers
v0x555555aa3ac0_0 .net8 "PLUS", 0 0, p0x7fffff2698a8;  0 drivers, strength-aware
S_0x555555aa3be0 .scope module, "Xdatamap15_pwl_bit0" "vpwl_0x0_11d0ux0" 2 1045, 2 52 0, S_0x555555847f60;
 .timescale 0 0;
    .port_info 0 /INOUT 1 "PLUS";
    .port_info 1 /INOUT 1 "MINUS";
v0x555555aa3e00_0 .net "MINUS", 0 0, o0x7fffff25f0a8;  alias, 0 drivers
v0x555555aa3ec0_0 .net8 "PLUS", 0 0, p0x7fffff269938;  0 drivers, strength-aware
S_0x555555aa3fe0 .scope module, "Xdatamap15_pwl_bit1" "vpwl_0x0_11d0ux0" 2 1050, 2 52 0, S_0x555555847f60;
 .timescale 0 0;
    .port_info 0 /INOUT 1 "PLUS";
    .port_info 1 /INOUT 1 "MINUS";
v0x555555aa4200_0 .net "MINUS", 0 0, o0x7fffff25f0a8;  alias, 0 drivers
v0x555555aa42c0_0 .net8 "PLUS", 0 0, p0x7fffff2699c8;  0 drivers, strength-aware
S_0x555555aa43e0 .scope module, "Xdatamap15_pwl_bit10" "vpwl_0x0_11d0ux0" 2 1955, 2 52 0, S_0x555555847f60;
 .timescale 0 0;
    .port_info 0 /INOUT 1 "PLUS";
    .port_info 1 /INOUT 1 "MINUS";
v0x555555aa4600_0 .net "MINUS", 0 0, o0x7fffff25f0a8;  alias, 0 drivers
v0x555555aa46c0_0 .net8 "PLUS", 0 0, p0x7fffff269a58;  0 drivers, strength-aware
S_0x555555aa47e0 .scope module, "Xdatamap15_pwl_bit11" "vpwl_0x0_11d0ux0" 2 1960, 2 52 0, S_0x555555847f60;
 .timescale 0 0;
    .port_info 0 /INOUT 1 "PLUS";
    .port_info 1 /INOUT 1 "MINUS";
v0x555555aa4a00_0 .net "MINUS", 0 0, o0x7fffff25f0a8;  alias, 0 drivers
v0x555555aa4ac0_0 .net8 "PLUS", 0 0, p0x7fffff269ae8;  0 drivers, strength-aware
S_0x555555aa4be0 .scope module, "Xdatamap15_pwl_bit12" "vpwl_0x0_11d0ux0" 2 1965, 2 52 0, S_0x555555847f60;
 .timescale 0 0;
    .port_info 0 /INOUT 1 "PLUS";
    .port_info 1 /INOUT 1 "MINUS";
v0x555555aa4e00_0 .net "MINUS", 0 0, o0x7fffff25f0a8;  alias, 0 drivers
v0x555555aa4ec0_0 .net8 "PLUS", 0 0, p0x7fffff269b78;  0 drivers, strength-aware
S_0x555555aa4fe0 .scope module, "Xdatamap15_pwl_bit13" "vpwl_0x0_11d0ux0" 2 1970, 2 52 0, S_0x555555847f60;
 .timescale 0 0;
    .port_info 0 /INOUT 1 "PLUS";
    .port_info 1 /INOUT 1 "MINUS";
v0x555555aa5200_0 .net "MINUS", 0 0, o0x7fffff25f0a8;  alias, 0 drivers
v0x555555aa52c0_0 .net8 "PLUS", 0 0, p0x7fffff269c08;  0 drivers, strength-aware
S_0x555555aa53e0 .scope module, "Xdatamap15_pwl_bit14" "vpwl_0x0_11d0ux0" 2 1975, 2 52 0, S_0x555555847f60;
 .timescale 0 0;
    .port_info 0 /INOUT 1 "PLUS";
    .port_info 1 /INOUT 1 "MINUS";
v0x555555aa5600_0 .net "MINUS", 0 0, o0x7fffff25f0a8;  alias, 0 drivers
v0x555555aa56c0_0 .net8 "PLUS", 0 0, p0x7fffff269c98;  0 drivers, strength-aware
S_0x555555aa57e0 .scope module, "Xdatamap15_pwl_bit15" "vpwl_0x0_11d0ux0" 2 1980, 2 52 0, S_0x555555847f60;
 .timescale 0 0;
    .port_info 0 /INOUT 1 "PLUS";
    .port_info 1 /INOUT 1 "MINUS";
v0x555555aa5a00_0 .net "MINUS", 0 0, o0x7fffff25f0a8;  alias, 0 drivers
v0x555555aa5ac0_0 .net8 "PLUS", 0 0, p0x7fffff269d28;  0 drivers, strength-aware
S_0x555555aa5be0 .scope module, "Xdatamap15_pwl_bit2" "vpwl_0x0_11d0ux0" 2 1055, 2 52 0, S_0x555555847f60;
 .timescale 0 0;
    .port_info 0 /INOUT 1 "PLUS";
    .port_info 1 /INOUT 1 "MINUS";
v0x555555aa5e00_0 .net "MINUS", 0 0, o0x7fffff25f0a8;  alias, 0 drivers
v0x555555aa5ec0_0 .net8 "PLUS", 0 0, p0x7fffff269db8;  0 drivers, strength-aware
S_0x555555aa5fe0 .scope module, "Xdatamap15_pwl_bit3" "vpwl_0x0_11d0ux0" 2 1060, 2 52 0, S_0x555555847f60;
 .timescale 0 0;
    .port_info 0 /INOUT 1 "PLUS";
    .port_info 1 /INOUT 1 "MINUS";
v0x555555aa6200_0 .net "MINUS", 0 0, o0x7fffff25f0a8;  alias, 0 drivers
v0x555555aa62c0_0 .net8 "PLUS", 0 0, p0x7fffff269e48;  0 drivers, strength-aware
S_0x555555aa63e0 .scope module, "Xdatamap15_pwl_bit4" "vpwl_0x0_11d0ux0" 2 1065, 2 52 0, S_0x555555847f60;
 .timescale 0 0;
    .port_info 0 /INOUT 1 "PLUS";
    .port_info 1 /INOUT 1 "MINUS";
v0x555555aa6600_0 .net "MINUS", 0 0, o0x7fffff25f0a8;  alias, 0 drivers
v0x555555aa66c0_0 .net8 "PLUS", 0 0, p0x7fffff269ed8;  0 drivers, strength-aware
S_0x555555aa67e0 .scope module, "Xdatamap15_pwl_bit5" "vpwl_0x0_11d0ux0" 2 1070, 2 52 0, S_0x555555847f60;
 .timescale 0 0;
    .port_info 0 /INOUT 1 "PLUS";
    .port_info 1 /INOUT 1 "MINUS";
v0x555555aa6a00_0 .net "MINUS", 0 0, o0x7fffff25f0a8;  alias, 0 drivers
v0x555555aa6ac0_0 .net8 "PLUS", 0 0, p0x7fffff269f68;  0 drivers, strength-aware
S_0x555555aa6be0 .scope module, "Xdatamap15_pwl_bit6" "vpwl_0x0_11d0ux0" 2 1075, 2 52 0, S_0x555555847f60;
 .timescale 0 0;
    .port_info 0 /INOUT 1 "PLUS";
    .port_info 1 /INOUT 1 "MINUS";
v0x555555aa6e00_0 .net "MINUS", 0 0, o0x7fffff25f0a8;  alias, 0 drivers
v0x555555aa6ec0_0 .net8 "PLUS", 0 0, p0x7fffff269ff8;  0 drivers, strength-aware
S_0x555555aa6fe0 .scope module, "Xdatamap15_pwl_bit7" "vpwl_0x0_11d0ux0" 2 1080, 2 52 0, S_0x555555847f60;
 .timescale 0 0;
    .port_info 0 /INOUT 1 "PLUS";
    .port_info 1 /INOUT 1 "MINUS";
v0x555555aa7200_0 .net "MINUS", 0 0, o0x7fffff25f0a8;  alias, 0 drivers
v0x555555aa72c0_0 .net8 "PLUS", 0 0, p0x7fffff26a088;  0 drivers, strength-aware
S_0x555555aa73e0 .scope module, "Xdatamap15_pwl_bit8" "vpwl_0x0_11d0ux0" 2 1085, 2 52 0, S_0x555555847f60;
 .timescale 0 0;
    .port_info 0 /INOUT 1 "PLUS";
    .port_info 1 /INOUT 1 "MINUS";
v0x555555aa7600_0 .net "MINUS", 0 0, o0x7fffff25f0a8;  alias, 0 drivers
v0x555555aa76c0_0 .net8 "PLUS", 0 0, p0x7fffff26a118;  0 drivers, strength-aware
S_0x555555aa77e0 .scope module, "Xdatamap15_pwl_bit9" "vpwl_0x0_11d0ux0" 2 1090, 2 52 0, S_0x555555847f60;
 .timescale 0 0;
    .port_info 0 /INOUT 1 "PLUS";
    .port_info 1 /INOUT 1 "MINUS";
v0x555555aa7a00_0 .net "MINUS", 0 0, o0x7fffff25f0a8;  alias, 0 drivers
v0x555555aa7ac0_0 .net8 "PLUS", 0 0, p0x7fffff26a1a8;  0 drivers, strength-aware
S_0x555555aa7be0 .scope module, "Xdatamap16_pwl_bit0" "vpwl_0x0_11d0ux0" 2 1095, 2 52 0, S_0x555555847f60;
 .timescale 0 0;
    .port_info 0 /INOUT 1 "PLUS";
    .port_info 1 /INOUT 1 "MINUS";
v0x555555aa7e00_0 .net "MINUS", 0 0, o0x7fffff25f0a8;  alias, 0 drivers
v0x555555aa7ec0_0 .net8 "PLUS", 0 0, p0x7fffff26a238;  0 drivers, strength-aware
S_0x555555aa7fe0 .scope module, "Xdatamap16_pwl_bit1" "vpwl_0x0_11d0ux0" 2 1100, 2 52 0, S_0x555555847f60;
 .timescale 0 0;
    .port_info 0 /INOUT 1 "PLUS";
    .port_info 1 /INOUT 1 "MINUS";
v0x555555aa8200_0 .net "MINUS", 0 0, o0x7fffff25f0a8;  alias, 0 drivers
v0x555555aa82c0_0 .net8 "PLUS", 0 0, p0x7fffff26a2c8;  0 drivers, strength-aware
S_0x555555aa83e0 .scope module, "Xdatamap16_pwl_bit10" "vpwl_0x0_11d0ux0" 2 1985, 2 52 0, S_0x555555847f60;
 .timescale 0 0;
    .port_info 0 /INOUT 1 "PLUS";
    .port_info 1 /INOUT 1 "MINUS";
v0x555555aa8600_0 .net "MINUS", 0 0, o0x7fffff25f0a8;  alias, 0 drivers
v0x555555aa86c0_0 .net8 "PLUS", 0 0, p0x7fffff26a358;  0 drivers, strength-aware
S_0x555555aa87e0 .scope module, "Xdatamap16_pwl_bit11" "vpwl_0x0_11d0ux0" 2 1990, 2 52 0, S_0x555555847f60;
 .timescale 0 0;
    .port_info 0 /INOUT 1 "PLUS";
    .port_info 1 /INOUT 1 "MINUS";
v0x555555aa8a00_0 .net "MINUS", 0 0, o0x7fffff25f0a8;  alias, 0 drivers
v0x555555aa8ac0_0 .net8 "PLUS", 0 0, p0x7fffff26a3e8;  0 drivers, strength-aware
S_0x555555aa8be0 .scope module, "Xdatamap16_pwl_bit12" "vpwl_0x0_11d0ux0" 2 1995, 2 52 0, S_0x555555847f60;
 .timescale 0 0;
    .port_info 0 /INOUT 1 "PLUS";
    .port_info 1 /INOUT 1 "MINUS";
v0x555555aa8e00_0 .net "MINUS", 0 0, o0x7fffff25f0a8;  alias, 0 drivers
v0x555555aa8ec0_0 .net8 "PLUS", 0 0, p0x7fffff26a478;  0 drivers, strength-aware
S_0x555555aa8fe0 .scope module, "Xdatamap16_pwl_bit13" "vpwl_0x0_11d0ux0" 2 2000, 2 52 0, S_0x555555847f60;
 .timescale 0 0;
    .port_info 0 /INOUT 1 "PLUS";
    .port_info 1 /INOUT 1 "MINUS";
v0x555555aa9200_0 .net "MINUS", 0 0, o0x7fffff25f0a8;  alias, 0 drivers
v0x555555aa92c0_0 .net8 "PLUS", 0 0, p0x7fffff26a508;  0 drivers, strength-aware
S_0x555555aa93e0 .scope module, "Xdatamap16_pwl_bit14" "vpwl_0x0_11d0ux0" 2 2005, 2 52 0, S_0x555555847f60;
 .timescale 0 0;
    .port_info 0 /INOUT 1 "PLUS";
    .port_info 1 /INOUT 1 "MINUS";
v0x555555aa9600_0 .net "MINUS", 0 0, o0x7fffff25f0a8;  alias, 0 drivers
v0x555555aa96c0_0 .net8 "PLUS", 0 0, p0x7fffff26a598;  0 drivers, strength-aware
S_0x555555aa97e0 .scope module, "Xdatamap16_pwl_bit15" "vpwl_0x0_11d0ux0" 2 2010, 2 52 0, S_0x555555847f60;
 .timescale 0 0;
    .port_info 0 /INOUT 1 "PLUS";
    .port_info 1 /INOUT 1 "MINUS";
v0x555555aa9a00_0 .net "MINUS", 0 0, o0x7fffff25f0a8;  alias, 0 drivers
v0x555555aa9ac0_0 .net8 "PLUS", 0 0, p0x7fffff26a628;  0 drivers, strength-aware
S_0x555555aa9be0 .scope module, "Xdatamap16_pwl_bit2" "vpwl_0x0_11d0ux0" 2 1105, 2 52 0, S_0x555555847f60;
 .timescale 0 0;
    .port_info 0 /INOUT 1 "PLUS";
    .port_info 1 /INOUT 1 "MINUS";
v0x555555aa9e00_0 .net "MINUS", 0 0, o0x7fffff25f0a8;  alias, 0 drivers
v0x555555aa9ec0_0 .net8 "PLUS", 0 0, p0x7fffff26a6b8;  0 drivers, strength-aware
S_0x555555aa9fe0 .scope module, "Xdatamap16_pwl_bit3" "vpwl_0x0_11d0ux0" 2 1110, 2 52 0, S_0x555555847f60;
 .timescale 0 0;
    .port_info 0 /INOUT 1 "PLUS";
    .port_info 1 /INOUT 1 "MINUS";
v0x555555aaa200_0 .net "MINUS", 0 0, o0x7fffff25f0a8;  alias, 0 drivers
v0x555555aaa2c0_0 .net8 "PLUS", 0 0, p0x7fffff26a748;  0 drivers, strength-aware
S_0x555555aaa3e0 .scope module, "Xdatamap16_pwl_bit4" "vpwl_0x0_11d0ux0" 2 1115, 2 52 0, S_0x555555847f60;
 .timescale 0 0;
    .port_info 0 /INOUT 1 "PLUS";
    .port_info 1 /INOUT 1 "MINUS";
v0x555555aaa600_0 .net "MINUS", 0 0, o0x7fffff25f0a8;  alias, 0 drivers
v0x555555aaa6c0_0 .net8 "PLUS", 0 0, p0x7fffff26a7d8;  0 drivers, strength-aware
S_0x555555aaa7e0 .scope module, "Xdatamap16_pwl_bit5" "vpwl_0x0_11d0ux0" 2 1120, 2 52 0, S_0x555555847f60;
 .timescale 0 0;
    .port_info 0 /INOUT 1 "PLUS";
    .port_info 1 /INOUT 1 "MINUS";
v0x555555aaaa00_0 .net "MINUS", 0 0, o0x7fffff25f0a8;  alias, 0 drivers
v0x555555aaaac0_0 .net8 "PLUS", 0 0, p0x7fffff26a868;  0 drivers, strength-aware
S_0x555555aaabe0 .scope module, "Xdatamap16_pwl_bit6" "vpwl_0x0_11d0ux0" 2 1125, 2 52 0, S_0x555555847f60;
 .timescale 0 0;
    .port_info 0 /INOUT 1 "PLUS";
    .port_info 1 /INOUT 1 "MINUS";
v0x555555aaae00_0 .net "MINUS", 0 0, o0x7fffff25f0a8;  alias, 0 drivers
v0x555555aaaec0_0 .net8 "PLUS", 0 0, p0x7fffff26a8f8;  0 drivers, strength-aware
S_0x555555aaafe0 .scope module, "Xdatamap16_pwl_bit7" "vpwl_0x0_11d0ux0" 2 1130, 2 52 0, S_0x555555847f60;
 .timescale 0 0;
    .port_info 0 /INOUT 1 "PLUS";
    .port_info 1 /INOUT 1 "MINUS";
v0x555555aab200_0 .net "MINUS", 0 0, o0x7fffff25f0a8;  alias, 0 drivers
v0x555555aab2c0_0 .net8 "PLUS", 0 0, p0x7fffff26a988;  0 drivers, strength-aware
S_0x555555aab3e0 .scope module, "Xdatamap16_pwl_bit8" "vpwl_0x0_11d0ux0" 2 1135, 2 52 0, S_0x555555847f60;
 .timescale 0 0;
    .port_info 0 /INOUT 1 "PLUS";
    .port_info 1 /INOUT 1 "MINUS";
v0x555555aab600_0 .net "MINUS", 0 0, o0x7fffff25f0a8;  alias, 0 drivers
v0x555555aab6c0_0 .net8 "PLUS", 0 0, p0x7fffff26aa18;  0 drivers, strength-aware
S_0x555555aab7e0 .scope module, "Xdatamap16_pwl_bit9" "vpwl_0x0_11d0ux0" 2 1140, 2 52 0, S_0x555555847f60;
 .timescale 0 0;
    .port_info 0 /INOUT 1 "PLUS";
    .port_info 1 /INOUT 1 "MINUS";
v0x555555aaba00_0 .net "MINUS", 0 0, o0x7fffff25f0a8;  alias, 0 drivers
v0x555555aabac0_0 .net8 "PLUS", 0 0, p0x7fffff26aaa8;  0 drivers, strength-aware
S_0x555555aabbe0 .scope module, "Xdatamap17_pwl_bit0" "vpwl_0x0_11d0ux0" 2 1145, 2 52 0, S_0x555555847f60;
 .timescale 0 0;
    .port_info 0 /INOUT 1 "PLUS";
    .port_info 1 /INOUT 1 "MINUS";
v0x555555aabe00_0 .net "MINUS", 0 0, o0x7fffff25f0a8;  alias, 0 drivers
v0x555555aabec0_0 .net8 "PLUS", 0 0, p0x7fffff26ab38;  0 drivers, strength-aware
S_0x555555aabfe0 .scope module, "Xdatamap17_pwl_bit1" "vpwl_0x0_11d0ux0" 2 1150, 2 52 0, S_0x555555847f60;
 .timescale 0 0;
    .port_info 0 /INOUT 1 "PLUS";
    .port_info 1 /INOUT 1 "MINUS";
v0x555555aac200_0 .net "MINUS", 0 0, o0x7fffff25f0a8;  alias, 0 drivers
v0x555555aac2c0_0 .net8 "PLUS", 0 0, p0x7fffff26abc8;  0 drivers, strength-aware
S_0x555555aac3e0 .scope module, "Xdatamap17_pwl_bit10" "vpwl_0x0_11d0ux0" 2 2015, 2 52 0, S_0x555555847f60;
 .timescale 0 0;
    .port_info 0 /INOUT 1 "PLUS";
    .port_info 1 /INOUT 1 "MINUS";
v0x555555aac600_0 .net "MINUS", 0 0, o0x7fffff25f0a8;  alias, 0 drivers
v0x555555aac6c0_0 .net8 "PLUS", 0 0, p0x7fffff26ac58;  0 drivers, strength-aware
S_0x555555aac7e0 .scope module, "Xdatamap17_pwl_bit11" "vpwl_0x0_11d0ux0" 2 2020, 2 52 0, S_0x555555847f60;
 .timescale 0 0;
    .port_info 0 /INOUT 1 "PLUS";
    .port_info 1 /INOUT 1 "MINUS";
v0x555555aaca00_0 .net "MINUS", 0 0, o0x7fffff25f0a8;  alias, 0 drivers
v0x555555aacac0_0 .net8 "PLUS", 0 0, p0x7fffff26ace8;  0 drivers, strength-aware
S_0x555555aacbe0 .scope module, "Xdatamap17_pwl_bit12" "vpwl_0x0_11d0ux0" 2 2025, 2 52 0, S_0x555555847f60;
 .timescale 0 0;
    .port_info 0 /INOUT 1 "PLUS";
    .port_info 1 /INOUT 1 "MINUS";
v0x555555aace00_0 .net "MINUS", 0 0, o0x7fffff25f0a8;  alias, 0 drivers
v0x555555aacec0_0 .net8 "PLUS", 0 0, p0x7fffff26ad78;  0 drivers, strength-aware
S_0x555555aacfe0 .scope module, "Xdatamap17_pwl_bit13" "vpwl_0x0_11d0ux0" 2 2030, 2 52 0, S_0x555555847f60;
 .timescale 0 0;
    .port_info 0 /INOUT 1 "PLUS";
    .port_info 1 /INOUT 1 "MINUS";
v0x555555aad200_0 .net "MINUS", 0 0, o0x7fffff25f0a8;  alias, 0 drivers
v0x555555aad2c0_0 .net8 "PLUS", 0 0, p0x7fffff26ae08;  0 drivers, strength-aware
S_0x555555aad3e0 .scope module, "Xdatamap17_pwl_bit14" "vpwl_0x0_11d0ux0" 2 2035, 2 52 0, S_0x555555847f60;
 .timescale 0 0;
    .port_info 0 /INOUT 1 "PLUS";
    .port_info 1 /INOUT 1 "MINUS";
v0x555555aad600_0 .net "MINUS", 0 0, o0x7fffff25f0a8;  alias, 0 drivers
v0x555555aad6c0_0 .net8 "PLUS", 0 0, p0x7fffff26ae98;  0 drivers, strength-aware
S_0x555555aad7e0 .scope module, "Xdatamap17_pwl_bit15" "vpwl_0x0_11d0ux0" 2 2040, 2 52 0, S_0x555555847f60;
 .timescale 0 0;
    .port_info 0 /INOUT 1 "PLUS";
    .port_info 1 /INOUT 1 "MINUS";
v0x555555aada00_0 .net "MINUS", 0 0, o0x7fffff25f0a8;  alias, 0 drivers
v0x555555aadac0_0 .net8 "PLUS", 0 0, p0x7fffff26af28;  0 drivers, strength-aware
S_0x555555aadbe0 .scope module, "Xdatamap17_pwl_bit2" "vpwl_0x0_11d0ux0" 2 1155, 2 52 0, S_0x555555847f60;
 .timescale 0 0;
    .port_info 0 /INOUT 1 "PLUS";
    .port_info 1 /INOUT 1 "MINUS";
v0x555555aade00_0 .net "MINUS", 0 0, o0x7fffff25f0a8;  alias, 0 drivers
v0x555555aadec0_0 .net8 "PLUS", 0 0, p0x7fffff26afb8;  0 drivers, strength-aware
S_0x555555aadfe0 .scope module, "Xdatamap17_pwl_bit3" "vpwl_0x0_11d0ux0" 2 1160, 2 52 0, S_0x555555847f60;
 .timescale 0 0;
    .port_info 0 /INOUT 1 "PLUS";
    .port_info 1 /INOUT 1 "MINUS";
v0x555555aae200_0 .net "MINUS", 0 0, o0x7fffff25f0a8;  alias, 0 drivers
v0x555555aae2c0_0 .net8 "PLUS", 0 0, p0x7fffff26b048;  0 drivers, strength-aware
S_0x555555aae3e0 .scope module, "Xdatamap17_pwl_bit4" "vpwl_0x0_11d0ux0" 2 1165, 2 52 0, S_0x555555847f60;
 .timescale 0 0;
    .port_info 0 /INOUT 1 "PLUS";
    .port_info 1 /INOUT 1 "MINUS";
v0x555555aae600_0 .net "MINUS", 0 0, o0x7fffff25f0a8;  alias, 0 drivers
v0x555555aae6c0_0 .net8 "PLUS", 0 0, p0x7fffff26b0d8;  0 drivers, strength-aware
S_0x555555aae7e0 .scope module, "Xdatamap17_pwl_bit5" "vpwl_0x0_11d0ux0" 2 1170, 2 52 0, S_0x555555847f60;
 .timescale 0 0;
    .port_info 0 /INOUT 1 "PLUS";
    .port_info 1 /INOUT 1 "MINUS";
v0x555555aaea00_0 .net "MINUS", 0 0, o0x7fffff25f0a8;  alias, 0 drivers
v0x555555aaeac0_0 .net8 "PLUS", 0 0, p0x7fffff26b168;  0 drivers, strength-aware
S_0x555555aaebe0 .scope module, "Xdatamap17_pwl_bit6" "vpwl_0x0_11d0ux0" 2 1175, 2 52 0, S_0x555555847f60;
 .timescale 0 0;
    .port_info 0 /INOUT 1 "PLUS";
    .port_info 1 /INOUT 1 "MINUS";
v0x555555aaee00_0 .net "MINUS", 0 0, o0x7fffff25f0a8;  alias, 0 drivers
v0x555555aaeec0_0 .net8 "PLUS", 0 0, p0x7fffff26b1f8;  0 drivers, strength-aware
S_0x555555aaefe0 .scope module, "Xdatamap17_pwl_bit7" "vpwl_0x0_11d0ux0" 2 1180, 2 52 0, S_0x555555847f60;
 .timescale 0 0;
    .port_info 0 /INOUT 1 "PLUS";
    .port_info 1 /INOUT 1 "MINUS";
v0x555555aaf200_0 .net "MINUS", 0 0, o0x7fffff25f0a8;  alias, 0 drivers
v0x555555aaf2c0_0 .net8 "PLUS", 0 0, p0x7fffff26b288;  0 drivers, strength-aware
S_0x555555aaf3e0 .scope module, "Xdatamap17_pwl_bit8" "vpwl_0x0_11d0ux0" 2 1185, 2 52 0, S_0x555555847f60;
 .timescale 0 0;
    .port_info 0 /INOUT 1 "PLUS";
    .port_info 1 /INOUT 1 "MINUS";
v0x555555aaf600_0 .net "MINUS", 0 0, o0x7fffff25f0a8;  alias, 0 drivers
v0x555555aaf6c0_0 .net8 "PLUS", 0 0, p0x7fffff26b318;  0 drivers, strength-aware
S_0x555555aaf7e0 .scope module, "Xdatamap17_pwl_bit9" "vpwl_0x0_11d0ux0" 2 1190, 2 52 0, S_0x555555847f60;
 .timescale 0 0;
    .port_info 0 /INOUT 1 "PLUS";
    .port_info 1 /INOUT 1 "MINUS";
v0x555555aafa00_0 .net "MINUS", 0 0, o0x7fffff25f0a8;  alias, 0 drivers
v0x555555aafac0_0 .net8 "PLUS", 0 0, p0x7fffff26b3a8;  0 drivers, strength-aware
S_0x555555aafbe0 .scope module, "Xdatamap18_pwl_bit0" "vpwl_0x0_11d0ux0" 2 1195, 2 52 0, S_0x555555847f60;
 .timescale 0 0;
    .port_info 0 /INOUT 1 "PLUS";
    .port_info 1 /INOUT 1 "MINUS";
v0x555555aafe00_0 .net "MINUS", 0 0, o0x7fffff25f0a8;  alias, 0 drivers
v0x555555aafec0_0 .net8 "PLUS", 0 0, p0x7fffff26b438;  0 drivers, strength-aware
S_0x555555aaffe0 .scope module, "Xdatamap18_pwl_bit1" "vpwl_0x0_11d0ux0" 2 1200, 2 52 0, S_0x555555847f60;
 .timescale 0 0;
    .port_info 0 /INOUT 1 "PLUS";
    .port_info 1 /INOUT 1 "MINUS";
v0x555555ab0200_0 .net "MINUS", 0 0, o0x7fffff25f0a8;  alias, 0 drivers
v0x555555ab02c0_0 .net8 "PLUS", 0 0, p0x7fffff26b4c8;  0 drivers, strength-aware
S_0x555555ab03e0 .scope module, "Xdatamap18_pwl_bit10" "vpwl_0x0_11d0ux0" 2 2045, 2 52 0, S_0x555555847f60;
 .timescale 0 0;
    .port_info 0 /INOUT 1 "PLUS";
    .port_info 1 /INOUT 1 "MINUS";
v0x555555ab0600_0 .net "MINUS", 0 0, o0x7fffff25f0a8;  alias, 0 drivers
v0x555555ab06c0_0 .net8 "PLUS", 0 0, p0x7fffff26b558;  0 drivers, strength-aware
S_0x555555ab07e0 .scope module, "Xdatamap18_pwl_bit11" "vpwl_0x0_11d0ux0" 2 2050, 2 52 0, S_0x555555847f60;
 .timescale 0 0;
    .port_info 0 /INOUT 1 "PLUS";
    .port_info 1 /INOUT 1 "MINUS";
v0x555555ab0a00_0 .net "MINUS", 0 0, o0x7fffff25f0a8;  alias, 0 drivers
v0x555555ab0ac0_0 .net8 "PLUS", 0 0, p0x7fffff26b5e8;  0 drivers, strength-aware
S_0x555555ab0be0 .scope module, "Xdatamap18_pwl_bit12" "vpwl_0x0_11d0ux0" 2 2055, 2 52 0, S_0x555555847f60;
 .timescale 0 0;
    .port_info 0 /INOUT 1 "PLUS";
    .port_info 1 /INOUT 1 "MINUS";
v0x555555ab0e00_0 .net "MINUS", 0 0, o0x7fffff25f0a8;  alias, 0 drivers
v0x555555ab0ec0_0 .net8 "PLUS", 0 0, p0x7fffff26b678;  0 drivers, strength-aware
S_0x555555ab0fe0 .scope module, "Xdatamap18_pwl_bit13" "vpwl_0x0_11d0ux0" 2 2060, 2 52 0, S_0x555555847f60;
 .timescale 0 0;
    .port_info 0 /INOUT 1 "PLUS";
    .port_info 1 /INOUT 1 "MINUS";
v0x555555ab1200_0 .net "MINUS", 0 0, o0x7fffff25f0a8;  alias, 0 drivers
v0x555555ab12c0_0 .net8 "PLUS", 0 0, p0x7fffff26b708;  0 drivers, strength-aware
S_0x555555ab13e0 .scope module, "Xdatamap18_pwl_bit14" "vpwl_0x0_11d0ux0" 2 2065, 2 52 0, S_0x555555847f60;
 .timescale 0 0;
    .port_info 0 /INOUT 1 "PLUS";
    .port_info 1 /INOUT 1 "MINUS";
v0x555555ab1600_0 .net "MINUS", 0 0, o0x7fffff25f0a8;  alias, 0 drivers
v0x555555ab16c0_0 .net8 "PLUS", 0 0, p0x7fffff26b798;  0 drivers, strength-aware
S_0x555555ab17e0 .scope module, "Xdatamap18_pwl_bit15" "vpwl_0x0_11d0ux0" 2 2070, 2 52 0, S_0x555555847f60;
 .timescale 0 0;
    .port_info 0 /INOUT 1 "PLUS";
    .port_info 1 /INOUT 1 "MINUS";
v0x555555ab1a00_0 .net "MINUS", 0 0, o0x7fffff25f0a8;  alias, 0 drivers
v0x555555ab1ac0_0 .net8 "PLUS", 0 0, p0x7fffff26b828;  0 drivers, strength-aware
S_0x555555ab1be0 .scope module, "Xdatamap18_pwl_bit2" "vpwl_0x0_11d0ux0" 2 1205, 2 52 0, S_0x555555847f60;
 .timescale 0 0;
    .port_info 0 /INOUT 1 "PLUS";
    .port_info 1 /INOUT 1 "MINUS";
v0x555555ab1e00_0 .net "MINUS", 0 0, o0x7fffff25f0a8;  alias, 0 drivers
v0x555555ab1ec0_0 .net8 "PLUS", 0 0, p0x7fffff26b8b8;  0 drivers, strength-aware
S_0x555555ab1fe0 .scope module, "Xdatamap18_pwl_bit3" "vpwl_0x0_11d0ux0" 2 1210, 2 52 0, S_0x555555847f60;
 .timescale 0 0;
    .port_info 0 /INOUT 1 "PLUS";
    .port_info 1 /INOUT 1 "MINUS";
v0x555555ab2200_0 .net "MINUS", 0 0, o0x7fffff25f0a8;  alias, 0 drivers
v0x555555ab22c0_0 .net8 "PLUS", 0 0, p0x7fffff26b948;  0 drivers, strength-aware
S_0x555555ab23e0 .scope module, "Xdatamap18_pwl_bit4" "vpwl_0x0_11d0ux0" 2 1215, 2 52 0, S_0x555555847f60;
 .timescale 0 0;
    .port_info 0 /INOUT 1 "PLUS";
    .port_info 1 /INOUT 1 "MINUS";
v0x555555ab2600_0 .net "MINUS", 0 0, o0x7fffff25f0a8;  alias, 0 drivers
v0x555555ab26c0_0 .net8 "PLUS", 0 0, p0x7fffff26b9d8;  0 drivers, strength-aware
S_0x555555ab27e0 .scope module, "Xdatamap18_pwl_bit5" "vpwl_0x0_11d0ux0" 2 1220, 2 52 0, S_0x555555847f60;
 .timescale 0 0;
    .port_info 0 /INOUT 1 "PLUS";
    .port_info 1 /INOUT 1 "MINUS";
v0x555555ab2a00_0 .net "MINUS", 0 0, o0x7fffff25f0a8;  alias, 0 drivers
v0x555555ab2ac0_0 .net8 "PLUS", 0 0, p0x7fffff26ba68;  0 drivers, strength-aware
S_0x555555ab2be0 .scope module, "Xdatamap18_pwl_bit6" "vpwl_0x0_11d0ux0" 2 1225, 2 52 0, S_0x555555847f60;
 .timescale 0 0;
    .port_info 0 /INOUT 1 "PLUS";
    .port_info 1 /INOUT 1 "MINUS";
v0x555555ab2e00_0 .net "MINUS", 0 0, o0x7fffff25f0a8;  alias, 0 drivers
v0x555555ab2ec0_0 .net8 "PLUS", 0 0, p0x7fffff26baf8;  0 drivers, strength-aware
S_0x555555ab2fe0 .scope module, "Xdatamap18_pwl_bit7" "vpwl_0x0_11d0ux0" 2 1230, 2 52 0, S_0x555555847f60;
 .timescale 0 0;
    .port_info 0 /INOUT 1 "PLUS";
    .port_info 1 /INOUT 1 "MINUS";
v0x555555ab3200_0 .net "MINUS", 0 0, o0x7fffff25f0a8;  alias, 0 drivers
v0x555555ab32c0_0 .net8 "PLUS", 0 0, p0x7fffff26bb88;  0 drivers, strength-aware
S_0x555555ab33e0 .scope module, "Xdatamap18_pwl_bit8" "vpwl_0x0_11d0ux0" 2 1235, 2 52 0, S_0x555555847f60;
 .timescale 0 0;
    .port_info 0 /INOUT 1 "PLUS";
    .port_info 1 /INOUT 1 "MINUS";
v0x555555ab3600_0 .net "MINUS", 0 0, o0x7fffff25f0a8;  alias, 0 drivers
v0x555555ab36c0_0 .net8 "PLUS", 0 0, p0x7fffff26bc18;  0 drivers, strength-aware
S_0x555555ab37e0 .scope module, "Xdatamap18_pwl_bit9" "vpwl_0x0_11d0ux0" 2 1240, 2 52 0, S_0x555555847f60;
 .timescale 0 0;
    .port_info 0 /INOUT 1 "PLUS";
    .port_info 1 /INOUT 1 "MINUS";
v0x555555ab3a00_0 .net "MINUS", 0 0, o0x7fffff25f0a8;  alias, 0 drivers
v0x555555ab3ac0_0 .net8 "PLUS", 0 0, p0x7fffff26bca8;  0 drivers, strength-aware
S_0x555555ab3be0 .scope module, "Xdatamap1_pwl_bit0" "vpwl_0x0_11d0ux0" 2 390, 2 52 0, S_0x555555847f60;
 .timescale 0 0;
    .port_info 0 /INOUT 1 "PLUS";
    .port_info 1 /INOUT 1 "MINUS";
v0x555555ab3e00_0 .net "MINUS", 0 0, o0x7fffff25f0a8;  alias, 0 drivers
v0x555555ab3ec0_0 .net8 "PLUS", 0 0, p0x7fffff26bd38;  0 drivers, strength-aware
S_0x555555ab3fe0 .scope module, "Xdatamap1_pwl_bit1" "vpwl_0x0_11d0ux0" 2 395, 2 52 0, S_0x555555847f60;
 .timescale 0 0;
    .port_info 0 /INOUT 1 "PLUS";
    .port_info 1 /INOUT 1 "MINUS";
v0x555555ab4200_0 .net "MINUS", 0 0, o0x7fffff25f0a8;  alias, 0 drivers
v0x555555ab42c0_0 .net8 "PLUS", 0 0, p0x7fffff26bdc8;  0 drivers, strength-aware
S_0x555555ab43e0 .scope module, "Xdatamap1_pwl_bit10" "vpwl_0x0_11d0ux0" 2 1245, 2 52 0, S_0x555555847f60;
 .timescale 0 0;
    .port_info 0 /INOUT 1 "PLUS";
    .port_info 1 /INOUT 1 "MINUS";
v0x555555ab4600_0 .net "MINUS", 0 0, o0x7fffff25f0a8;  alias, 0 drivers
v0x555555ab46c0_0 .net8 "PLUS", 0 0, p0x7fffff26be58;  0 drivers, strength-aware
S_0x555555ab47e0 .scope module, "Xdatamap1_pwl_bit11" "vpwl_0x0_11d0ux0" 2 1250, 2 52 0, S_0x555555847f60;
 .timescale 0 0;
    .port_info 0 /INOUT 1 "PLUS";
    .port_info 1 /INOUT 1 "MINUS";
v0x555555ab4a00_0 .net "MINUS", 0 0, o0x7fffff25f0a8;  alias, 0 drivers
v0x555555ab4ac0_0 .net8 "PLUS", 0 0, p0x7fffff26bee8;  0 drivers, strength-aware
S_0x555555ab4be0 .scope module, "Xdatamap1_pwl_bit12" "vpwl_0x0_11d0ux0" 2 1255, 2 52 0, S_0x555555847f60;
 .timescale 0 0;
    .port_info 0 /INOUT 1 "PLUS";
    .port_info 1 /INOUT 1 "MINUS";
v0x555555ab4e00_0 .net "MINUS", 0 0, o0x7fffff25f0a8;  alias, 0 drivers
v0x555555ab4ec0_0 .net8 "PLUS", 0 0, p0x7fffff26bf78;  0 drivers, strength-aware
S_0x555555ab4fe0 .scope module, "Xdatamap1_pwl_bit13" "vpwl_0x0_11d0ux0" 2 1260, 2 52 0, S_0x555555847f60;
 .timescale 0 0;
    .port_info 0 /INOUT 1 "PLUS";
    .port_info 1 /INOUT 1 "MINUS";
v0x555555ab5200_0 .net "MINUS", 0 0, o0x7fffff25f0a8;  alias, 0 drivers
v0x555555ab52c0_0 .net8 "PLUS", 0 0, p0x7fffff26c008;  0 drivers, strength-aware
S_0x555555ab53e0 .scope module, "Xdatamap1_pwl_bit14" "vpwl_0x0_11d0ux0" 2 1265, 2 52 0, S_0x555555847f60;
 .timescale 0 0;
    .port_info 0 /INOUT 1 "PLUS";
    .port_info 1 /INOUT 1 "MINUS";
v0x555555ab5600_0 .net "MINUS", 0 0, o0x7fffff25f0a8;  alias, 0 drivers
v0x555555ab56c0_0 .net8 "PLUS", 0 0, p0x7fffff26c098;  0 drivers, strength-aware
S_0x555555ab57e0 .scope module, "Xdatamap1_pwl_bit15" "vpwl_0x0_11d0ux0" 2 1270, 2 52 0, S_0x555555847f60;
 .timescale 0 0;
    .port_info 0 /INOUT 1 "PLUS";
    .port_info 1 /INOUT 1 "MINUS";
v0x555555ab5a00_0 .net "MINUS", 0 0, o0x7fffff25f0a8;  alias, 0 drivers
v0x555555ab5ac0_0 .net8 "PLUS", 0 0, p0x7fffff26c128;  0 drivers, strength-aware
S_0x555555ab5be0 .scope module, "Xdatamap1_pwl_bit2" "vpwl_0x0_11d0ux0" 2 400, 2 52 0, S_0x555555847f60;
 .timescale 0 0;
    .port_info 0 /INOUT 1 "PLUS";
    .port_info 1 /INOUT 1 "MINUS";
v0x555555ab5e00_0 .net "MINUS", 0 0, o0x7fffff25f0a8;  alias, 0 drivers
v0x555555ab5ec0_0 .net8 "PLUS", 0 0, p0x7fffff26c1b8;  0 drivers, strength-aware
S_0x555555ab5fe0 .scope module, "Xdatamap1_pwl_bit3" "vpwl_0x0_11d0ux0" 2 405, 2 52 0, S_0x555555847f60;
 .timescale 0 0;
    .port_info 0 /INOUT 1 "PLUS";
    .port_info 1 /INOUT 1 "MINUS";
v0x555555ab6200_0 .net "MINUS", 0 0, o0x7fffff25f0a8;  alias, 0 drivers
v0x555555ab62c0_0 .net8 "PLUS", 0 0, p0x7fffff26c248;  0 drivers, strength-aware
S_0x555555ab63e0 .scope module, "Xdatamap1_pwl_bit4" "vpwl_0x0_11d0ux0" 2 410, 2 52 0, S_0x555555847f60;
 .timescale 0 0;
    .port_info 0 /INOUT 1 "PLUS";
    .port_info 1 /INOUT 1 "MINUS";
v0x555555ab6600_0 .net "MINUS", 0 0, o0x7fffff25f0a8;  alias, 0 drivers
v0x555555ab66c0_0 .net8 "PLUS", 0 0, p0x7fffff26c2d8;  0 drivers, strength-aware
S_0x555555ab67e0 .scope module, "Xdatamap1_pwl_bit5" "vpwl_0x0_11d0ux0" 2 415, 2 52 0, S_0x555555847f60;
 .timescale 0 0;
    .port_info 0 /INOUT 1 "PLUS";
    .port_info 1 /INOUT 1 "MINUS";
v0x555555ab6a00_0 .net "MINUS", 0 0, o0x7fffff25f0a8;  alias, 0 drivers
v0x555555ab6ac0_0 .net8 "PLUS", 0 0, p0x7fffff26c368;  0 drivers, strength-aware
S_0x555555ab6be0 .scope module, "Xdatamap1_pwl_bit6" "vpwl_0x0_11d0ux0" 2 420, 2 52 0, S_0x555555847f60;
 .timescale 0 0;
    .port_info 0 /INOUT 1 "PLUS";
    .port_info 1 /INOUT 1 "MINUS";
v0x555555ab6e00_0 .net "MINUS", 0 0, o0x7fffff25f0a8;  alias, 0 drivers
v0x555555ab6ec0_0 .net8 "PLUS", 0 0, p0x7fffff26c3f8;  0 drivers, strength-aware
S_0x555555ab6fe0 .scope module, "Xdatamap1_pwl_bit7" "vpwl_0x0_11d0ux0" 2 425, 2 52 0, S_0x555555847f60;
 .timescale 0 0;
    .port_info 0 /INOUT 1 "PLUS";
    .port_info 1 /INOUT 1 "MINUS";
v0x555555ab7200_0 .net "MINUS", 0 0, o0x7fffff25f0a8;  alias, 0 drivers
v0x555555ab72c0_0 .net8 "PLUS", 0 0, p0x7fffff26c488;  0 drivers, strength-aware
S_0x555555ab73e0 .scope module, "Xdatamap1_pwl_bit8" "vpwl_0x0_11d0ux0" 2 430, 2 52 0, S_0x555555847f60;
 .timescale 0 0;
    .port_info 0 /INOUT 1 "PLUS";
    .port_info 1 /INOUT 1 "MINUS";
v0x555555ab7600_0 .net "MINUS", 0 0, o0x7fffff25f0a8;  alias, 0 drivers
v0x555555ab76c0_0 .net8 "PLUS", 0 0, p0x7fffff26c518;  0 drivers, strength-aware
S_0x555555ab77e0 .scope module, "Xdatamap1_pwl_bit9" "vpwl_0x0_11d0ux0" 2 435, 2 52 0, S_0x555555847f60;
 .timescale 0 0;
    .port_info 0 /INOUT 1 "PLUS";
    .port_info 1 /INOUT 1 "MINUS";
v0x555555ab7a00_0 .net "MINUS", 0 0, o0x7fffff25f0a8;  alias, 0 drivers
v0x555555ab7ac0_0 .net8 "PLUS", 0 0, p0x7fffff26c5a8;  0 drivers, strength-aware
S_0x555555ab7be0 .scope module, "Xdatamap22_pwl_bit0" "vpwl_0x0_0d999ux0_1ux5" 2 1275, 2 57 0, S_0x555555847f60;
 .timescale 0 0;
    .port_info 0 /INOUT 1 "PLUS";
    .port_info 1 /INOUT 1 "MINUS";
v0x555555ab7e00_0 .net "MINUS", 0 0, o0x7fffff25f0a8;  alias, 0 drivers
v0x555555ab7ec0_0 .net "PLUS", 0 0, o0x7fffff26c638;  alias, 0 drivers
S_0x555555ab7fe0 .scope module, "Xdatamap23_pwl_bit0" "vpwl_0x0_11d0ux0" 2 1280, 2 52 0, S_0x555555847f60;
 .timescale 0 0;
    .port_info 0 /INOUT 1 "PLUS";
    .port_info 1 /INOUT 1 "MINUS";
v0x555555ab8200_0 .net "MINUS", 0 0, o0x7fffff25f0a8;  alias, 0 drivers
v0x555555ab82c0_0 .net "PLUS", 0 0, o0x7fffff26c6c8;  alias, 0 drivers
S_0x555555ab83e0 .scope module, "Xdatamap24_pwl_bit0" "vpwl_0x0_11d0ux0" 2 1285, 2 52 0, S_0x555555847f60;
 .timescale 0 0;
    .port_info 0 /INOUT 1 "PLUS";
    .port_info 1 /INOUT 1 "MINUS";
v0x555555ab8600_0 .net "MINUS", 0 0, o0x7fffff25f0a8;  alias, 0 drivers
v0x555555ab86c0_0 .net "PLUS", 0 0, o0x7fffff26c758;  alias, 0 drivers
S_0x555555ab87e0 .scope module, "Xdatamap25_pwl_bit0" "vpwl_0x0_11d0ux0" 2 1290, 2 52 0, S_0x555555847f60;
 .timescale 0 0;
    .port_info 0 /INOUT 1 "PLUS";
    .port_info 1 /INOUT 1 "MINUS";
v0x555555ab8a00_0 .net "MINUS", 0 0, o0x7fffff25f0a8;  alias, 0 drivers
v0x555555ab8ac0_0 .net "PLUS", 0 0, o0x7fffff26c7e8;  alias, 0 drivers
S_0x555555ab8be0 .scope module, "Xdatamap26_pwl_bit0" "vpwl_0x0_11d0ux0" 2 1295, 2 52 0, S_0x555555847f60;
 .timescale 0 0;
    .port_info 0 /INOUT 1 "PLUS";
    .port_info 1 /INOUT 1 "MINUS";
v0x555555ab8e00_0 .net "MINUS", 0 0, o0x7fffff25f0a8;  alias, 0 drivers
v0x555555ab8ec0_0 .net "PLUS", 0 0, o0x7fffff26c878;  alias, 0 drivers
S_0x555555ab8fe0 .scope module, "Xdatamap27_pwl_bit0" "vpwl_0x0_11d0ux0" 2 1300, 2 52 0, S_0x555555847f60;
 .timescale 0 0;
    .port_info 0 /INOUT 1 "PLUS";
    .port_info 1 /INOUT 1 "MINUS";
v0x555555ab9200_0 .net "MINUS", 0 0, o0x7fffff25f0a8;  alias, 0 drivers
v0x555555ab92c0_0 .net "PLUS", 0 0, o0x7fffff26c908;  alias, 0 drivers
S_0x555555ab93e0 .scope module, "Xdatamap28_pwl_bit0" "vpwl_0x0_11d0ux0" 2 1305, 2 52 0, S_0x555555847f60;
 .timescale 0 0;
    .port_info 0 /INOUT 1 "PLUS";
    .port_info 1 /INOUT 1 "MINUS";
v0x555555ab9600_0 .net "MINUS", 0 0, o0x7fffff25f0a8;  alias, 0 drivers
v0x555555ab96c0_0 .net "PLUS", 0 0, o0x7fffff26c998;  alias, 0 drivers
S_0x555555ab97e0 .scope module, "Xdatamap29_pwl_bit0" "vpwl_0x0_11d0ux0" 2 1310, 2 52 0, S_0x555555847f60;
 .timescale 0 0;
    .port_info 0 /INOUT 1 "PLUS";
    .port_info 1 /INOUT 1 "MINUS";
v0x555555ab9a00_0 .net "MINUS", 0 0, o0x7fffff25f0a8;  alias, 0 drivers
v0x555555ab9ac0_0 .net "PLUS", 0 0, o0x7fffff26ca28;  alias, 0 drivers
S_0x555555ab9be0 .scope module, "Xdatamap2_pwl_bit0" "vpwl_0x0_11d0ux0" 2 440, 2 52 0, S_0x555555847f60;
 .timescale 0 0;
    .port_info 0 /INOUT 1 "PLUS";
    .port_info 1 /INOUT 1 "MINUS";
v0x555555ab9e00_0 .net "MINUS", 0 0, o0x7fffff25f0a8;  alias, 0 drivers
v0x555555ab9ec0_0 .net8 "PLUS", 0 0, p0x7fffff26cab8;  0 drivers, strength-aware
S_0x555555ab9fe0 .scope module, "Xdatamap2_pwl_bit1" "vpwl_0x0_11d0ux0" 2 445, 2 52 0, S_0x555555847f60;
 .timescale 0 0;
    .port_info 0 /INOUT 1 "PLUS";
    .port_info 1 /INOUT 1 "MINUS";
v0x555555aba200_0 .net "MINUS", 0 0, o0x7fffff25f0a8;  alias, 0 drivers
v0x555555aba2c0_0 .net8 "PLUS", 0 0, p0x7fffff26cb48;  0 drivers, strength-aware
S_0x555555aba3e0 .scope module, "Xdatamap2_pwl_bit10" "vpwl_0x0_11d0ux0" 2 1315, 2 52 0, S_0x555555847f60;
 .timescale 0 0;
    .port_info 0 /INOUT 1 "PLUS";
    .port_info 1 /INOUT 1 "MINUS";
v0x555555aba600_0 .net "MINUS", 0 0, o0x7fffff25f0a8;  alias, 0 drivers
v0x555555aba6c0_0 .net8 "PLUS", 0 0, p0x7fffff26cbd8;  0 drivers, strength-aware
S_0x555555aba7e0 .scope module, "Xdatamap2_pwl_bit11" "vpwl_0x0_11d0ux0" 2 1320, 2 52 0, S_0x555555847f60;
 .timescale 0 0;
    .port_info 0 /INOUT 1 "PLUS";
    .port_info 1 /INOUT 1 "MINUS";
v0x555555abaa00_0 .net "MINUS", 0 0, o0x7fffff25f0a8;  alias, 0 drivers
v0x555555abaac0_0 .net8 "PLUS", 0 0, p0x7fffff26cc68;  0 drivers, strength-aware
S_0x555555ababe0 .scope module, "Xdatamap2_pwl_bit12" "vpwl_0x0_11d0ux0" 2 1325, 2 52 0, S_0x555555847f60;
 .timescale 0 0;
    .port_info 0 /INOUT 1 "PLUS";
    .port_info 1 /INOUT 1 "MINUS";
v0x555555abae00_0 .net "MINUS", 0 0, o0x7fffff25f0a8;  alias, 0 drivers
v0x555555abaec0_0 .net8 "PLUS", 0 0, p0x7fffff26ccf8;  0 drivers, strength-aware
S_0x555555abafe0 .scope module, "Xdatamap2_pwl_bit13" "vpwl_0x0_11d0ux0" 2 1330, 2 52 0, S_0x555555847f60;
 .timescale 0 0;
    .port_info 0 /INOUT 1 "PLUS";
    .port_info 1 /INOUT 1 "MINUS";
v0x555555abb200_0 .net "MINUS", 0 0, o0x7fffff25f0a8;  alias, 0 drivers
v0x555555abb2c0_0 .net8 "PLUS", 0 0, p0x7fffff26cd88;  0 drivers, strength-aware
S_0x555555abb3e0 .scope module, "Xdatamap2_pwl_bit14" "vpwl_0x0_11d0ux0" 2 1335, 2 52 0, S_0x555555847f60;
 .timescale 0 0;
    .port_info 0 /INOUT 1 "PLUS";
    .port_info 1 /INOUT 1 "MINUS";
v0x555555abb600_0 .net "MINUS", 0 0, o0x7fffff25f0a8;  alias, 0 drivers
v0x555555abb6c0_0 .net8 "PLUS", 0 0, p0x7fffff26ce18;  0 drivers, strength-aware
S_0x555555abb7e0 .scope module, "Xdatamap2_pwl_bit15" "vpwl_0x0_11d0ux0" 2 1340, 2 52 0, S_0x555555847f60;
 .timescale 0 0;
    .port_info 0 /INOUT 1 "PLUS";
    .port_info 1 /INOUT 1 "MINUS";
v0x555555abba00_0 .net "MINUS", 0 0, o0x7fffff25f0a8;  alias, 0 drivers
v0x555555abbac0_0 .net8 "PLUS", 0 0, p0x7fffff26cea8;  0 drivers, strength-aware
S_0x555555abbbe0 .scope module, "Xdatamap2_pwl_bit2" "vpwl_0x0_11d0ux0" 2 450, 2 52 0, S_0x555555847f60;
 .timescale 0 0;
    .port_info 0 /INOUT 1 "PLUS";
    .port_info 1 /INOUT 1 "MINUS";
v0x555555abbe00_0 .net "MINUS", 0 0, o0x7fffff25f0a8;  alias, 0 drivers
v0x555555abbec0_0 .net8 "PLUS", 0 0, p0x7fffff26cf38;  0 drivers, strength-aware
S_0x555555abbfe0 .scope module, "Xdatamap2_pwl_bit3" "vpwl_0x0_11d0ux0" 2 455, 2 52 0, S_0x555555847f60;
 .timescale 0 0;
    .port_info 0 /INOUT 1 "PLUS";
    .port_info 1 /INOUT 1 "MINUS";
v0x555555abc200_0 .net "MINUS", 0 0, o0x7fffff25f0a8;  alias, 0 drivers
v0x555555abc2c0_0 .net8 "PLUS", 0 0, p0x7fffff26cfc8;  0 drivers, strength-aware
S_0x555555abc3e0 .scope module, "Xdatamap2_pwl_bit4" "vpwl_0x0_11d0ux0" 2 460, 2 52 0, S_0x555555847f60;
 .timescale 0 0;
    .port_info 0 /INOUT 1 "PLUS";
    .port_info 1 /INOUT 1 "MINUS";
v0x555555abc600_0 .net "MINUS", 0 0, o0x7fffff25f0a8;  alias, 0 drivers
v0x555555abc6c0_0 .net8 "PLUS", 0 0, p0x7fffff26d058;  0 drivers, strength-aware
S_0x555555abc7e0 .scope module, "Xdatamap2_pwl_bit5" "vpwl_0x0_11d0ux0" 2 465, 2 52 0, S_0x555555847f60;
 .timescale 0 0;
    .port_info 0 /INOUT 1 "PLUS";
    .port_info 1 /INOUT 1 "MINUS";
v0x555555abca00_0 .net "MINUS", 0 0, o0x7fffff25f0a8;  alias, 0 drivers
v0x555555abcac0_0 .net8 "PLUS", 0 0, p0x7fffff26d0e8;  0 drivers, strength-aware
S_0x555555abcbe0 .scope module, "Xdatamap2_pwl_bit6" "vpwl_0x0_11d0ux0" 2 470, 2 52 0, S_0x555555847f60;
 .timescale 0 0;
    .port_info 0 /INOUT 1 "PLUS";
    .port_info 1 /INOUT 1 "MINUS";
v0x555555abce00_0 .net "MINUS", 0 0, o0x7fffff25f0a8;  alias, 0 drivers
v0x555555abcec0_0 .net8 "PLUS", 0 0, p0x7fffff26d178;  0 drivers, strength-aware
S_0x555555abcfe0 .scope module, "Xdatamap2_pwl_bit7" "vpwl_0x0_11d0ux0" 2 475, 2 52 0, S_0x555555847f60;
 .timescale 0 0;
    .port_info 0 /INOUT 1 "PLUS";
    .port_info 1 /INOUT 1 "MINUS";
v0x555555abd200_0 .net "MINUS", 0 0, o0x7fffff25f0a8;  alias, 0 drivers
v0x555555abd2c0_0 .net8 "PLUS", 0 0, p0x7fffff26d208;  0 drivers, strength-aware
S_0x555555abd3e0 .scope module, "Xdatamap2_pwl_bit8" "vpwl_0x0_11d0ux0" 2 480, 2 52 0, S_0x555555847f60;
 .timescale 0 0;
    .port_info 0 /INOUT 1 "PLUS";
    .port_info 1 /INOUT 1 "MINUS";
v0x555555abd600_0 .net "MINUS", 0 0, o0x7fffff25f0a8;  alias, 0 drivers
v0x555555abd6c0_0 .net8 "PLUS", 0 0, p0x7fffff26d298;  0 drivers, strength-aware
S_0x555555abd7e0 .scope module, "Xdatamap2_pwl_bit9" "vpwl_0x0_11d0ux0" 2 485, 2 52 0, S_0x555555847f60;
 .timescale 0 0;
    .port_info 0 /INOUT 1 "PLUS";
    .port_info 1 /INOUT 1 "MINUS";
v0x555555abda00_0 .net "MINUS", 0 0, o0x7fffff25f0a8;  alias, 0 drivers
v0x555555abdac0_0 .net8 "PLUS", 0 0, p0x7fffff26d328;  0 drivers, strength-aware
S_0x555555abdbe0 .scope module, "Xdatamap30_pwl_bit0" "vpwl_0x0_11d0ux0" 2 1345, 2 52 0, S_0x555555847f60;
 .timescale 0 0;
    .port_info 0 /INOUT 1 "PLUS";
    .port_info 1 /INOUT 1 "MINUS";
v0x555555abde00_0 .net "MINUS", 0 0, o0x7fffff25f0a8;  alias, 0 drivers
v0x555555abdec0_0 .net "PLUS", 0 0, o0x7fffff26d3b8;  alias, 0 drivers
S_0x555555abdfe0 .scope module, "Xdatamap31_pwl_bit0" "vpwl_0x0_11d0ux0" 2 1350, 2 52 0, S_0x555555847f60;
 .timescale 0 0;
    .port_info 0 /INOUT 1 "PLUS";
    .port_info 1 /INOUT 1 "MINUS";
v0x555555abe200_0 .net "MINUS", 0 0, o0x7fffff25f0a8;  alias, 0 drivers
v0x555555abe2c0_0 .net "PLUS", 0 0, o0x7fffff26d448;  alias, 0 drivers
S_0x555555abe3e0 .scope module, "Xdatamap32_pwl_bit0" "vpwl_0x0_11d0ux0" 2 1355, 2 52 0, S_0x555555847f60;
 .timescale 0 0;
    .port_info 0 /INOUT 1 "PLUS";
    .port_info 1 /INOUT 1 "MINUS";
v0x555555abe600_0 .net "MINUS", 0 0, o0x7fffff25f0a8;  alias, 0 drivers
v0x555555abe6c0_0 .net "PLUS", 0 0, o0x7fffff26d4d8;  alias, 0 drivers
S_0x555555abe7e0 .scope module, "Xdatamap33_pwl_bit0" "vpwl_0x0_11d0ux0" 2 1360, 2 52 0, S_0x555555847f60;
 .timescale 0 0;
    .port_info 0 /INOUT 1 "PLUS";
    .port_info 1 /INOUT 1 "MINUS";
v0x555555abea00_0 .net "MINUS", 0 0, o0x7fffff25f0a8;  alias, 0 drivers
v0x555555abeac0_0 .net "PLUS", 0 0, o0x7fffff26d568;  alias, 0 drivers
S_0x555555abebe0 .scope module, "Xdatamap34_pwl_bit0" "vpwl_0x0_11d0ux0" 2 1365, 2 52 0, S_0x555555847f60;
 .timescale 0 0;
    .port_info 0 /INOUT 1 "PLUS";
    .port_info 1 /INOUT 1 "MINUS";
v0x555555abee00_0 .net "MINUS", 0 0, o0x7fffff25f0a8;  alias, 0 drivers
v0x555555abeec0_0 .net "PLUS", 0 0, o0x7fffff26d5f8;  alias, 0 drivers
S_0x555555abefe0 .scope module, "Xdatamap35_pwl_bit0" "vpwl_0x0_11d0ux0" 2 1370, 2 52 0, S_0x555555847f60;
 .timescale 0 0;
    .port_info 0 /INOUT 1 "PLUS";
    .port_info 1 /INOUT 1 "MINUS";
v0x555555abf200_0 .net "MINUS", 0 0, o0x7fffff25f0a8;  alias, 0 drivers
v0x555555abf2c0_0 .net "PLUS", 0 0, o0x7fffff26d688;  alias, 0 drivers
S_0x555555abf3e0 .scope module, "Xdatamap3_pwl_bit0" "vpwl_0x0_10d999ux0_11d0ux5" 2 490, 2 47 0, S_0x555555847f60;
 .timescale 0 0;
    .port_info 0 /INOUT 1 "PLUS";
    .port_info 1 /INOUT 1 "MINUS";
v0x555555abf600_0 .net "MINUS", 0 0, o0x7fffff25f0a8;  alias, 0 drivers
v0x555555abf6c0_0 .net8 "PLUS", 0 0, p0x7fffff26d718;  0 drivers, strength-aware
S_0x555555abf7e0 .scope module, "Xdatamap3_pwl_bit1" "vpwl_0x0_10d999ux0_11d0ux5" 2 495, 2 47 0, S_0x555555847f60;
 .timescale 0 0;
    .port_info 0 /INOUT 1 "PLUS";
    .port_info 1 /INOUT 1 "MINUS";
v0x555555abfa00_0 .net "MINUS", 0 0, o0x7fffff25f0a8;  alias, 0 drivers
v0x555555abfac0_0 .net8 "PLUS", 0 0, p0x7fffff26d7a8;  0 drivers, strength-aware
S_0x555555abfbe0 .scope module, "Xdatamap3_pwl_bit10" "vpwl_0x0_10d999ux0_11d0ux5" 2 1375, 2 47 0, S_0x555555847f60;
 .timescale 0 0;
    .port_info 0 /INOUT 1 "PLUS";
    .port_info 1 /INOUT 1 "MINUS";
v0x555555abfe00_0 .net "MINUS", 0 0, o0x7fffff25f0a8;  alias, 0 drivers
v0x555555abfec0_0 .net8 "PLUS", 0 0, p0x7fffff26d838;  0 drivers, strength-aware
S_0x555555abffe0 .scope module, "Xdatamap3_pwl_bit11" "vpwl_0x0_10d999ux0_11d0ux5" 2 1380, 2 47 0, S_0x555555847f60;
 .timescale 0 0;
    .port_info 0 /INOUT 1 "PLUS";
    .port_info 1 /INOUT 1 "MINUS";
v0x555555ac0200_0 .net "MINUS", 0 0, o0x7fffff25f0a8;  alias, 0 drivers
v0x555555ac02c0_0 .net8 "PLUS", 0 0, p0x7fffff26d8c8;  0 drivers, strength-aware
S_0x555555ac03e0 .scope module, "Xdatamap3_pwl_bit12" "vpwl_0x0_10d999ux0_11d0ux5" 2 1385, 2 47 0, S_0x555555847f60;
 .timescale 0 0;
    .port_info 0 /INOUT 1 "PLUS";
    .port_info 1 /INOUT 1 "MINUS";
v0x555555ac0600_0 .net "MINUS", 0 0, o0x7fffff25f0a8;  alias, 0 drivers
v0x555555ac06c0_0 .net8 "PLUS", 0 0, p0x7fffff26d958;  0 drivers, strength-aware
S_0x555555ac07e0 .scope module, "Xdatamap3_pwl_bit13" "vpwl_0x0_10d999ux0_11d0ux5" 2 1390, 2 47 0, S_0x555555847f60;
 .timescale 0 0;
    .port_info 0 /INOUT 1 "PLUS";
    .port_info 1 /INOUT 1 "MINUS";
v0x555555ac0a00_0 .net "MINUS", 0 0, o0x7fffff25f0a8;  alias, 0 drivers
v0x555555ac0ac0_0 .net8 "PLUS", 0 0, p0x7fffff26d9e8;  0 drivers, strength-aware
S_0x555555ac0be0 .scope module, "Xdatamap3_pwl_bit14" "vpwl_0x0_10d999ux0_11d0ux5" 2 1395, 2 47 0, S_0x555555847f60;
 .timescale 0 0;
    .port_info 0 /INOUT 1 "PLUS";
    .port_info 1 /INOUT 1 "MINUS";
v0x555555ac0e00_0 .net "MINUS", 0 0, o0x7fffff25f0a8;  alias, 0 drivers
v0x555555ac0ec0_0 .net8 "PLUS", 0 0, p0x7fffff26da78;  0 drivers, strength-aware
S_0x555555ac0fe0 .scope module, "Xdatamap3_pwl_bit15" "vpwl_0x0_10d999ux0_11d0ux5" 2 1400, 2 47 0, S_0x555555847f60;
 .timescale 0 0;
    .port_info 0 /INOUT 1 "PLUS";
    .port_info 1 /INOUT 1 "MINUS";
v0x555555ac1200_0 .net "MINUS", 0 0, o0x7fffff25f0a8;  alias, 0 drivers
v0x555555ac12c0_0 .net8 "PLUS", 0 0, p0x7fffff26db08;  0 drivers, strength-aware
S_0x555555ac13e0 .scope module, "Xdatamap3_pwl_bit2" "vpwl_0x0_11d0ux0" 2 500, 2 52 0, S_0x555555847f60;
 .timescale 0 0;
    .port_info 0 /INOUT 1 "PLUS";
    .port_info 1 /INOUT 1 "MINUS";
v0x555555ac1600_0 .net "MINUS", 0 0, o0x7fffff25f0a8;  alias, 0 drivers
v0x555555ac16c0_0 .net8 "PLUS", 0 0, p0x7fffff26db98;  0 drivers, strength-aware
S_0x555555ac17e0 .scope module, "Xdatamap3_pwl_bit3" "vpwl_0x0_11d0ux0" 2 505, 2 52 0, S_0x555555847f60;
 .timescale 0 0;
    .port_info 0 /INOUT 1 "PLUS";
    .port_info 1 /INOUT 1 "MINUS";
v0x555555ac1a00_0 .net "MINUS", 0 0, o0x7fffff25f0a8;  alias, 0 drivers
v0x555555ac1ac0_0 .net8 "PLUS", 0 0, p0x7fffff26dc28;  0 drivers, strength-aware
S_0x555555ac1be0 .scope module, "Xdatamap3_pwl_bit4" "vpwl_0x0_11d0ux0" 2 510, 2 52 0, S_0x555555847f60;
 .timescale 0 0;
    .port_info 0 /INOUT 1 "PLUS";
    .port_info 1 /INOUT 1 "MINUS";
v0x555555ac1e00_0 .net "MINUS", 0 0, o0x7fffff25f0a8;  alias, 0 drivers
v0x555555ac1ec0_0 .net8 "PLUS", 0 0, p0x7fffff26dcb8;  0 drivers, strength-aware
S_0x555555ac1fe0 .scope module, "Xdatamap3_pwl_bit5" "vpwl_0x0_11d0ux0" 2 515, 2 52 0, S_0x555555847f60;
 .timescale 0 0;
    .port_info 0 /INOUT 1 "PLUS";
    .port_info 1 /INOUT 1 "MINUS";
v0x555555ac2200_0 .net "MINUS", 0 0, o0x7fffff25f0a8;  alias, 0 drivers
v0x555555ac22c0_0 .net8 "PLUS", 0 0, p0x7fffff26dd48;  0 drivers, strength-aware
S_0x555555ac23e0 .scope module, "Xdatamap3_pwl_bit6" "vpwl_0x0_11d0ux0" 2 520, 2 52 0, S_0x555555847f60;
 .timescale 0 0;
    .port_info 0 /INOUT 1 "PLUS";
    .port_info 1 /INOUT 1 "MINUS";
v0x555555ac2600_0 .net "MINUS", 0 0, o0x7fffff25f0a8;  alias, 0 drivers
v0x555555ac26c0_0 .net8 "PLUS", 0 0, p0x7fffff26ddd8;  0 drivers, strength-aware
S_0x555555ac27e0 .scope module, "Xdatamap3_pwl_bit7" "vpwl_0x0_11d0ux0" 2 525, 2 52 0, S_0x555555847f60;
 .timescale 0 0;
    .port_info 0 /INOUT 1 "PLUS";
    .port_info 1 /INOUT 1 "MINUS";
v0x555555ac2a00_0 .net "MINUS", 0 0, o0x7fffff25f0a8;  alias, 0 drivers
v0x555555ac2ac0_0 .net8 "PLUS", 0 0, p0x7fffff26de68;  0 drivers, strength-aware
S_0x555555ac2be0 .scope module, "Xdatamap3_pwl_bit8" "vpwl_0x0_11d0ux0" 2 530, 2 52 0, S_0x555555847f60;
 .timescale 0 0;
    .port_info 0 /INOUT 1 "PLUS";
    .port_info 1 /INOUT 1 "MINUS";
v0x555555ac2e00_0 .net "MINUS", 0 0, o0x7fffff25f0a8;  alias, 0 drivers
v0x555555ac2ec0_0 .net8 "PLUS", 0 0, p0x7fffff26def8;  0 drivers, strength-aware
S_0x555555ac2fe0 .scope module, "Xdatamap3_pwl_bit9" "vpwl_0x0_11d0ux0" 2 535, 2 52 0, S_0x555555847f60;
 .timescale 0 0;
    .port_info 0 /INOUT 1 "PLUS";
    .port_info 1 /INOUT 1 "MINUS";
v0x555555ac3200_0 .net "MINUS", 0 0, o0x7fffff25f0a8;  alias, 0 drivers
v0x555555ac32c0_0 .net8 "PLUS", 0 0, p0x7fffff26df88;  0 drivers, strength-aware
S_0x555555ac33e0 .scope module, "Xdatamap4_pwl_bit0" "vpwl_0x0_11d0ux0" 2 540, 2 52 0, S_0x555555847f60;
 .timescale 0 0;
    .port_info 0 /INOUT 1 "PLUS";
    .port_info 1 /INOUT 1 "MINUS";
v0x555555ac3600_0 .net "MINUS", 0 0, o0x7fffff25f0a8;  alias, 0 drivers
v0x555555ac36c0_0 .net "PLUS", 0 0, o0x7fffff26e018;  alias, 0 drivers
S_0x555555ac37e0 .scope module, "Xdatamap5_pwl_bit0" "vpwl_0x0_11d0ux0" 2 545, 2 52 0, S_0x555555847f60;
 .timescale 0 0;
    .port_info 0 /INOUT 1 "PLUS";
    .port_info 1 /INOUT 1 "MINUS";
v0x555555ac3a00_0 .net "MINUS", 0 0, o0x7fffff25f0a8;  alias, 0 drivers
v0x555555ac3ac0_0 .net8 "PLUS", 0 0, p0x7fffff26e0a8;  0 drivers, strength-aware
S_0x555555ac3be0 .scope module, "Xdatamap5_pwl_bit1" "vpwl_0x0_11d0ux0" 2 550, 2 52 0, S_0x555555847f60;
 .timescale 0 0;
    .port_info 0 /INOUT 1 "PLUS";
    .port_info 1 /INOUT 1 "MINUS";
v0x555555ac3e00_0 .net "MINUS", 0 0, o0x7fffff25f0a8;  alias, 0 drivers
v0x555555ac3ec0_0 .net8 "PLUS", 0 0, p0x7fffff26e138;  0 drivers, strength-aware
S_0x555555ac3fe0 .scope module, "Xdatamap5_pwl_bit10" "vpwl_0x0_11d0ux0" 2 1405, 2 52 0, S_0x555555847f60;
 .timescale 0 0;
    .port_info 0 /INOUT 1 "PLUS";
    .port_info 1 /INOUT 1 "MINUS";
v0x555555ac4200_0 .net "MINUS", 0 0, o0x7fffff25f0a8;  alias, 0 drivers
v0x555555ac42c0_0 .net8 "PLUS", 0 0, p0x7fffff26e1c8;  0 drivers, strength-aware
S_0x555555ac43e0 .scope module, "Xdatamap5_pwl_bit11" "vpwl_0x0_11d0ux0" 2 1410, 2 52 0, S_0x555555847f60;
 .timescale 0 0;
    .port_info 0 /INOUT 1 "PLUS";
    .port_info 1 /INOUT 1 "MINUS";
v0x555555ac4600_0 .net "MINUS", 0 0, o0x7fffff25f0a8;  alias, 0 drivers
v0x555555ac46c0_0 .net8 "PLUS", 0 0, p0x7fffff26e258;  0 drivers, strength-aware
S_0x555555ac47e0 .scope module, "Xdatamap5_pwl_bit12" "vpwl_0x0_11d0ux0" 2 1415, 2 52 0, S_0x555555847f60;
 .timescale 0 0;
    .port_info 0 /INOUT 1 "PLUS";
    .port_info 1 /INOUT 1 "MINUS";
v0x555555ac4a00_0 .net "MINUS", 0 0, o0x7fffff25f0a8;  alias, 0 drivers
v0x555555ac4ac0_0 .net8 "PLUS", 0 0, p0x7fffff26e2e8;  0 drivers, strength-aware
S_0x555555ac4be0 .scope module, "Xdatamap5_pwl_bit13" "vpwl_0x0_11d0ux0" 2 1420, 2 52 0, S_0x555555847f60;
 .timescale 0 0;
    .port_info 0 /INOUT 1 "PLUS";
    .port_info 1 /INOUT 1 "MINUS";
v0x555555ac4e00_0 .net "MINUS", 0 0, o0x7fffff25f0a8;  alias, 0 drivers
v0x555555ac4ec0_0 .net8 "PLUS", 0 0, p0x7fffff26e378;  0 drivers, strength-aware
S_0x555555ac4fe0 .scope module, "Xdatamap5_pwl_bit14" "vpwl_0x0_11d0ux0" 2 1425, 2 52 0, S_0x555555847f60;
 .timescale 0 0;
    .port_info 0 /INOUT 1 "PLUS";
    .port_info 1 /INOUT 1 "MINUS";
v0x555555ac5200_0 .net "MINUS", 0 0, o0x7fffff25f0a8;  alias, 0 drivers
v0x555555ac52c0_0 .net8 "PLUS", 0 0, p0x7fffff26e408;  0 drivers, strength-aware
S_0x555555ac53e0 .scope module, "Xdatamap5_pwl_bit15" "vpwl_0x0_11d0ux0" 2 1430, 2 52 0, S_0x555555847f60;
 .timescale 0 0;
    .port_info 0 /INOUT 1 "PLUS";
    .port_info 1 /INOUT 1 "MINUS";
v0x555555ac5600_0 .net "MINUS", 0 0, o0x7fffff25f0a8;  alias, 0 drivers
v0x555555ac56c0_0 .net8 "PLUS", 0 0, p0x7fffff26e498;  0 drivers, strength-aware
S_0x555555ac57e0 .scope module, "Xdatamap5_pwl_bit2" "vpwl_0x0_11d0ux0" 2 555, 2 52 0, S_0x555555847f60;
 .timescale 0 0;
    .port_info 0 /INOUT 1 "PLUS";
    .port_info 1 /INOUT 1 "MINUS";
v0x555555ac5a00_0 .net "MINUS", 0 0, o0x7fffff25f0a8;  alias, 0 drivers
v0x555555ac5ac0_0 .net8 "PLUS", 0 0, p0x7fffff26e528;  0 drivers, strength-aware
S_0x555555ac5be0 .scope module, "Xdatamap5_pwl_bit3" "vpwl_0x0_11d0ux0" 2 560, 2 52 0, S_0x555555847f60;
 .timescale 0 0;
    .port_info 0 /INOUT 1 "PLUS";
    .port_info 1 /INOUT 1 "MINUS";
v0x555555ac5e00_0 .net "MINUS", 0 0, o0x7fffff25f0a8;  alias, 0 drivers
v0x555555ac5ec0_0 .net8 "PLUS", 0 0, p0x7fffff26e5b8;  0 drivers, strength-aware
S_0x555555ac5fe0 .scope module, "Xdatamap5_pwl_bit4" "vpwl_0x0_11d0ux0" 2 565, 2 52 0, S_0x555555847f60;
 .timescale 0 0;
    .port_info 0 /INOUT 1 "PLUS";
    .port_info 1 /INOUT 1 "MINUS";
v0x555555ac6200_0 .net "MINUS", 0 0, o0x7fffff25f0a8;  alias, 0 drivers
v0x555555ac62c0_0 .net8 "PLUS", 0 0, p0x7fffff26e648;  0 drivers, strength-aware
S_0x555555ac63e0 .scope module, "Xdatamap5_pwl_bit5" "vpwl_0x0_11d0ux0" 2 570, 2 52 0, S_0x555555847f60;
 .timescale 0 0;
    .port_info 0 /INOUT 1 "PLUS";
    .port_info 1 /INOUT 1 "MINUS";
v0x555555ac6600_0 .net "MINUS", 0 0, o0x7fffff25f0a8;  alias, 0 drivers
v0x555555ac66c0_0 .net8 "PLUS", 0 0, p0x7fffff26e6d8;  0 drivers, strength-aware
S_0x555555ac67e0 .scope module, "Xdatamap5_pwl_bit6" "vpwl_0x0_11d0ux0" 2 575, 2 52 0, S_0x555555847f60;
 .timescale 0 0;
    .port_info 0 /INOUT 1 "PLUS";
    .port_info 1 /INOUT 1 "MINUS";
v0x555555ac6a00_0 .net "MINUS", 0 0, o0x7fffff25f0a8;  alias, 0 drivers
v0x555555ac6ac0_0 .net8 "PLUS", 0 0, p0x7fffff26e768;  0 drivers, strength-aware
S_0x555555ac6be0 .scope module, "Xdatamap5_pwl_bit7" "vpwl_0x0_11d0ux0" 2 580, 2 52 0, S_0x555555847f60;
 .timescale 0 0;
    .port_info 0 /INOUT 1 "PLUS";
    .port_info 1 /INOUT 1 "MINUS";
v0x555555ac6e00_0 .net "MINUS", 0 0, o0x7fffff25f0a8;  alias, 0 drivers
v0x555555ac6ec0_0 .net8 "PLUS", 0 0, p0x7fffff26e7f8;  0 drivers, strength-aware
S_0x555555ac6fe0 .scope module, "Xdatamap5_pwl_bit8" "vpwl_0x0_11d0ux0" 2 585, 2 52 0, S_0x555555847f60;
 .timescale 0 0;
    .port_info 0 /INOUT 1 "PLUS";
    .port_info 1 /INOUT 1 "MINUS";
v0x555555ac7200_0 .net "MINUS", 0 0, o0x7fffff25f0a8;  alias, 0 drivers
v0x555555ac72c0_0 .net8 "PLUS", 0 0, p0x7fffff26e888;  0 drivers, strength-aware
S_0x555555ac73e0 .scope module, "Xdatamap5_pwl_bit9" "vpwl_0x0_11d0ux0" 2 590, 2 52 0, S_0x555555847f60;
 .timescale 0 0;
    .port_info 0 /INOUT 1 "PLUS";
    .port_info 1 /INOUT 1 "MINUS";
v0x555555ac7600_0 .net "MINUS", 0 0, o0x7fffff25f0a8;  alias, 0 drivers
v0x555555ac76c0_0 .net8 "PLUS", 0 0, p0x7fffff26e918;  0 drivers, strength-aware
S_0x555555ac77e0 .scope module, "Xdatamap6_pwl_bit0" "vpwl_0x0_11d0ux0" 2 595, 2 52 0, S_0x555555847f60;
 .timescale 0 0;
    .port_info 0 /INOUT 1 "PLUS";
    .port_info 1 /INOUT 1 "MINUS";
v0x555555ac7a00_0 .net "MINUS", 0 0, o0x7fffff25f0a8;  alias, 0 drivers
v0x555555ac7ac0_0 .net8 "PLUS", 0 0, p0x7fffff26e9a8;  0 drivers, strength-aware
S_0x555555ac7be0 .scope module, "Xdatamap6_pwl_bit1" "vpwl_0x0_11d0ux0" 2 600, 2 52 0, S_0x555555847f60;
 .timescale 0 0;
    .port_info 0 /INOUT 1 "PLUS";
    .port_info 1 /INOUT 1 "MINUS";
v0x555555ac7e00_0 .net "MINUS", 0 0, o0x7fffff25f0a8;  alias, 0 drivers
v0x555555ac7ec0_0 .net8 "PLUS", 0 0, p0x7fffff26ea38;  0 drivers, strength-aware
S_0x555555ac7fe0 .scope module, "Xdatamap6_pwl_bit10" "vpwl_0x0_11d0ux0" 2 1435, 2 52 0, S_0x555555847f60;
 .timescale 0 0;
    .port_info 0 /INOUT 1 "PLUS";
    .port_info 1 /INOUT 1 "MINUS";
v0x555555ac8200_0 .net "MINUS", 0 0, o0x7fffff25f0a8;  alias, 0 drivers
v0x555555ac82c0_0 .net8 "PLUS", 0 0, p0x7fffff26eac8;  0 drivers, strength-aware
S_0x555555ac83e0 .scope module, "Xdatamap6_pwl_bit11" "vpwl_0x0_11d0ux0" 2 1440, 2 52 0, S_0x555555847f60;
 .timescale 0 0;
    .port_info 0 /INOUT 1 "PLUS";
    .port_info 1 /INOUT 1 "MINUS";
v0x555555ac8600_0 .net "MINUS", 0 0, o0x7fffff25f0a8;  alias, 0 drivers
v0x555555ac86c0_0 .net8 "PLUS", 0 0, p0x7fffff26eb58;  0 drivers, strength-aware
S_0x555555ac87e0 .scope module, "Xdatamap6_pwl_bit12" "vpwl_0x0_11d0ux0" 2 1445, 2 52 0, S_0x555555847f60;
 .timescale 0 0;
    .port_info 0 /INOUT 1 "PLUS";
    .port_info 1 /INOUT 1 "MINUS";
v0x555555ac8a00_0 .net "MINUS", 0 0, o0x7fffff25f0a8;  alias, 0 drivers
v0x555555ac8ac0_0 .net8 "PLUS", 0 0, p0x7fffff26ebe8;  0 drivers, strength-aware
S_0x555555ac8be0 .scope module, "Xdatamap6_pwl_bit13" "vpwl_0x0_11d0ux0" 2 1450, 2 52 0, S_0x555555847f60;
 .timescale 0 0;
    .port_info 0 /INOUT 1 "PLUS";
    .port_info 1 /INOUT 1 "MINUS";
v0x555555ac8e00_0 .net "MINUS", 0 0, o0x7fffff25f0a8;  alias, 0 drivers
v0x555555ac8ec0_0 .net8 "PLUS", 0 0, p0x7fffff26ec78;  0 drivers, strength-aware
S_0x555555ac8fe0 .scope module, "Xdatamap6_pwl_bit14" "vpwl_0x0_11d0ux0" 2 1455, 2 52 0, S_0x555555847f60;
 .timescale 0 0;
    .port_info 0 /INOUT 1 "PLUS";
    .port_info 1 /INOUT 1 "MINUS";
v0x555555ac9200_0 .net "MINUS", 0 0, o0x7fffff25f0a8;  alias, 0 drivers
v0x555555ac92c0_0 .net8 "PLUS", 0 0, p0x7fffff26ed08;  0 drivers, strength-aware
S_0x555555ac93e0 .scope module, "Xdatamap6_pwl_bit15" "vpwl_0x0_11d0ux0" 2 1460, 2 52 0, S_0x555555847f60;
 .timescale 0 0;
    .port_info 0 /INOUT 1 "PLUS";
    .port_info 1 /INOUT 1 "MINUS";
v0x555555ac9600_0 .net "MINUS", 0 0, o0x7fffff25f0a8;  alias, 0 drivers
v0x555555ac96c0_0 .net8 "PLUS", 0 0, p0x7fffff26ed98;  0 drivers, strength-aware
S_0x555555ac97e0 .scope module, "Xdatamap6_pwl_bit2" "vpwl_0x0_11d0ux0" 2 605, 2 52 0, S_0x555555847f60;
 .timescale 0 0;
    .port_info 0 /INOUT 1 "PLUS";
    .port_info 1 /INOUT 1 "MINUS";
v0x555555ac9a00_0 .net "MINUS", 0 0, o0x7fffff25f0a8;  alias, 0 drivers
v0x555555ac9ac0_0 .net8 "PLUS", 0 0, p0x7fffff26ee28;  0 drivers, strength-aware
S_0x555555ac9be0 .scope module, "Xdatamap6_pwl_bit3" "vpwl_0x0_11d0ux0" 2 610, 2 52 0, S_0x555555847f60;
 .timescale 0 0;
    .port_info 0 /INOUT 1 "PLUS";
    .port_info 1 /INOUT 1 "MINUS";
v0x555555ac9e00_0 .net "MINUS", 0 0, o0x7fffff25f0a8;  alias, 0 drivers
v0x555555ac9ec0_0 .net8 "PLUS", 0 0, p0x7fffff26eeb8;  0 drivers, strength-aware
S_0x555555ac9fe0 .scope module, "Xdatamap6_pwl_bit4" "vpwl_0x0_11d0ux0" 2 615, 2 52 0, S_0x555555847f60;
 .timescale 0 0;
    .port_info 0 /INOUT 1 "PLUS";
    .port_info 1 /INOUT 1 "MINUS";
v0x555555aca200_0 .net "MINUS", 0 0, o0x7fffff25f0a8;  alias, 0 drivers
v0x555555aca2c0_0 .net8 "PLUS", 0 0, p0x7fffff26ef48;  0 drivers, strength-aware
S_0x555555aca3e0 .scope module, "Xdatamap6_pwl_bit5" "vpwl_0x0_11d0ux0" 2 620, 2 52 0, S_0x555555847f60;
 .timescale 0 0;
    .port_info 0 /INOUT 1 "PLUS";
    .port_info 1 /INOUT 1 "MINUS";
v0x555555aca600_0 .net "MINUS", 0 0, o0x7fffff25f0a8;  alias, 0 drivers
v0x555555aca6c0_0 .net8 "PLUS", 0 0, p0x7fffff26efd8;  0 drivers, strength-aware
S_0x555555aca7e0 .scope module, "Xdatamap6_pwl_bit6" "vpwl_0x0_11d0ux0" 2 625, 2 52 0, S_0x555555847f60;
 .timescale 0 0;
    .port_info 0 /INOUT 1 "PLUS";
    .port_info 1 /INOUT 1 "MINUS";
v0x555555acaa00_0 .net "MINUS", 0 0, o0x7fffff25f0a8;  alias, 0 drivers
v0x555555acaac0_0 .net8 "PLUS", 0 0, p0x7fffff26f068;  0 drivers, strength-aware
S_0x555555acabe0 .scope module, "Xdatamap6_pwl_bit7" "vpwl_0x0_11d0ux0" 2 630, 2 52 0, S_0x555555847f60;
 .timescale 0 0;
    .port_info 0 /INOUT 1 "PLUS";
    .port_info 1 /INOUT 1 "MINUS";
v0x555555acae00_0 .net "MINUS", 0 0, o0x7fffff25f0a8;  alias, 0 drivers
v0x555555acaec0_0 .net8 "PLUS", 0 0, p0x7fffff26f0f8;  0 drivers, strength-aware
S_0x555555acafe0 .scope module, "Xdatamap6_pwl_bit8" "vpwl_0x0_11d0ux0" 2 635, 2 52 0, S_0x555555847f60;
 .timescale 0 0;
    .port_info 0 /INOUT 1 "PLUS";
    .port_info 1 /INOUT 1 "MINUS";
v0x555555acb200_0 .net "MINUS", 0 0, o0x7fffff25f0a8;  alias, 0 drivers
v0x555555acb2c0_0 .net8 "PLUS", 0 0, p0x7fffff26f188;  0 drivers, strength-aware
S_0x555555acb3e0 .scope module, "Xdatamap6_pwl_bit9" "vpwl_0x0_11d0ux0" 2 640, 2 52 0, S_0x555555847f60;
 .timescale 0 0;
    .port_info 0 /INOUT 1 "PLUS";
    .port_info 1 /INOUT 1 "MINUS";
v0x555555acb600_0 .net "MINUS", 0 0, o0x7fffff25f0a8;  alias, 0 drivers
v0x555555acb6c0_0 .net8 "PLUS", 0 0, p0x7fffff26f218;  0 drivers, strength-aware
S_0x555555acb7e0 .scope module, "Xdatamap7_pwl_bit0" "vpwl_0x0_11d0ux0" 2 645, 2 52 0, S_0x555555847f60;
 .timescale 0 0;
    .port_info 0 /INOUT 1 "PLUS";
    .port_info 1 /INOUT 1 "MINUS";
v0x555555acba00_0 .net "MINUS", 0 0, o0x7fffff25f0a8;  alias, 0 drivers
v0x555555acbac0_0 .net8 "PLUS", 0 0, p0x7fffff26f2a8;  0 drivers, strength-aware
S_0x555555acbbe0 .scope module, "Xdatamap7_pwl_bit1" "vpwl_0x0_11d0ux0" 2 650, 2 52 0, S_0x555555847f60;
 .timescale 0 0;
    .port_info 0 /INOUT 1 "PLUS";
    .port_info 1 /INOUT 1 "MINUS";
v0x555555acbe00_0 .net "MINUS", 0 0, o0x7fffff25f0a8;  alias, 0 drivers
v0x555555acbec0_0 .net8 "PLUS", 0 0, p0x7fffff26f338;  0 drivers, strength-aware
S_0x555555acbfe0 .scope module, "Xdatamap7_pwl_bit10" "vpwl_0x0_11d0ux0" 2 1465, 2 52 0, S_0x555555847f60;
 .timescale 0 0;
    .port_info 0 /INOUT 1 "PLUS";
    .port_info 1 /INOUT 1 "MINUS";
v0x555555acc200_0 .net "MINUS", 0 0, o0x7fffff25f0a8;  alias, 0 drivers
v0x555555acc2c0_0 .net8 "PLUS", 0 0, p0x7fffff26f3c8;  0 drivers, strength-aware
S_0x555555acc3e0 .scope module, "Xdatamap7_pwl_bit11" "vpwl_0x0_11d0ux0" 2 1470, 2 52 0, S_0x555555847f60;
 .timescale 0 0;
    .port_info 0 /INOUT 1 "PLUS";
    .port_info 1 /INOUT 1 "MINUS";
v0x555555acc600_0 .net "MINUS", 0 0, o0x7fffff25f0a8;  alias, 0 drivers
v0x555555acc6c0_0 .net8 "PLUS", 0 0, p0x7fffff26f458;  0 drivers, strength-aware
S_0x555555acc7e0 .scope module, "Xdatamap7_pwl_bit12" "vpwl_0x0_11d0ux0" 2 1475, 2 52 0, S_0x555555847f60;
 .timescale 0 0;
    .port_info 0 /INOUT 1 "PLUS";
    .port_info 1 /INOUT 1 "MINUS";
v0x555555acca00_0 .net "MINUS", 0 0, o0x7fffff25f0a8;  alias, 0 drivers
v0x555555accac0_0 .net8 "PLUS", 0 0, p0x7fffff26f4e8;  0 drivers, strength-aware
S_0x555555accbe0 .scope module, "Xdatamap7_pwl_bit13" "vpwl_0x0_11d0ux0" 2 1480, 2 52 0, S_0x555555847f60;
 .timescale 0 0;
    .port_info 0 /INOUT 1 "PLUS";
    .port_info 1 /INOUT 1 "MINUS";
v0x555555acce00_0 .net "MINUS", 0 0, o0x7fffff25f0a8;  alias, 0 drivers
v0x555555accec0_0 .net8 "PLUS", 0 0, p0x7fffff26f578;  0 drivers, strength-aware
S_0x555555accfe0 .scope module, "Xdatamap7_pwl_bit14" "vpwl_0x0_11d0ux0" 2 1485, 2 52 0, S_0x555555847f60;
 .timescale 0 0;
    .port_info 0 /INOUT 1 "PLUS";
    .port_info 1 /INOUT 1 "MINUS";
v0x555555acd200_0 .net "MINUS", 0 0, o0x7fffff25f0a8;  alias, 0 drivers
v0x555555acd2c0_0 .net8 "PLUS", 0 0, p0x7fffff26f608;  0 drivers, strength-aware
S_0x555555acd3e0 .scope module, "Xdatamap7_pwl_bit15" "vpwl_0x0_11d0ux0" 2 1490, 2 52 0, S_0x555555847f60;
 .timescale 0 0;
    .port_info 0 /INOUT 1 "PLUS";
    .port_info 1 /INOUT 1 "MINUS";
v0x555555acd600_0 .net "MINUS", 0 0, o0x7fffff25f0a8;  alias, 0 drivers
v0x555555acd6c0_0 .net8 "PLUS", 0 0, p0x7fffff26f698;  0 drivers, strength-aware
S_0x555555acd7e0 .scope module, "Xdatamap7_pwl_bit2" "vpwl_0x0_11d0ux0" 2 655, 2 52 0, S_0x555555847f60;
 .timescale 0 0;
    .port_info 0 /INOUT 1 "PLUS";
    .port_info 1 /INOUT 1 "MINUS";
v0x555555acda00_0 .net "MINUS", 0 0, o0x7fffff25f0a8;  alias, 0 drivers
v0x555555acdac0_0 .net8 "PLUS", 0 0, p0x7fffff26f728;  0 drivers, strength-aware
S_0x555555acdbe0 .scope module, "Xdatamap7_pwl_bit3" "vpwl_0x0_11d0ux0" 2 660, 2 52 0, S_0x555555847f60;
 .timescale 0 0;
    .port_info 0 /INOUT 1 "PLUS";
    .port_info 1 /INOUT 1 "MINUS";
v0x555555acde00_0 .net "MINUS", 0 0, o0x7fffff25f0a8;  alias, 0 drivers
v0x555555acdec0_0 .net8 "PLUS", 0 0, p0x7fffff26f7b8;  0 drivers, strength-aware
S_0x555555acdfe0 .scope module, "Xdatamap7_pwl_bit4" "vpwl_0x0_11d0ux0" 2 665, 2 52 0, S_0x555555847f60;
 .timescale 0 0;
    .port_info 0 /INOUT 1 "PLUS";
    .port_info 1 /INOUT 1 "MINUS";
v0x555555ace200_0 .net "MINUS", 0 0, o0x7fffff25f0a8;  alias, 0 drivers
v0x555555ace2c0_0 .net8 "PLUS", 0 0, p0x7fffff26f848;  0 drivers, strength-aware
S_0x555555ace3e0 .scope module, "Xdatamap7_pwl_bit5" "vpwl_0x0_11d0ux0" 2 670, 2 52 0, S_0x555555847f60;
 .timescale 0 0;
    .port_info 0 /INOUT 1 "PLUS";
    .port_info 1 /INOUT 1 "MINUS";
v0x555555ace600_0 .net "MINUS", 0 0, o0x7fffff25f0a8;  alias, 0 drivers
v0x555555ace6c0_0 .net8 "PLUS", 0 0, p0x7fffff26f8d8;  0 drivers, strength-aware
S_0x555555ace7e0 .scope module, "Xdatamap7_pwl_bit6" "vpwl_0x0_11d0ux0" 2 675, 2 52 0, S_0x555555847f60;
 .timescale 0 0;
    .port_info 0 /INOUT 1 "PLUS";
    .port_info 1 /INOUT 1 "MINUS";
v0x555555acea00_0 .net "MINUS", 0 0, o0x7fffff25f0a8;  alias, 0 drivers
v0x555555aceac0_0 .net8 "PLUS", 0 0, p0x7fffff26f968;  0 drivers, strength-aware
S_0x555555acebe0 .scope module, "Xdatamap7_pwl_bit7" "vpwl_0x0_11d0ux0" 2 680, 2 52 0, S_0x555555847f60;
 .timescale 0 0;
    .port_info 0 /INOUT 1 "PLUS";
    .port_info 1 /INOUT 1 "MINUS";
v0x555555acee00_0 .net "MINUS", 0 0, o0x7fffff25f0a8;  alias, 0 drivers
v0x555555aceec0_0 .net8 "PLUS", 0 0, p0x7fffff26f9f8;  0 drivers, strength-aware
S_0x555555acefe0 .scope module, "Xdatamap7_pwl_bit8" "vpwl_0x0_11d0ux0" 2 685, 2 52 0, S_0x555555847f60;
 .timescale 0 0;
    .port_info 0 /INOUT 1 "PLUS";
    .port_info 1 /INOUT 1 "MINUS";
v0x555555acf200_0 .net "MINUS", 0 0, o0x7fffff25f0a8;  alias, 0 drivers
v0x555555acf2c0_0 .net8 "PLUS", 0 0, p0x7fffff26fa88;  0 drivers, strength-aware
S_0x555555acf3e0 .scope module, "Xdatamap7_pwl_bit9" "vpwl_0x0_11d0ux0" 2 690, 2 52 0, S_0x555555847f60;
 .timescale 0 0;
    .port_info 0 /INOUT 1 "PLUS";
    .port_info 1 /INOUT 1 "MINUS";
v0x555555acf600_0 .net "MINUS", 0 0, o0x7fffff25f0a8;  alias, 0 drivers
v0x555555acf6c0_0 .net8 "PLUS", 0 0, p0x7fffff26fb18;  0 drivers, strength-aware
S_0x555555acf7e0 .scope module, "Xdatamap8_pwl_bit0" "vpwl_0x0_11d0ux0" 2 695, 2 52 0, S_0x555555847f60;
 .timescale 0 0;
    .port_info 0 /INOUT 1 "PLUS";
    .port_info 1 /INOUT 1 "MINUS";
v0x555555acfa00_0 .net "MINUS", 0 0, o0x7fffff25f0a8;  alias, 0 drivers
v0x555555acfac0_0 .net8 "PLUS", 0 0, p0x7fffff26fba8;  0 drivers, strength-aware
S_0x555555acfbe0 .scope module, "Xdatamap8_pwl_bit1" "vpwl_0x0_11d0ux0" 2 700, 2 52 0, S_0x555555847f60;
 .timescale 0 0;
    .port_info 0 /INOUT 1 "PLUS";
    .port_info 1 /INOUT 1 "MINUS";
v0x555555acfe00_0 .net "MINUS", 0 0, o0x7fffff25f0a8;  alias, 0 drivers
v0x555555acfec0_0 .net8 "PLUS", 0 0, p0x7fffff26fc38;  0 drivers, strength-aware
S_0x555555acffe0 .scope module, "Xdatamap8_pwl_bit10" "vpwl_0x0_11d0ux0" 2 1495, 2 52 0, S_0x555555847f60;
 .timescale 0 0;
    .port_info 0 /INOUT 1 "PLUS";
    .port_info 1 /INOUT 1 "MINUS";
v0x555555ad0200_0 .net "MINUS", 0 0, o0x7fffff25f0a8;  alias, 0 drivers
v0x555555ad02c0_0 .net8 "PLUS", 0 0, p0x7fffff26fcc8;  0 drivers, strength-aware
S_0x555555ad03e0 .scope module, "Xdatamap8_pwl_bit11" "vpwl_0x0_11d0ux0" 2 1500, 2 52 0, S_0x555555847f60;
 .timescale 0 0;
    .port_info 0 /INOUT 1 "PLUS";
    .port_info 1 /INOUT 1 "MINUS";
v0x555555ad0600_0 .net "MINUS", 0 0, o0x7fffff25f0a8;  alias, 0 drivers
v0x555555ad06c0_0 .net8 "PLUS", 0 0, p0x7fffff26fd58;  0 drivers, strength-aware
S_0x555555ad07e0 .scope module, "Xdatamap8_pwl_bit12" "vpwl_0x0_11d0ux0" 2 1505, 2 52 0, S_0x555555847f60;
 .timescale 0 0;
    .port_info 0 /INOUT 1 "PLUS";
    .port_info 1 /INOUT 1 "MINUS";
v0x555555ad0a00_0 .net "MINUS", 0 0, o0x7fffff25f0a8;  alias, 0 drivers
v0x555555ad0ac0_0 .net8 "PLUS", 0 0, p0x7fffff26fde8;  0 drivers, strength-aware
S_0x555555ad0be0 .scope module, "Xdatamap8_pwl_bit13" "vpwl_0x0_11d0ux0" 2 1510, 2 52 0, S_0x555555847f60;
 .timescale 0 0;
    .port_info 0 /INOUT 1 "PLUS";
    .port_info 1 /INOUT 1 "MINUS";
v0x555555ad0e00_0 .net "MINUS", 0 0, o0x7fffff25f0a8;  alias, 0 drivers
v0x555555ad0ec0_0 .net8 "PLUS", 0 0, p0x7fffff26fe78;  0 drivers, strength-aware
S_0x555555ad0fe0 .scope module, "Xdatamap8_pwl_bit14" "vpwl_0x0_11d0ux0" 2 1515, 2 52 0, S_0x555555847f60;
 .timescale 0 0;
    .port_info 0 /INOUT 1 "PLUS";
    .port_info 1 /INOUT 1 "MINUS";
v0x555555ad1200_0 .net "MINUS", 0 0, o0x7fffff25f0a8;  alias, 0 drivers
v0x555555ad12c0_0 .net8 "PLUS", 0 0, p0x7fffff26ff08;  0 drivers, strength-aware
S_0x555555ad13e0 .scope module, "Xdatamap8_pwl_bit15" "vpwl_0x0_11d0ux0" 2 1520, 2 52 0, S_0x555555847f60;
 .timescale 0 0;
    .port_info 0 /INOUT 1 "PLUS";
    .port_info 1 /INOUT 1 "MINUS";
v0x555555ad1600_0 .net "MINUS", 0 0, o0x7fffff25f0a8;  alias, 0 drivers
v0x555555ad16c0_0 .net8 "PLUS", 0 0, p0x7fffff26ff98;  0 drivers, strength-aware
S_0x555555ad17e0 .scope module, "Xdatamap8_pwl_bit2" "vpwl_0x0_11d0ux0" 2 705, 2 52 0, S_0x555555847f60;
 .timescale 0 0;
    .port_info 0 /INOUT 1 "PLUS";
    .port_info 1 /INOUT 1 "MINUS";
v0x555555ad1a00_0 .net "MINUS", 0 0, o0x7fffff25f0a8;  alias, 0 drivers
v0x555555ad1ac0_0 .net8 "PLUS", 0 0, p0x7fffff270028;  0 drivers, strength-aware
S_0x555555ad1be0 .scope module, "Xdatamap8_pwl_bit3" "vpwl_0x0_11d0ux0" 2 710, 2 52 0, S_0x555555847f60;
 .timescale 0 0;
    .port_info 0 /INOUT 1 "PLUS";
    .port_info 1 /INOUT 1 "MINUS";
v0x555555ad1e00_0 .net "MINUS", 0 0, o0x7fffff25f0a8;  alias, 0 drivers
v0x555555ad1ec0_0 .net8 "PLUS", 0 0, p0x7fffff2700b8;  0 drivers, strength-aware
S_0x555555ad1fe0 .scope module, "Xdatamap8_pwl_bit4" "vpwl_0x0_11d0ux0" 2 715, 2 52 0, S_0x555555847f60;
 .timescale 0 0;
    .port_info 0 /INOUT 1 "PLUS";
    .port_info 1 /INOUT 1 "MINUS";
v0x555555ad2200_0 .net "MINUS", 0 0, o0x7fffff25f0a8;  alias, 0 drivers
v0x555555ad22c0_0 .net8 "PLUS", 0 0, p0x7fffff270148;  0 drivers, strength-aware
S_0x555555ad23e0 .scope module, "Xdatamap8_pwl_bit5" "vpwl_0x0_11d0ux0" 2 720, 2 52 0, S_0x555555847f60;
 .timescale 0 0;
    .port_info 0 /INOUT 1 "PLUS";
    .port_info 1 /INOUT 1 "MINUS";
v0x555555ad2600_0 .net "MINUS", 0 0, o0x7fffff25f0a8;  alias, 0 drivers
v0x555555ad26c0_0 .net8 "PLUS", 0 0, p0x7fffff2701d8;  0 drivers, strength-aware
S_0x555555ad27e0 .scope module, "Xdatamap8_pwl_bit6" "vpwl_0x0_11d0ux0" 2 725, 2 52 0, S_0x555555847f60;
 .timescale 0 0;
    .port_info 0 /INOUT 1 "PLUS";
    .port_info 1 /INOUT 1 "MINUS";
v0x555555ad2a00_0 .net "MINUS", 0 0, o0x7fffff25f0a8;  alias, 0 drivers
v0x555555ad2ac0_0 .net8 "PLUS", 0 0, p0x7fffff270268;  0 drivers, strength-aware
S_0x555555ad2be0 .scope module, "Xdatamap8_pwl_bit7" "vpwl_0x0_11d0ux0" 2 730, 2 52 0, S_0x555555847f60;
 .timescale 0 0;
    .port_info 0 /INOUT 1 "PLUS";
    .port_info 1 /INOUT 1 "MINUS";
v0x555555ad2e00_0 .net "MINUS", 0 0, o0x7fffff25f0a8;  alias, 0 drivers
v0x555555ad2ec0_0 .net8 "PLUS", 0 0, p0x7fffff2702f8;  0 drivers, strength-aware
S_0x555555ad2fe0 .scope module, "Xdatamap8_pwl_bit8" "vpwl_0x0_11d0ux0" 2 735, 2 52 0, S_0x555555847f60;
 .timescale 0 0;
    .port_info 0 /INOUT 1 "PLUS";
    .port_info 1 /INOUT 1 "MINUS";
v0x555555ad3200_0 .net "MINUS", 0 0, o0x7fffff25f0a8;  alias, 0 drivers
v0x555555ad32c0_0 .net8 "PLUS", 0 0, p0x7fffff270388;  0 drivers, strength-aware
S_0x555555ad33e0 .scope module, "Xdatamap8_pwl_bit9" "vpwl_0x0_11d0ux0" 2 740, 2 52 0, S_0x555555847f60;
 .timescale 0 0;
    .port_info 0 /INOUT 1 "PLUS";
    .port_info 1 /INOUT 1 "MINUS";
v0x555555ad3600_0 .net "MINUS", 0 0, o0x7fffff25f0a8;  alias, 0 drivers
v0x555555ad36c0_0 .net8 "PLUS", 0 0, p0x7fffff270418;  0 drivers, strength-aware
S_0x555555ad37e0 .scope module, "Xdatamap9_pwl_bit0" "vpwl_0x0_11d0ux0" 2 745, 2 52 0, S_0x555555847f60;
 .timescale 0 0;
    .port_info 0 /INOUT 1 "PLUS";
    .port_info 1 /INOUT 1 "MINUS";
v0x555555ad3a00_0 .net "MINUS", 0 0, o0x7fffff25f0a8;  alias, 0 drivers
v0x555555ad3ac0_0 .net8 "PLUS", 0 0, p0x7fffff2704a8;  0 drivers, strength-aware
S_0x555555ad3be0 .scope module, "Xdatamap9_pwl_bit1" "vpwl_0x0_11d0ux0" 2 750, 2 52 0, S_0x555555847f60;
 .timescale 0 0;
    .port_info 0 /INOUT 1 "PLUS";
    .port_info 1 /INOUT 1 "MINUS";
v0x555555ad3e00_0 .net "MINUS", 0 0, o0x7fffff25f0a8;  alias, 0 drivers
v0x555555ad3ec0_0 .net8 "PLUS", 0 0, p0x7fffff270538;  0 drivers, strength-aware
S_0x555555ad3fe0 .scope module, "Xdatamap9_pwl_bit10" "vpwl_0x0_11d0ux0" 2 1525, 2 52 0, S_0x555555847f60;
 .timescale 0 0;
    .port_info 0 /INOUT 1 "PLUS";
    .port_info 1 /INOUT 1 "MINUS";
v0x555555ad4200_0 .net "MINUS", 0 0, o0x7fffff25f0a8;  alias, 0 drivers
v0x555555ad42c0_0 .net8 "PLUS", 0 0, p0x7fffff2705c8;  0 drivers, strength-aware
S_0x555555ad43e0 .scope module, "Xdatamap9_pwl_bit11" "vpwl_0x0_11d0ux0" 2 1530, 2 52 0, S_0x555555847f60;
 .timescale 0 0;
    .port_info 0 /INOUT 1 "PLUS";
    .port_info 1 /INOUT 1 "MINUS";
v0x555555ad4600_0 .net "MINUS", 0 0, o0x7fffff25f0a8;  alias, 0 drivers
v0x555555ad46c0_0 .net8 "PLUS", 0 0, p0x7fffff270658;  0 drivers, strength-aware
S_0x555555ad47e0 .scope module, "Xdatamap9_pwl_bit12" "vpwl_0x0_11d0ux0" 2 1535, 2 52 0, S_0x555555847f60;
 .timescale 0 0;
    .port_info 0 /INOUT 1 "PLUS";
    .port_info 1 /INOUT 1 "MINUS";
v0x555555ad4a00_0 .net "MINUS", 0 0, o0x7fffff25f0a8;  alias, 0 drivers
v0x555555ad4ac0_0 .net8 "PLUS", 0 0, p0x7fffff2706e8;  0 drivers, strength-aware
S_0x555555ad4be0 .scope module, "Xdatamap9_pwl_bit13" "vpwl_0x0_11d0ux0" 2 1540, 2 52 0, S_0x555555847f60;
 .timescale 0 0;
    .port_info 0 /INOUT 1 "PLUS";
    .port_info 1 /INOUT 1 "MINUS";
v0x555555ad4e00_0 .net "MINUS", 0 0, o0x7fffff25f0a8;  alias, 0 drivers
v0x555555ad4ec0_0 .net8 "PLUS", 0 0, p0x7fffff270778;  0 drivers, strength-aware
S_0x555555ad4fe0 .scope module, "Xdatamap9_pwl_bit14" "vpwl_0x0_11d0ux0" 2 1545, 2 52 0, S_0x555555847f60;
 .timescale 0 0;
    .port_info 0 /INOUT 1 "PLUS";
    .port_info 1 /INOUT 1 "MINUS";
v0x555555ad5200_0 .net "MINUS", 0 0, o0x7fffff25f0a8;  alias, 0 drivers
v0x555555ad52c0_0 .net8 "PLUS", 0 0, p0x7fffff270808;  0 drivers, strength-aware
S_0x555555ad53e0 .scope module, "Xdatamap9_pwl_bit15" "vpwl_0x0_11d0ux0" 2 1550, 2 52 0, S_0x555555847f60;
 .timescale 0 0;
    .port_info 0 /INOUT 1 "PLUS";
    .port_info 1 /INOUT 1 "MINUS";
v0x555555ad5600_0 .net "MINUS", 0 0, o0x7fffff25f0a8;  alias, 0 drivers
v0x555555ad56c0_0 .net8 "PLUS", 0 0, p0x7fffff270898;  0 drivers, strength-aware
S_0x555555ad57e0 .scope module, "Xdatamap9_pwl_bit2" "vpwl_0x0_11d0ux0" 2 755, 2 52 0, S_0x555555847f60;
 .timescale 0 0;
    .port_info 0 /INOUT 1 "PLUS";
    .port_info 1 /INOUT 1 "MINUS";
v0x555555ad5a00_0 .net "MINUS", 0 0, o0x7fffff25f0a8;  alias, 0 drivers
v0x555555ad5ac0_0 .net8 "PLUS", 0 0, p0x7fffff270928;  0 drivers, strength-aware
S_0x555555ad5be0 .scope module, "Xdatamap9_pwl_bit3" "vpwl_0x0_11d0ux0" 2 760, 2 52 0, S_0x555555847f60;
 .timescale 0 0;
    .port_info 0 /INOUT 1 "PLUS";
    .port_info 1 /INOUT 1 "MINUS";
v0x555555ad5e00_0 .net "MINUS", 0 0, o0x7fffff25f0a8;  alias, 0 drivers
v0x555555ad5ec0_0 .net8 "PLUS", 0 0, p0x7fffff2709b8;  0 drivers, strength-aware
S_0x555555ad5fe0 .scope module, "Xdatamap9_pwl_bit4" "vpwl_0x0_11d0ux0" 2 765, 2 52 0, S_0x555555847f60;
 .timescale 0 0;
    .port_info 0 /INOUT 1 "PLUS";
    .port_info 1 /INOUT 1 "MINUS";
v0x555555ad6200_0 .net "MINUS", 0 0, o0x7fffff25f0a8;  alias, 0 drivers
v0x555555ad62c0_0 .net8 "PLUS", 0 0, p0x7fffff270a48;  0 drivers, strength-aware
S_0x555555ad63e0 .scope module, "Xdatamap9_pwl_bit5" "vpwl_0x0_11d0ux0" 2 770, 2 52 0, S_0x555555847f60;
 .timescale 0 0;
    .port_info 0 /INOUT 1 "PLUS";
    .port_info 1 /INOUT 1 "MINUS";
v0x555555ad6600_0 .net "MINUS", 0 0, o0x7fffff25f0a8;  alias, 0 drivers
v0x555555ad66c0_0 .net8 "PLUS", 0 0, p0x7fffff270ad8;  0 drivers, strength-aware
S_0x555555ad67e0 .scope module, "Xdatamap9_pwl_bit6" "vpwl_0x0_11d0ux0" 2 775, 2 52 0, S_0x555555847f60;
 .timescale 0 0;
    .port_info 0 /INOUT 1 "PLUS";
    .port_info 1 /INOUT 1 "MINUS";
v0x555555ad6a00_0 .net "MINUS", 0 0, o0x7fffff25f0a8;  alias, 0 drivers
v0x555555ad6ac0_0 .net8 "PLUS", 0 0, p0x7fffff270b68;  0 drivers, strength-aware
S_0x555555ad6be0 .scope module, "Xdatamap9_pwl_bit7" "vpwl_0x0_11d0ux0" 2 780, 2 52 0, S_0x555555847f60;
 .timescale 0 0;
    .port_info 0 /INOUT 1 "PLUS";
    .port_info 1 /INOUT 1 "MINUS";
v0x555555ad6e00_0 .net "MINUS", 0 0, o0x7fffff25f0a8;  alias, 0 drivers
v0x555555ad6ec0_0 .net8 "PLUS", 0 0, p0x7fffff270bf8;  0 drivers, strength-aware
S_0x555555ad6fe0 .scope module, "Xdatamap9_pwl_bit8" "vpwl_0x0_11d0ux0" 2 785, 2 52 0, S_0x555555847f60;
 .timescale 0 0;
    .port_info 0 /INOUT 1 "PLUS";
    .port_info 1 /INOUT 1 "MINUS";
v0x555555ad7200_0 .net "MINUS", 0 0, o0x7fffff25f0a8;  alias, 0 drivers
v0x555555ad72c0_0 .net8 "PLUS", 0 0, p0x7fffff270c88;  0 drivers, strength-aware
S_0x555555ad73e0 .scope module, "Xdatamap9_pwl_bit9" "vpwl_0x0_11d0ux0" 2 790, 2 52 0, S_0x555555847f60;
 .timescale 0 0;
    .port_info 0 /INOUT 1 "PLUS";
    .port_info 1 /INOUT 1 "MINUS";
v0x555555ad7600_0 .net "MINUS", 0 0, o0x7fffff25f0a8;  alias, 0 drivers
v0x555555ad76c0_0 .net8 "PLUS", 0 0, p0x7fffff270d18;  0 drivers, strength-aware
# The file index is used to find the file name in the following table.
:file_names 3;
    "N/A";
    "<interactive>";
    "/celera/projects/Sunnyvale/software/LIMITERpuget/verilog10/FORCE_LIMITERpuget.v";
